Business Name,Contact Person,Phone Number,Location,Google Rating,Review Count,Profile Claimed?,Google Maps URL,Website URL
Niyatma Resort Wayanad by VOYE HOMES,,070127 27937,,4.4,1119,Unknown,https://www.google.com/maps/place/Niyatma+Resort+Wayanad+by+VOYE+HOMES/data=!4m10!3m9!1s0x3ba60b697d6d6c9f:0x16f21fdf612bfae5!5m2!4m1!1i2!8m2!3d11.6475353!4d76.1051613!16s%2Fg%2F11fhqkspvn!19sChIJn2xtfWkLpjsR5forYd8f8hY?authuser=0&hl=en&rclk=1,https://www.niyatmaresort.com/
Kings Flora Organic Farm Resort,,099461 00068,,4.6,491,Unknown,https://www.google.com/maps/place/Kings+Flora+Organic+Farm+Resort/data=!4m10!3m9!1s0x3ba6746938783339:0x598282137a90c3ef!5m2!4m1!1i2!8m2!3d11.6525106!4d76.022124!16s%2Fg%2F12611sptb!19sChIJOTN4OGl0pjsR78OQehOCglk?authuser=0&hl=en&rclk=1,https://livikhospitality.com/kings-flora-resort/
Aalterra Resort by The Almanac,,089213 17552,,4.8,918,Unknown,https://www.google.com/maps/place/Aalterra+Resort+by+The+Almanac/data=!4m10!3m9!1s0x3ba675f04882525f:0xb95468ae6651f25b!5m2!4m1!1i2!8m2!3d11.6520968!4d76.0363958!16s%2Fg%2F11r_pqxjw6!19sChIJX1KCSPB1pjsRW_JRZq5oVLk?authuser=0&hl=en&rclk=1,http://www.aalterraresort.com/
Black Forest Wayanad,,096564 99644,,4.2,662,No,https://www.google.com/maps/place/Black+Forest+Wayanad/data=!4m10!3m9!1s0x3ba5e1266ca1af2f:0x10455dcef3392a1!5m2!4m1!1i2!8m2!3d11.7306224!4d76.141654!16s%2Fg%2F11f60wkj39!19sChIJL6-hbCbhpTsRoZIz79xVBAE?authuser=0&hl=en&rclk=1,https://blackforestwayanad.com/
Hiliya Resort Wayanad,,099466 08800,,4.3,691,Unknown,https://www.google.com/maps/place/Hiliya+Resort+Wayanad/data=!4m10!3m9!1s0x3ba60a76aaaaaaab:0xbbf7099f3cd0d547!5m2!4m1!1i2!8m2!3d11.734639!4d76.142899!16s%2Fg%2F1tdqfxj8!19sChIJq6qqqnYKpjsRR9XQPJ8J97s?authuser=0&hl=en&rclk=1,http://www.hiliyaresort.com/
GReaT trails Wayanad by GRT Hotels,,080 6925 0555,,4.8,1684,Unknown,https://www.google.com/maps/place/GReaT+trails+Wayanad+by+GRT+Hotels/data=!4m10!3m9!1s0x3ba673c13f6d89e1:0x4cc65705f1b9a5b!5m2!4m1!1i2!8m2!3d11.6305099!4d76.0170406!16s%2Fg%2F11qh92f_r3!19sChIJ4YltP8FzpjsRW5obX3BlzAQ?authuser=0&hl=en&rclk=1,http://grthotels.com/wayanad
Coffee Greens Resort Wayanad,,070346 80007,,4.7,899,Unknown,https://www.google.com/maps/place/Coffee+Greens+Resort+Wayanad/data=!4m10!3m9!1s0x3ba60b74a212561d:0xbeb51b8d71b95d1a!5m2!4m1!1i2!8m2!3d11.66254!4d76.1213862!16s%2Fg%2F11h5w94qnm!19sChIJHVYSonQLpjsRGl25cY0btb4?authuser=0&hl=en&rclk=1,https://coffeegreensresort.com/
Cybele Hill Resort,,097441 24835,,4.5,879,Unknown,https://www.google.com/maps/place/Cybele+Hill+Resort/data=!4m10!3m9!1s0x3ba60c88158b4b7d:0x8daf43d3b4e477e4!5m2!4m1!1i2!8m2!3d11.6309347!4d76.1259213!16s%2Fg%2F1td28s37!19sChIJfUuLFYgMpjsR5HfktNNDr40?authuser=0&hl=en&rclk=1,http://wayanadcybelehillresorts.com/
Mountain Pond Resort,,075107 87272,,4.4,398,Unknown,https://www.google.com/maps/place/Mountain+Pond+Resort/data=!4m10!3m9!1s0x3ba5e19dac4e3c4b:0x83e3545ba2717c07!5m2!4m1!1i2!8m2!3d11.702199!4d76.0219405!16s%2Fg%2F11tjl_ncgb!19sChIJSzxOrJ3hpTsRB3xxoltU44M?authuser=0&hl=en&rclk=1,https://www.mountainpondresort.com/
MARYLAND HOLIDAY RESORT WAYANAD BY VOYE HOMES,,070128 85450,,4.9,105,Unknown,https://www.google.com/maps/place/MARYLAND+HOLIDAY+RESORT+WAYANAD+BY+VOYE+HOMES/data=!4m10!3m9!1s0x3ba60b2fcd2bc541:0xf0c2f525d36e7e3d!5m2!4m1!1i2!8m2!3d11.6621148!4d76.1142276!16s%2Fg%2F11yjlzmpzy!19sChIJQcUrzS8LpjsRPX5u0yX1wvA?authuser=0&hl=en&rclk=1,https://voyehomes.com/maryland-holiday-best-resort-in-wayanad-uyk
River Valley Huts Wayanad,,085901 67416,,4.6,70,Unknown,https://www.google.com/maps/place/River+Valley+Huts+Wayanad/data=!4m10!3m9!1s0x3ba5dffcef50b2c1:0xb441e8a70aea1ab1!5m2!4m1!1i2!8m2!3d11.7487936!4d76.0781504!16s%2Fg%2F11frswqchz!19sChIJwbJQ7_zfpTsRsRrqCqfoQbQ?authuser=0&hl=en&rclk=1,http://rivervalleyhuts.com/
Wayal Wayanad Farm Resort,,085930 42865,,4.6,230,Unknown,https://www.google.com/maps/place/Wayal+Wayanad+Farm+Resort/data=!4m10!3m9!1s0x3ba5e16431154223:0x7d58266add964b3!5m2!4m1!1i2!8m2!3d11.731219!4d76.0873007!16s%2Fg%2F11kgch0qyp!19sChIJI0IVMWThpTsRs2TZrWaC1Qc?authuser=0&hl=en&rclk=1,http://wayalwayanadresort.com/
Casta Wild Resort,,085907 65684,,5.0,335,Unknown,https://www.google.com/maps/place/Casta+Wild+Resort/data=!4m10!3m9!1s0x3ba60b00140b5095:0xacea9e475910195a!5m2!4m1!1i2!8m2!3d11.7054381!4d76.1656016!16s%2Fg%2F11wfm_m51g!19sChIJlVALFAALpjsRWhkQWUee6qw?authuser=0&hl=en&rclk=1,https://www.castawild.com/
Wayanad Mace Mansion,,090728 07777,,4.8,487,Unknown,https://www.google.com/maps/place/Wayanad+Mace+Mansion/data=!4m10!3m9!1s0x3ba5e1dda728b317:0xc0660044605a8317!5m2!4m1!1i2!8m2!3d11.7430944!4d76.1276496!16s%2Fg%2F11p6glxxj2!19sChIJF7Mop93hpTsRF4NaYEQAZsA?authuser=0&hl=en&rclk=1,http://macemansion.com/
Kudajadri Drizzle - Best Wayanad Homestays,,099463 54511,,4.7,961,Unknown,https://www.google.com/maps/place/Kudajadri+Drizzle+-+Best+Wayanad+Homestays/data=!4m10!3m9!1s0x3ba6752bf8e8c185:0x5bf951fa893c48b4!5m2!4m1!1i2!8m2!3d11.6944682!4d76.0925395!16s%2Fg%2F1ptwp6yd6!19sChIJhcHo-Ct1pjsRtEg8ifpR-Vs?authuser=0&hl=en&rclk=1,https://www.kudajadridrizzle.com/?utm_source=google&utm_medium=localbusiness&utm_campaign=visitwebsite
Cozy nest,,062820 11125,,4.5,26,Unknown,https://www.google.com/maps/place/Cozy+nest/data=!4m10!3m9!1s0x3ba675005f31fda1:0x8a90f8db686353a7!5m2!4m1!1i2!8m2!3d11.6606494!4d76.0131101!16s%2Fg%2F11mdlvjld2!19sChIJof0xXwB1pjsRp1NjaNv4kIo?authuser=0&hl=en&rclk=1,https://cozynestwayanad.vercel.app/
Raindrops Resorts Wayanad,,083019 56119,,4.4,746,Unknown,https://www.google.com/maps/place/Raindrops+Resorts+Wayanad/data=!4m10!3m9!1s0x3ba605db04444c1f:0xadc96d48d5872c4b!5m2!4m1!1i2!8m2!3d11.6404826!4d76.301461!16s%2Fg%2F11g8g0wmf3!19sChIJH0xEBNsFpjsRSyyH1Uhtya0?authuser=0&hl=en&rclk=1,http://raindropsresorts.com/
Terrace Resorts Wayanad,,098475 02763,,4.1,585,No,https://www.google.com/maps/place/Terrace+Resorts+Wayanad/data=!4m10!3m9!1s0x3ba677ecbbf339e7:0x1c3bb796a932ea72!5m2!4m1!1i2!8m2!3d11.6654022!4d75.9663517!16s%2Fg%2F11ncbml6wh!19sChIJ5znzu-x3pjsRcuoyqZa3Oxw?authuser=0&hl=en&rclk=1,http://www.terraceresorts.com/
"DJ River Meadows, Resort in Wayanad",,091886 00332,,4.6,723,Unknown,"https://www.google.com/maps/place/DJ+River+Meadows,+Resort+in+Wayanad/data=!4m10!3m9!1s0x3ba5de1848055e9f:0xabaef34b762f5644!5m2!4m1!1i2!8m2!3d11.7959665!4d76.0756502!16s%2Fg%2F11gfp3r20c!19sChIJn14FSBjepTsRRFYvdkvzrqs?authuser=0&hl=en&rclk=1",http://djrivermeadows.com/
Vythiri Retreat Resort,,062352 21477,,4.2,384,Unknown,https://www.google.com/maps/place/Vythiri+Retreat+Resort/data=!4m10!3m9!1s0x3ba673646d418843:0x3a1138fefa20c7fd!5m2!4m1!1i2!8m2!3d11.555186!4d76.0595914!16s%2Fg%2F11h_7mwb7z!19sChIJQ4hBbWRzpjsR_ccg-v44ETo?authuser=0&hl=en&rclk=1,https://vythiri-retreat-resort.wheree.com/
Casa Lake View Resort Wayanad,,097452 96202,,4.6,1032,Unknown,https://www.google.com/maps/place/Casa+Lake+View+Resort+Wayanad/data=!4m10!3m9!1s0x3ba60d49296a2ea1:0x899fab7548d08280!5m2!4m1!1i2!8m2!3d11.5994743!4d76.158518!16s%2Fg%2F11h1dgnnr9!19sChIJoS5qKUkNpjsRgILQSHWrn4k?authuser=0&hl=en&rclk=1,https://casalakeview.com/
Adithya Nature Resort & Spa,,090724 63333,,4.0,2598,Unknown,https://www.google.com/maps/place/Adithya+Nature+Resort+%26+Spa/data=!4m10!3m9!1s0x3ba66d87150b2eb7:0x22e1598cc273ff20!5m2!4m1!1i2!8m2!3d11.5622589!4d76.0274979!16s%2Fg%2F11fxzyzpy1!19sChIJty4LFYdtpjsRIP9zwoxZ4SI?authuser=0&hl=en&rclk=1,http://www.adithyanatureresort.com/
Karapuzha Village Resort,,095262 62299,,4.3,2132,Unknown,https://www.google.com/maps/place/Karapuzha+Village+Resort/data=!4m10!3m9!1s0x3ba60c3a18a1507f:0x281ed0f921d92654!5m2!4m1!1i2!8m2!3d11.6106926!4d76.1614026!16s%2Fg%2F1hm29dpq6!19sChIJf1ChGDoMpjsRVCbZIfnQHig?authuser=0&hl=en&rclk=1,http://www.karapuzhavillageresort.com/
Zostel Plus Wayanad,,044 4011 5839,,4.6,2159,Unknown,https://www.google.com/maps/place/Zostel+Plus+Wayanad/data=!4m10!3m9!1s0x3ba60d289d146fb5:0x841ea3a82c1c7ec5!5m2!4m1!1i2!8m2!3d11.5521715!4d76.10446!16s%2Fg%2F11h0ms5t8b!19sChIJtW8UnSgNpjsRxX4cLKijHoQ?authuser=0&hl=en&rclk=1,https://www.zostel.com/zostel/wayanad/wayanad-wynh151/
Bonita Banasura,,099614 00100,,4.3,567,Unknown,https://www.google.com/maps/place/Bonita+Banasura/data=!4m10!3m9!1s0x3ba677a1e5355401:0x636e96ab448a81ed!5m2!4m1!1i2!8m2!3d11.6736883!4d75.9444825!16s%2Fg%2F11hy9hnfdz!19sChIJAVQ15aF3pjsR7YGKRKuWbmM?authuser=0&hl=en&rclk=1,http://www.bonitabanasura.in/
Bay View Suites Vythiri,,079092 27733,,4.7,538,Unknown,https://www.google.com/maps/place/Bay+View+Suites+Vythiri/data=!4m10!3m9!1s0x3ba673c7d7997005:0x3852ea7adedda7d0!5m2!4m1!1i2!8m2!3d11.5592332!4d76.0370827!16s%2Fg%2F11y2jft2cv!19sChIJBXCZ18dzpjsR0Kfd3nrqUjg?authuser=0&hl=en&rclk=1,https://www.bayviewsuites.in/
Arayal Resorts,,075608 60015,,4.5,1709,No,https://www.google.com/maps/place/Arayal+Resorts/data=!4m10!3m9!1s0x3ba676c781b37a47:0x1ce664f8a240f9e5!5m2!4m1!1i2!8m2!3d11.646699!4d75.9693261!16s%2Fg%2F1hd_8_h8m!19sChIJR3qzgcd2pjsR5flAovhk5hw?authuser=0&hl=en&rclk=1,http://www.arayalresorts.com/
Iron Bridge Cove,,096059 25000,,4.6,692,Unknown,https://www.google.com/maps/place/Iron+Bridge+Cove/data=!4m10!3m9!1s0x3ba6128840000001:0xf71c283fc9d4aaf3!5m2!4m1!1i2!8m2!3d11.5316446!4d76.1342776!16s%2Fg%2F11j2ydfpg1!19sChIJAQAAQIgSpjsR86rUyT8oHPc?authuser=0&hl=en&rclk=1,http://ironbridgecove.com/
"Vythiri Wild Resort, Wayanad resort",,086062 32223,,4.1,325,Unknown,"https://www.google.com/maps/place/Vythiri+Wild+Resort,+Wayanad+resort/data=!4m10!3m9!1s0x3ba66d06669ef0e1:0xfef67661efbf63cf!5m2!4m1!1i2!8m2!3d11.5386868!4d76.0535927!16s%2Fg%2F11j2q0wn3l!19sChIJ4fCeZgZtpjsRz2O_72F29v4?authuser=0&hl=en&rclk=1",http://www.vythiriwildresort.com/
pabis luxurious stay,,094477 77803,,4.7,191,Unknown,https://www.google.com/maps/place/pabis+luxurious+stay/data=!4m10!3m9!1s0x3ba67308bd10829d:0xc337f28b97f5f8bc!5m2!4m1!1i2!8m2!3d11.5526561!4d76.0478684!16s%2Fg%2F11vc84gwlw!19sChIJnYIQvQhzpjsRvPj1l4vyN8M?authuser=0&hl=en&rclk=1,https://www.pabis.in/
Le Vista Resort,,085907 55100,,4.8,127,Unknown,https://www.google.com/maps/place/Le+Vista+Resort/data=!4m10!3m9!1s0x3ba607708869c127:0xb43abbf2407a0cfa!5m2!4m1!1i2!8m2!3d11.6608965!4d76.3193671!16s%2Fg%2F11vx69kv90!19sChIJJ8FpiHAHpjsR-gx6QPK7OrQ?authuser=0&hl=en&rclk=1,https://www.levistaresort.com/
Mahout resort,,097784 69990,,4.4,226,Unknown,https://www.google.com/maps/place/Mahout+resort/data=!4m10!3m9!1s0x3ba60dcbf6704f37:0x6f6c8f2948b19398!5m2!4m1!1i2!8m2!3d11.5592593!4d76.0967417!16s%2Fg%2F11l1fpthsk!19sChIJN09w9ssNpjsRmJOxSCmPbG8?authuser=0&hl=en&rclk=1,https://mahoutresort.com/home/
Vythiri Village Resort,,04936 233 100,,4.2,9035,Unknown,https://www.google.com/maps/place/Vythiri+Village+Resort/data=!4m10!3m9!1s0x3ba67396e38131bb:0xaedce1f74a99f29f!5m2!4m1!1i2!8m2!3d11.5588834!4d76.0425493!16s%2Fg%2F11fq92np36!19sChIJuzGB45ZzpjsRn_KZSvfh3K4?authuser=0&hl=en&rclk=1,https://www.vythirivillage.com/
Vyna Hillock Resorts,,090726 59090,,4.5,1145,Unknown,https://www.google.com/maps/place/Vyna+Hillock+Resorts/data=!4m10!3m9!1s0x3ba673a52e2848cf:0xc270cfd3f93ec9eb!5m2!4m1!1i2!8m2!3d11.5534208!4d76.0484243!16s%2Fg%2F11rgh21c_8!19sChIJz0goLqVzpjsR68k--dPPcMI?authuser=0&hl=en&rclk=1,http://vynaresorts.com/
"Vythiri Mist Resort, Wayanad",,097442 24499,,4.5,2606,Unknown,"https://www.google.com/maps/place/Vythiri+Mist+Resort,+Wayanad/data=!4m10!3m9!1s0x3ba66d70123b85c3:0xb060ae66c3e3813b!5m2!4m1!1i2!8m2!3d11.5403649!4d76.0537122!16s%2Fg%2F11bwcv3wbw!19sChIJw4U7EnBtpjsRO4Hjw2auYLA?authuser=0&hl=en&rclk=1",http://vythirimist.com/
Flora Vythiri Resort Wayanad,,089431 23111,,4.8,874,Unknown,https://www.google.com/maps/place/Flora+Vythiri+Resort+Wayanad/data=!4m10!3m9!1s0x3ba66d981788fae9:0xf4f36b4fb71971c7!5m2!4m1!1i2!8m2!3d11.5251036!4d76.038791!16s%2Fg%2F11q3qnskbt!19sChIJ6fqIF5htpjsRx3EZt09r8_Q?authuser=0&hl=en&rclk=1,https://www.florahospitality.com/india/wayanad/vythiri-flora-vythiri-resort
"Wild Courtyard Vythiri, Resort in Wayanad",,095626 36797,,4.9,352,Unknown,"https://www.google.com/maps/place/Wild+Courtyard+Vythiri,+Resort+in+Wayanad/data=!4m10!3m9!1s0x3ba66d389c02d663:0xac7bfdb236ca4903!5m2!4m1!1i2!8m2!3d11.547381!4d76.0627051!16s%2Fg%2F11jfprjm5_!19sChIJY9YCnDhtpjsRA0nKNrL9e6w?authuser=0&hl=en&rclk=1",https://www.secure-booking-engine.com/accounts/BIKFgoABI8wuSsP90HZRyw/properties/74eFlL43oYEj07CajZOHmw/booking-engine/web/source/4wsctBw6Oq6j-g9XuxeRzQ/
"Indeevara Retreat- Vythiri, Eco Friendly Luxury Resort",,090721 00023,,4.5,1540,Unknown,"https://www.google.com/maps/place/Indeevara+Retreat-+Vythiri,+Eco+Friendly+Luxury+Resort/data=!4m10!3m9!1s0x3ba673ecbe20baa7:0x6e65cac3ae55b4fe!5m2!4m1!1i2!8m2!3d11.5576778!4d76.0275663!16s%2Fg%2F11f6f_s6rn!19sChIJp7ogvuxzpjsR_rRVrsPKZW4?authuser=0&hl=en&rclk=1",https://www.stridehotels.com/indeevara-retreat-resort-in-wayanad/
Jeevess Retreat Wayanad,,092880 04403,,4.9,1868,Unknown,https://www.google.com/maps/place/Jeevess+Retreat+Wayanad/data=!4m10!3m9!1s0x3ba67370dc3e3e6d:0x57700ee9a022f94f!5m2!4m1!1i2!8m2!3d11.576427!4d76.0263362!16s%2Fg%2F11nxd21b9v!19sChIJbT4-3HBzpjsRT_kioOkOcFc?authuser=0&hl=en&rclk=1,https://jeevess.in/
Woodrose Resort,,090723 67699,,4.7,1062,Unknown,https://www.google.com/maps/place/Woodrose+Resort/data=!4m10!3m9!1s0x3ba60d25101e4f3f:0xcb7ab7290d19b804!5m2!4m1!1i2!8m2!3d11.592192!4d76.097816!16s%2Fg%2F11cs18rgjp!19sChIJP08eECUNpjsRBLgZDSm3ess?authuser=0&hl=en&rclk=1,https://www.woodrosewayanadresorts.com/
TalenResort Vythiri Villas,,086064 40055,,4.6,152,Unknown,https://www.google.com/maps/place/TalenResort+Vythiri+Villas/data=!4m10!3m9!1s0x3ba66d82e09260cf:0x705096a3cd43c224!5m2!4m1!1i2!8m2!3d11.5399201!4d76.033882!16s%2Fg%2F11g0kgs6qk!19sChIJz2CS4IJtpjsRJMJDzaOWUHA?authuser=0&hl=en&rclk=1,http://www.talenresort.in/
THE COVE LAKKIDI,,088482 22464,,4.3,285,Unknown,https://www.google.com/maps/place/THE+COVE+LAKKIDI/data=!4m10!3m9!1s0x3ba66d7388bf0669:0x7277799e5640227e!5m2!4m1!1i2!8m2!3d11.5207615!4d76.0202155!16s%2Fg%2F11t4w_sc31!19sChIJaQa_iHNtpjsRfiJAVp55d3I?authuser=0&hl=en&rclk=1,https://www.thecovelakkidi.com/
Vynza Resort,,091157 77888,,4.9,168,Unknown,https://www.google.com/maps/place/Vynza+Resort/data=!4m10!3m9!1s0x3ba66dd64fb5cc15:0x104c9e7ca722a59a!5m2!4m1!1i2!8m2!3d11.5386064!4d76.0456138!16s%2Fg%2F11yr10kt5n!19sChIJFcy1T9ZtpjsRmqUip3yeTBA?authuser=0&hl=en&rclk=1,https://vynzaresort.com/
Sterling Vythiri Wayanad,,079 6979 2029,,4.5,631,Unknown,https://www.google.com/maps/place/Sterling+Vythiri+Wayanad/data=!4m10!3m9!1s0x3ba66d42692cabd1:0xf309d3a34eadd768!5m2!4m1!1i2!8m2!3d11.5334562!4d76.0345571!16s%2Fg%2F11sr_jcqky!19sChIJ0assaUJtpjsRaNetTqPTCfM?authuser=0&hl=en&rclk=1,https://www.sterlingholidays.com/resorts-hotels/vythiri-wayanad
Grand Wish,,085906 24969,,4.4,96,Unknown,https://www.google.com/maps/place/Grand+Wish/data=!4m10!3m9!1s0x3ba673d0fe653307:0xcd605dde7707c31f!5m2!4m1!1i2!8m2!3d11.5526304!4d76.0487227!16s%2Fg%2F11wbzb7knj!19sChIJBzNl_tBzpjsRH8MHd95dYM0?authuser=0&hl=en&rclk=1,https://grandwish.in/
Green Mist Vythiri by Aspiration Hospitality,,096455 61454,,4.0,137,Unknown,https://www.google.com/maps/place/Green+Mist+Vythiri+by+Aspiration+Hospitality/data=!4m10!3m9!1s0x3ba673b07da3421b:0x5a9bcd999c3ace4!5m2!4m1!1i2!8m2!3d11.5497802!4d76.0402622!16s%2Fg%2F11rk23v8r8!19sChIJG0KjfbBzpjsR5KzDmdm8qQU?authuser=0&hl=en&rclk=1,http://www.greenmistcottage.com/
Vythiri Tea Garden Retreat,,094466 27227,,4.3,586,Unknown,https://www.google.com/maps/place/Vythiri+Tea+Garden+Retreat/data=!4m10!3m9!1s0x3ba67280e9dd2f6f:0xb003bea1b7860f13!5m2!4m1!1i2!8m2!3d11.5517519!4d76.0413474!16s%2Fg%2F11by_gh62z!19sChIJby_d6YBypjsREw-Gt6G-A7A?authuser=0&hl=en&rclk=1,https://teagardenretreat.in/
Vythiri Meadows,,085472 56708,,3.7,818,Unknown,https://www.google.com/maps/place/Vythiri+Meadows/data=!4m10!3m9!1s0x3ba66d824c9e0fcb:0x8485d41f4104beb9!5m2!4m1!1i2!8m2!3d11.5405625!4d76.0352662!16s%2Fg%2F1tffsc4q!19sChIJyw-eTIJtpjsRub4EQR_UhYQ?authuser=0&hl=en&rclk=1,http://www.vythirimeadows.com/
Vythiri Hill Palace Resort by Livora,,079028 90102,,4.1,306,Unknown,https://www.google.com/maps/place/Vythiri+Hill+Palace+Resort+by+Livora/data=!4m10!3m9!1s0x3ba67280c25598f3:0x2b64fce2327fe0d2!5m2!4m1!1i2!8m2!3d11.5519359!4d76.040938!16s%2Fg%2F11g9q5111z!19sChIJ85hVwoBypjsR0uB_MuL8ZCs?authuser=0&hl=en&rclk=1,https://www.vythiripalace.com/
Girassol Serviced Villa,,080865 10760,,4.2,867,Unknown,https://www.google.com/maps/place/Girassol+Serviced+Villa/data=!4m10!3m9!1s0x3ba66d7f49779e2d:0xb8afa5fa1201f10e!5m2!4m1!1i2!8m2!3d11.5423167!4d76.0407131!16s%2Fg%2F11crx_q_d0!19sChIJLZ53SX9tpjsRDvEBEvqlr7g?authuser=0&hl=en&rclk=1,https://sites.google.com/view/girassol-the-hill-villa/home
Resort Tree House,,04936 256 800,,4.0,27,No,https://www.google.com/maps/place/Resort+Tree+House/data=!4m10!3m9!1s0x3ba672872e798a07:0xf3f6579685dc1344!5m2!4m1!1i2!8m2!3d11.5535781!4d76.0415096!16s%2Fg%2F11c5_kttg0!19sChIJB4p5LodypjsRRBPchZZX9vM?authuser=0&hl=en&rclk=1,http://www.vythiriresort.com/tree-house.html
Tarang Holiday Resort,,098469 52913,,4.0,100,Unknown,https://www.google.com/maps/place/Tarang+Holiday+Resort/data=!4m10!3m9!1s0x3ba673cedd660f57:0x7d2511eaeff9caab!5m2!4m1!1i2!8m2!3d11.55738!4d76.0431288!16s%2Fg%2F11pcls6nrp!19sChIJVw9m3c5zpjsRq8r57-oRJX0?authuser=0&hl=en&rclk=1,http://casitastay.com/tarang/
3 Hills County Resort Wayanad,,080788 01188,,4.6,425,Unknown,https://www.google.com/maps/place/3+Hills+County+Resort+Wayanad/data=!4m10!3m9!1s0x3ba60ca778a6d929:0xc1dbc6e42730e885!5m2!4m1!1i2!8m2!3d11.5881714!4d76.0915437!16s%2Fg%2F11b7g02rng!19sChIJKdmmeKcMpjsRhegwJ-TG28E?authuser=0&hl=en&rclk=1,https://www.threehillsresort.com/
Avadale Wayanad (Stag Groups Not Allowed),,080 4718 5939,,4.5,275,Unknown,https://www.google.com/maps/place/Avadale+Wayanad+%28Stag+Groups+Not+Allowed%29/data=!4m10!3m9!1s0x3ba60d8012adafcb:0xfd66b6870f695132!5m2!4m1!1i2!8m2!3d11.6256371!4d76.1076182!16s%2Fg%2F11vztwjrcx!19sChIJy6-tEoANpjsRMlFpD4e2Zv0?authuser=0&hl=en&rclk=1,https://avadale.in/our-resorts/wayanad/?utm_source=gbp&utm_medium=banner&utm_campaign=wayanad
The Hive Wayanad - Kondody Hotels,,096455 53155,,4.7,658,Unknown,https://www.google.com/maps/place/The+Hive+Wayanad+-+Kondody+Hotels/data=!4m10!3m9!1s0x3ba60d4af78dbd51:0xe5ad004114dd0cf6!5m2!4m1!1i2!8m2!3d11.6243587!4d76.1213674!16s%2Fg%2F11vwpp0hhf!19sChIJUb2N90oNpjsR9gzdFEEAreU?authuser=0&hl=en&rclk=1,https://kondodyhotels.com/the-hive-resort-wayanad.html
Rock Haven Wayanad Resort & Experiences,,096054 88885,,4.8,195,Unknown,https://www.google.com/maps/place/Rock+Haven+Wayanad+Resort+%26+Experiences/data=!4m10!3m9!1s0x3ba60cd7fcdc4633:0x89b5a32d1789cd6e!5m2!4m1!1i2!8m2!3d11.5931376!4d76.0975698!16s%2Fg%2F1hjhf_rw8!19sChIJM0bc_NcMpjsRbs2JFy2jtYk?authuser=0&hl=en&rclk=1,http://www.rockhavenwayanad.com/
Coffee Acres Wayanad,,080758 98883,,4.6,1509,Unknown,https://www.google.com/maps/place/Coffee+Acres+Wayanad/data=!4m10!3m9!1s0x3ba67339c7c51e9b:0x4c6f6359f16c29c0!5m2!4m1!1i2!8m2!3d11.6121408!4d76.070124!16s%2Fg%2F11g_23pyp!19sChIJmx7FxzlzpjsRwCls8Vljb0w?authuser=0&hl=en&rclk=1,https://coffee-acres-plantation-resort.kerala-hotels-resorts.com/en/
INDRIYA RESORTS,,070903 33333,,5.0,2,No,https://www.google.com/maps/place/INDRIYA+RESORTS/data=!4m10!3m9!1s0x3ba67332eccafea7:0xb15227a46297b589!5m2!4m1!1i2!8m2!3d11.606621!4d76.0836876!16s%2Fg%2F11y1fczb5_!19sChIJp_7K7DJzpjsRibWXYqQnUrE?authuser=0&hl=en&rclk=1,http://indriyabeachresorts.com/
Green Gates Hotels,,04936 202 001,,4.0,1487,Unknown,https://www.google.com/maps/place/Green+Gates+Hotels/data=!4m10!3m9!1s0x3ba60cad141cb76d:0x4e649d277eabe823!5m2!4m1!1i2!8m2!3d11.62937!4d76.0873288!16s%2Fg%2F1tg7_xm4!19sChIJbbccFK0MpjsRI-irfiedZE4?authuser=0&hl=en&rclk=1,http://www.greengateshotel.com/
The golf valley resort,,085900 00673,,4.5,265,Unknown,https://www.google.com/maps/place/The+golf+valley+resort/data=!4m10!3m9!1s0x3ba673d186e0bf2d:0x7f991bb8599c1904!5m2!4m1!1i2!8m2!3d11.590119!4d76.0596452!16s%2Fg%2F11xsc_qyxn!19sChIJLb_ghtFzpjsRBBmcWbgbmX8?authuser=0&hl=en&rclk=1,https://golfvalleyresort.com/
KALLAT BRITISH RESORT,,099472 03333,,3.8,642,Unknown,https://www.google.com/maps/place/KALLAT+BRITISH+RESORT/data=!4m10!3m9!1s0x3ba60d3292c61591:0xcb8385fabb5244e5!5m2!4m1!1i2!8m2!3d11.582481!4d76.0879981!16s%2Fg%2F11d_x0pmnq!19sChIJkRXGkjINpjsR5URSu_qFg8s?authuser=0&hl=en&rclk=1,http://www.kallatbritishresort.com/
JUNGLE VALLEY RESORT WAYANAD,,073565 00397,,4.5,496,Unknown,https://www.google.com/maps/place/JUNGLE+VALLEY+RESORT+WAYANAD/data=!4m10!3m9!1s0x3ba60d97d39b0f01:0x928b215827cd2868!5m2!4m1!1i2!8m2!3d11.5622081!4d76.1122327!16s%2Fg%2F11flbs3fqv!19sChIJAQ-b05cNpjsRaCjNJ1ghi5I?authuser=0&hl=en&rclk=1,http://www.junglevalleyresort.com/
Pullat Suites,,097455 62525,,4.8,16,Unknown,https://www.google.com/maps/place/Pullat+Suites/data=!4m10!3m9!1s0x3ba60d1a55854b8d:0x6dbcdc696df274a5!5m2!4m1!1i2!8m2!3d11.6169736!4d76.0874573!16s%2Fg%2F11n4cx71s0!19sChIJjUuFVRoNpjsRpXTybWncvG0?authuser=0&hl=en&rclk=1,https://pullatsuites.com/
Planet Green Plantation Resort,,086062 07377,,4.2,477,Unknown,https://www.google.com/maps/place/Planet+Green+Plantation+Resort/data=!4m10!3m9!1s0x3ba60d327bb58d9b:0xf1c4f875eb8b3dea!5m2!4m1!1i2!8m2!3d11.5828551!4d76.089008!16s%2Fg%2F1hc40j4j1!19sChIJm421ezINpjsR6j2L63X4xPE?authuser=0&hl=en&rclk=1,http://planetgreenresorts.com/
HOTEL INDRIYA WAYANAD,,075999 99222,,4.2,2629,Unknown,https://www.google.com/maps/place/HOTEL+INDRIYA+WAYANAD/data=!4m10!3m9!1s0x3ba67332963ac41b:0x986411f359512b47!5m2!4m1!1i2!8m2!3d11.6061487!4d76.0839972!16s%2Fg%2F11b66hc68y!19sChIJG8Q6ljJzpjsRRytRWfMRZJg?authuser=0&hl=en&rclk=1,http://www.indriyawayanad.com/
Green Peace Holiday Home,,094467 10004,,4.2,364,Unknown,https://www.google.com/maps/place/Green+Peace+Holiday+Home/data=!4m10!3m9!1s0x3ba6729889a28f0b:0x6bb5dd6586017829!5m2!4m1!1i2!8m2!3d11.6096341!4d76.0862805!16s%2Fg%2F11ckqj6mj1!19sChIJC4-iiZhypjsRKXgBhmXdtWs?authuser=0&hl=en&rclk=1,https://sites.google.com/view/greenpeace-holidayhome/home
Royal Stream Wayanad/Kerala resort/wayanad resort/wayanad home stay/family resort/kids friendly/natural stream/Kerala,,095442 18018,,4.7,409,Unknown,https://www.google.com/maps/place/Royal+Stream+Wayanad%2FKerala+resort%2Fwayanad+resort%2Fwayanad+home+stay%2Ffamily+resort%2Fkids+friendly%2Fnatural+stream%2FKerala/data=!4m10!3m9!1s0x3ba60cca61e1040f:0x75085bb5cc649a31!5m2!4m1!1i2!8m2!3d11.615449!4d76.088514!16s%2Fg%2F11f4wt6412!19sChIJDwThYcoMpjsRMZpkzLVbCHU?authuser=0&hl=en&rclk=1,https://www.royalstreamwayanad.com/
Wayanad Coffee Trail Resort,,094477 05754,,4.3,240,Unknown,https://www.google.com/maps/place/Wayanad+Coffee+Trail+Resort/data=!4m10!3m9!1s0x3ba60c8e0390f6c1:0xd05d72096401f9d6!5m2!4m1!1i2!8m2!3d11.6247068!4d76.1208622!16s%2Fg%2F11c1q86hpl!19sChIJwfaQA44MpjsR1vkBZAlyXdA?authuser=0&hl=en&rclk=1,https://wayanad-coffee-trail.kerala-hotels-resorts.com/en/
iCon Residency,,073560 08208,,4.3,1963,Unknown,https://www.google.com/maps/place/iCon+Residency/data=!4m10!3m9!1s0x3ba67334935412cb:0x1ec970d4aa886c49!5m2!4m1!1i2!8m2!3d11.612047!4d76.083552!16s%2Fg%2F11b7jydf2n!19sChIJyxJUkzRzpjsRSWyIqtRwyR4?authuser=0&hl=en&rclk=1,https://icon-residency.kerala-hotels.info/en/
Karakkatt Holiday Home,,099952 25551,,4.0,612,No,https://www.google.com/maps/place/Karakkatt+Holiday+Home/data=!4m10!3m9!1s0x3ba60b60ffffffff:0x3bfb80ebae69b6b6!5m2!4m1!1i2!8m2!3d11.6430266!4d76.1122415!16s%2Fg%2F12q4xhqcs!19sChIJ_____2ALpjsRtrZpruuA-zs?authuser=0&hl=en&rclk=1,http://www.karakkattholiday.com/
Hotel Haritagiri,,04936 203 145,,3.8,1850,Unknown,https://www.google.com/maps/place/Hotel+Haritagiri/data=!4m10!3m9!1s0x3ba6734a51494d75:0x48641cae56c1e978!5m2!4m1!1i2!8m2!3d11.617746!4d76.083119!16s%2Fg%2F1w0qzbtc!19sChIJdU1JUUpzpjsReOnBVq4cZEg?authuser=0&hl=en&rclk=1,http://www.hotelharitagiri.com/
Dreamnest Residency,,089437 53829,,4.4,239,Unknown,https://www.google.com/maps/place/Dreamnest+Residency/data=!4m10!3m9!1s0x3ba67332da1bc7cf:0x6fb26115cd5a3025!5m2!4m1!1i2!8m2!3d11.6078262!4d76.0848517!16s%2Fg%2F11b73k_k1g!19sChIJz8cb2jJzpjsRJTBazRVhsm8?authuser=0&hl=en&rclk=1,https://dreamnest-residency-holiday-home.allkeralahotels.net/
Chembra Adobe,,085890 04354,,4.9,286,Unknown,https://www.google.com/maps/place/Chembra+Adobe/data=!4m10!3m9!1s0x3ba60dc5cd078efb:0x2e14885c312efe68!5m2!4m1!1i2!8m2!3d11.5979067!4d76.098778!16s%2Fg%2F11j53qylw0!19sChIJ-44HzcUNpjsRaP4uMVyIFC4?authuser=0&hl=en&rclk=1,https://chembraadobe.com/
Highland Bristo Hotel,,075111 96555,,3.8,581,Unknown,https://www.google.com/maps/place/Highland+Bristo+Hotel/data=!4m10!3m9!1s0x3ba60cabc4bd9bed:0xe085fea6ed0a74ce!5m2!4m1!1i2!8m2!3d11.6354612!4d76.0911275!16s%2Fg%2F11f3n3zbsc!19sChIJ7Zu9xKsMpjsRznQK7ab-heA?authuser=0&hl=en&rclk=1,https://www.highlandbristo.in/
Green Mount Cottage,,094462 57530,,4.1,117,Unknown,https://www.google.com/maps/place/Green+Mount+Cottage/data=!4m10!3m9!1s0x3ba60ab7125328bb:0xb70ba2cd5113d814!5m2!4m1!1i2!8m2!3d11.6078752!4d76.0850116!16s%2Fg%2F1tmqdn86!19sChIJuyhTErcKpjsRFNgTUc2iC7c?authuser=0&hl=en&rclk=1,https://www.greenmountcottage.com/
Deluxe Residency,,082811 76874,,4.1,368,Unknown,https://www.google.com/maps/place/Deluxe+Residency/data=!4m10!3m9!1s0x3ba673f1de1129e9:0xcb2cb4edb8c1fd74!5m2!4m1!1i2!8m2!3d11.6111534!4d76.0849448!16s%2Fg%2F11f_fjn2xn!19sChIJ6SkR3vFzpjsRdP3BuO20LMs?authuser=0&hl=en&rclk=1,https://sites.google.com/view/deluxe-residency-wayanad/home
Wayanad Royal Crown,,086065 61999,,4.0,831,Unknown,https://www.google.com/maps/place/Wayanad+Royal+Crown/data=!4m10!3m9!1s0x3ba60ca9b7032253:0x74c240a09b0a92f5!5m2!4m1!1i2!8m2!3d11.637863!4d76.0937405!16s%2Fg%2F11f3xzz03s!19sChIJUyIDt6kMpjsR9ZIKm6BAwnQ?authuser=0&hl=en&rclk=1,http://wayanadroyalcrown.com/
SylVan Resort,,+91 97 4567 1000,,4.9,931,Unknown,https://www.google.com/maps/place/SylVan+Resort/data=!4m10!3m9!1s0x3ba6730f67b53ebd:0xdfa3f8359346c7b5!5m2!4m1!1i2!8m2!3d11.587776!4d76.088915!16s%2Fg%2F11v15d_cqb!19sChIJvT61Zw9zpjsRtcdGkzX4o98?authuser=0&hl=en&rclk=1,https://sylvanresort.in/
Hotel Soorya Castle,,04936 205 145,,3.7,738,Unknown,https://www.google.com/maps/place/Hotel+Soorya+Castle/data=!4m10!3m9!1s0x3ba672dc7a0f8535:0x3136f33387675d74!5m2!4m1!1i2!8m2!3d11.5856751!4d76.0677883!16s%2Fg%2F11c5bk78cm!19sChIJNYUPetxypjsRdF1nhzPzNjE?authuser=0&hl=en&rclk=1,http://www.hotelsooryacastle.com/
Space Rock Resort,,096336 14775,,4.8,481,Unknown,https://www.google.com/maps/place/Space+Rock+Resort/data=!4m10!3m9!1s0x3ba60d0015da49c9:0xd6a57c76adde497f!5m2!4m1!1i2!8m2!3d11.5930631!4d76.0964832!16s%2Fg%2F11wj0_zl23!19sChIJyUnaFQANpjsRf0nerXZ8pdY?authuser=0&hl=en&rclk=1,https://www.spacerockresort.com/
RAWABI RESORTS,,088485 81801,,4.6,56,Unknown,https://www.google.com/maps/place/RAWABI+RESORTS/data=!4m10!3m9!1s0x3ba673e6f1a38ea1:0xbb791667eb21b0b6!5m2!4m1!1i2!8m2!3d11.6464571!4d76.0564516!16s%2Fg%2F11sqschp_r!19sChIJoY6j8eZzpjsRtrAh62cWebs?authuser=0&hl=en&rclk=1,http://rawabi.in/
Konfudha Resort,,075111 36000,,3.9,239,Unknown,https://www.google.com/maps/place/Konfudha+Resort/data=!4m10!3m9!1s0x3ba673baed34a8a3:0x797fe9b147b4c42d!5m2!4m1!1i2!8m2!3d11.5912629!4d76.070657!16s%2Fg%2F11vjm5y71w!19sChIJo6g07bpzpjsRLcS0R7Hpf3k?authuser=0&hl=en&rclk=1,https://www.konfudharesort.com/
GREENLAND HOLIDAY INN,,093888 99749,,3.8,148,Unknown,https://www.google.com/maps/place/GREENLAND+HOLIDAY+INN/data=!4m10!3m9!1s0x3ba673e9c369543f:0x25e5d3fb5eeba824!5m2!4m1!1i2!8m2!3d11.605428!4d76.0533378!16s%2Fg%2F11b6g469mb!19sChIJP1Rpw-lzpjsRJKjrXvvT5SU?authuser=0&hl=en&rclk=1,https://blacktiger2073.github.io/greenland/
"ORIGIN RESORT , Kalpetta Wayanad",,088911 12556,,3.8,183,Unknown,"https://www.google.com/maps/place/ORIGIN+RESORT+,+Kalpetta+Wayanad/data=!4m10!3m9!1s0x3ba673172dab7f51:0x2189a8a86337f7cc!5m2!4m1!1i2!8m2!3d11.6128634!4d76.0698722!16s%2Fg%2F11fjxfffq8!19sChIJUX-rLRdzpjsRzPc3Y6ioiSE?authuser=0&hl=en&rclk=1",https://business.google.com/v/origin-resort-kalpetta-wayanad/014008246361470884163/47d0/_?
Field View Estate Bungalow,,095620 90677,,4.5,68,Unknown,https://www.google.com/maps/place/Field+View+Estate+Bungalow/data=!4m10!3m9!1s0x3ba60ca2903bfa85:0x8508cebbd38f5cb3!5m2!4m1!1i2!8m2!3d11.6306716!4d76.1080463!16s%2Fg%2F11c0xh5l7v!19sChIJhfo7kKIMpjsRs1yP07vOCIU?authuser=0&hl=en&rclk=1,http://fieldviewestatebungalow.com/
Wildloop Resort,,099473 90163,,4.8,72,Unknown,https://www.google.com/maps/place/Wildloop+Resort/data=!4m10!3m9!1s0x3ba60d007bdc86a7:0x79e198e3ebf7d92c!5m2!4m1!1i2!8m2!3d11.5739339!4d76.0955525!16s%2Fg%2F11x7t6lhsq!19sChIJp4bcewANpjsRLNn36-OY4Xk?authuser=0&hl=en&rclk=1,https://wildloopresorts.com/
Aamy's Home,,094465 30032,,4.8,16,Unknown,https://www.google.com/maps/place/Aamy%27s+Home/data=!4m10!3m9!1s0x3ba60da72777f94d:0x16d073747f04fd30!5m2!4m1!1i2!8m2!3d11.6278186!4d76.0865271!16s%2Fg%2F11nhb0zt9_!19sChIJTfl3J6cNpjsRMP0Ef3Rz0BY?authuser=0&hl=en&rclk=1,https://www.aamyshome.com/
SPA LIFE,,097456 07323,,4.5,157,Unknown,https://www.google.com/maps/place/SPA+LIFE/data=!4m10!3m9!1s0x3ba6733655555555:0x844bb03b5dee3efc!5m2!4m1!1i2!8m2!3d11.6149572!4d76.0753486!16s%2Fg%2F11c2mw4dvm!19sChIJVVVVVTZzpjsR_D7uXTuwS4Q?authuser=0&hl=en&rclk=1,http://www.spalifekalpetta.in/
Ponnada Gardens,,086060 07576,,3.8,22,No,https://www.google.com/maps/place/Ponnada+Gardens/data=!4m10!3m9!1s0x3ba673630da19953:0x91acc9f43cd45018!5m2!4m1!1i2!8m2!3d11.6330775!4d76.0530434!16s%2Fg%2F1hf3rjb9q!19sChIJU5mhDWNzpjsRGFDUPPTJrJE?authuser=0&hl=en&rclk=1,http://www.ponnada-gardens.blogspot.com/
The Summer Villa Homestay,,094473 16515,,4.2,144,Unknown,https://www.google.com/maps/place/The+Summer+Villa+Homestay/data=!4m10!3m9!1s0x3ba67332d22dcd05:0x3bc8048a7454a849!5m2!4m1!1i2!8m2!3d11.607587!4d76.0853106!16s%2Fg%2F1tdg1nc3!19sChIJBc0t0jJzpjsRSahUdIoEyDs?authuser=0&hl=en&rclk=1,https://www.thesummervillawayanad.com/
Chembra Heritage,,094954 00397,,3.5,310,No,https://www.google.com/maps/place/Chembra+Heritage/data=!4m10!3m9!1s0x3ba673281b06fb57:0x82a87b53f3c7d448!5m2!4m1!1i2!8m2!3d11.5939071!4d76.0745579!16s%2Fg%2F11c1xpx234!19sChIJV_sGGyhzpjsRSNTH81N7qII?authuser=0&hl=en&rclk=1,https://www.chembraheritage.com/contact-us.html
Wayanad Heights,,094472 19668,,3.7,115,Unknown,https://www.google.com/maps/place/Wayanad+Heights/data=!4m10!3m9!1s0x3ba67332f8b6c475:0x4132217ba588e050!5m2!4m1!1i2!8m2!3d11.6047261!4d76.0835663!16s%2Fg%2F11r8r597_!19sChIJdcS2-DJzpjsRUOCIpXshMkE?authuser=0&hl=en&rclk=1,https://wayanadheights.com/
Villa Kaffee Bohne,,094003 07932,,4.7,168,Unknown,https://www.google.com/maps/place/Villa+Kaffee+Bohne/data=!4m10!3m9!1s0x3ba60cadb19c011f:0x980c68d8e4516b79!5m2!4m1!1i2!8m2!3d11.6304758!4d76.0894468!16s%2Fg%2F1hc3mqm25!19sChIJHwGcsa0MpjsReWtR5NhoDJg?authuser=0&hl=en&rclk=1,http://www.villakaffeebohne.com/
WAYANAD BLOSSOM VALLEY (Home Stay),,080756 65899,,4.6,56,No,https://www.google.com/maps/place/WAYANAD+BLOSSOM+VALLEY+%28Home+Stay%29/data=!4m10!3m9!1s0x3ba60cb23409dfc3:0xfe67ad1403702f7f!5m2!4m1!1i2!8m2!3d11.6252878!4d76.090315!16s%2Fg%2F11gnph7ntp!19sChIJw98JNLIMpjsRfy9wAxStZ_4?authuser=0&hl=en&rclk=1,https://wayanadblossomvalley.in/
El-roi Homestay,,083010 85778,,4.4,45,Unknown,https://www.google.com/maps/place/El-roi+Homestay/data=!4m10!3m9!1s0x3ba60cb45a797b55:0xae8b4c0dbacfa2c9!5m2!4m1!1i2!8m2!3d11.619999!4d76.088871!16s%2Fg%2F11c6dk31fr!19sChIJVXt5WrQMpjsRyaLPug1Mi64?authuser=0&hl=en&rclk=1,http://elroihomestay.com/
Fascino Family,,079070 29664,,4.3,30,Unknown,https://www.google.com/maps/place/Fascino+Family/data=!4m10!3m9!1s0x3ba6735c78cb3fff:0x718b3aa5f15d57c7!5m2!4m1!1i2!8m2!3d11.6292326!4d76.0686012!16s%2Fg%2F11c2pwp0x1!19sChIJ_z_LeFxzpjsRx1dd8aU6i3E?authuser=0&hl=en&rclk=1,https://fascino-family-in.wintega.com/
Sundara Mahal Homestay,,094464 07234,,4.8,143,Unknown,https://www.google.com/maps/place/Sundara+Mahal+Homestay/data=!4m10!3m9!1s0x3ba673282ebff11b:0x5d74d8f0a023b127!5m2!4m1!1i2!8m2!3d11.5942915!4d76.0765603!16s%2Fg%2F1tklnzzd!19sChIJG_G_LihzpjsRJ7EjoPDYdF0?authuser=0&hl=en&rclk=1,http://www.sundaramahal.com/
wayanad adventure (evergreen tent stay),,095671 12114,,3.8,193,No,https://www.google.com/maps/place/wayanad+adventure+%28evergreen+tent+stay%29/data=!4m10!3m9!1s0x3ba60c8cf7eac9cf:0xc20b1674038d274c!5m2!4m1!1i2!8m2!3d11.629207!4d76.128762!16s%2Fg%2F11f4wvb8vd!19sChIJz8nq94wMpjsRTCeNA3QWC8I?authuser=0&hl=en&rclk=1,http://www.wayanadadventure.com/
Bethel,,099473 70437,,4.1,15,Unknown,https://www.google.com/maps/place/Bethel/data=!4m10!3m9!1s0x3ba60cd5264479a1:0xfa9474156ef20981!5m2!4m1!1i2!8m2!3d11.5967847!4d76.0864378!16s%2Fg%2F1tls18gd!19sChIJoXlEJtUMpjsRgQnybhV0lPo?authuser=0&hl=en&rclk=1,http://bethel-homestay-wayanad.blogspot.in/
Kannur Ayurvedic Multi Speciality Hospital & Yoga Research Centre,,094952 60535,,4.6,172,Unknown,https://www.google.com/maps/place/Kannur+Ayurvedic+Multi+Speciality+Hospital+%26+Yoga+Research+Centre/data=!4m10!3m9!1s0x3ba6733378947a4f:0xc16b014fe787a75!5m2!4m1!1i2!8m2!3d11.616904!4d76.0819076!16s%2Fg%2F1tfktrm2!19sChIJT3qUeDNzpjsRdXp4_hSwFgw?authuser=0&hl=en&rclk=1,http://ayurvedawayanad.com/
Fern Tree Resort,,062357 21000,,4.6,1476,Unknown,https://www.google.com/maps/place/Fern+Tree+Resort/data=!4m10!3m9!1s0x3ba5df9746256b23:0x171506e5e1ee7dd8!5m2!4m1!1i2!8m2!3d11.8069637!4d76.0242921!16s%2Fg%2F11fm_98rj6!19sChIJI2slRpffpTsR2H3u4eUGFRc?authuser=0&hl=en&rclk=1,https://ferntreeresort.com/
"Mercure Resort, Wayanad",,075104 66100,,4.9,55,Unknown,"https://www.google.com/maps/place/Mercure+Resort,+Wayanad/data=!4m10!3m9!1s0x3ba5d9ca455d807f:0x472a5048a6f657bf!5m2!4m1!1i2!8m2!3d11.7798757!4d75.9639506!16s%2Fg%2F11xfj0nwxt!19sChIJf4BdRcrZpTsRv1f2pkhQKkc?authuser=0&hl=en&rclk=1",https://oraiaresort.com/
Humming Breeze Nature Retreat,,094970 79789,,4.6,132,Unknown,https://www.google.com/maps/place/Humming+Breeze+Nature+Retreat/data=!4m10!3m9!1s0x3ba5db8705f4819b:0x6731faf2a536b48c!5m2!4m1!1i2!8m2!3d11.8279634!4d75.9734795!16s%2Fg%2F11fj6nxxm5!19sChIJm4H0BYfbpTsRjLQ2pfL6MWc?authuser=0&hl=en&rclk=1,https://www.hummingbreezeresort.com/
The Paddy Field Inn,,079076 78895,,4.2,996,Unknown,https://www.google.com/maps/place/The+Paddy+Field+Inn/data=!4m10!3m9!1s0x3ba5dffddcf21fc1:0x5b7bbe64e23aa9e1!5m2!4m1!1i2!8m2!3d11.7911324!4d76.0429015!16s%2Fg%2F11f66t9szk!19sChIJwR_y3P3fpTsR4ak64mS-e1s?authuser=0&hl=en&rclk=1,http://www.thepaddyfieldinn.com/
Pauls Retreat Wayanad,,094474 94165,,4.9,237,Unknown,https://www.google.com/maps/place/Pauls+Retreat+Wayanad/data=!4m10!3m9!1s0x3ba5df7c21593f33:0x50fd30d4cf77eb8a!5m2!4m1!1i2!8m2!3d11.807618!4d76.0495935!16s%2Fg%2F11s4sy00b8!19sChIJMz9ZIXzfpTsRiut3z9Qw_VA?authuser=0&hl=en&rclk=1,https://www.vayanad.com/
The Morning Mist,,096562 56000,,4.6,599,Unknown,https://www.google.com/maps/place/The+Morning+Mist/data=!4m10!3m9!1s0x3ba5dbea4f0bf915:0x1e650e1235baba03!5m2!4m1!1i2!8m2!3d11.8294556!4d75.9718216!16s%2Fg%2F11b7q99dsn!19sChIJFfkLT-rbpTsRA7q6NRIOZR4?authuser=0&hl=en&rclk=1,http://www.themorningmist.com/
Dream Land Residency,,04935 245 000,,4.1,1044,Unknown,https://www.google.com/maps/place/Dream+Land+Residency/data=!4m10!3m9!1s0x3ba5dea53f65d87d:0x53f493163056bb10!5m2!4m1!1i2!8m2!3d11.8025972!4d76.0058528!16s%2Fg%2F11cn7tb6vh!19sChIJfdhlP6XepTsRELtWMBaT9FM?authuser=0&hl=en&rclk=1,http://www.dreamlandresidency.com/
Hotel Wayanad Square,,083308 44141,,4.0,659,Unknown,https://www.google.com/maps/place/Hotel+Wayanad+Square/data=!4m10!3m9!1s0x3ba5dff228146e2f:0x70892632e4f8f06d!5m2!4m1!1i2!8m2!3d11.7973677!4d76.0067989!16s%2Fg%2F11f3n2bcr2!19sChIJL24UKPLfpTsRbfD45DImiXA?authuser=0&hl=en&rclk=1,http://www.hotelwayanadsquare.com/
Sharanyam Homestay,,094470 41420,,4.7,51,Unknown,https://www.google.com/maps/place/Sharanyam+Homestay/data=!4m10!3m9!1s0x3ba5db4874e5bdc9:0x6c44ed81d517557c!5m2!4m1!1i2!8m2!3d11.8168449!4d75.9634504!16s%2Fg%2F11fkt7r473!19sChIJyb3ldEjbpTsRfFUX1YHtRGw?authuser=0&hl=en&rclk=1,https://sharanyam.com/
White Fort Hotels,,094467 39000,,4.0,971,Unknown,https://www.google.com/maps/place/White+Fort+Hotels/data=!4m10!3m9!1s0x3ba5dea1cb3a4acf:0x648536049f365709!5m2!4m1!1i2!8m2!3d11.8101721!4d76.0147724!16s%2Fg%2F11b6pp__sn!19sChIJz0o6y6HepTsRCVc2nwQ2hWQ?authuser=0&hl=en&rclk=1,https://www.hotelwhitefort.in/
HOTEL MANASASARAS,,091881 87236,,3.8,333,No,https://www.google.com/maps/place/HOTEL+MANASASARAS/data=!4m10!3m9!1s0x3ba5dea5fd60315d:0xae8b71ae44306a88!5m2!4m1!1i2!8m2!3d11.806963!4d76.00483!16s%2Fg%2F11ddx5st96!19sChIJXTFg_aXepTsRiGowRK5xi64?authuser=0&hl=en&rclk=1,https://hotelmanasasaras.com/
Saptha Resort and Spa,,080865 20000,,4.8,4103,Unknown,https://www.google.com/maps/place/Saptha+Resort+and+Spa/data=!4m10!3m9!1s0x3ba60742fa78e207:0x3b95455d9651b821!5m2!4m1!1i2!8m2!3d11.6776684!4d76.2731318!16s%2Fg%2F11j1svw1xg!19sChIJB-J4-kIHpjsRIbhRll1FlTs?authuser=0&hl=en&rclk=1,https://saptharesortandspa.com/
Thejas Resorts,,099616 12125,,4.6,496,Unknown,https://www.google.com/maps/place/Thejas+Resorts/data=!4m10!3m9!1s0x3ba608bfbefb53eb:0xe77a2c04f432a08!5m2!4m1!1i2!8m2!3d11.6670419!4d76.249433!16s%2Fg%2F11c49jmlvw!19sChIJ61P7vr8IpjsRCCpDT8Cidw4?authuser=0&hl=en&rclk=1,https://www.thejasresorts.com/
Le Villagio Resort & Domes Wayanad,,094469 76000,,4.3,1834,Unknown,https://www.google.com/maps/place/Le+Villagio+Resort+%26+Domes+Wayanad/data=!4m10!3m9!1s0x3ba608c536605949:0xa6eeb5fe3bb927f3!5m2!4m1!1i2!8m2!3d11.658614!4d76.236734!16s%2Fg%2F11b7ky69k2!19sChIJSVlgNsUIpjsR8ye5O_617qY?authuser=0&hl=en&rclk=1,https://www.levillagio.com/
Le Eden Premium Wayanad Pool Resort,,097440 70657,,4.6,1068,Unknown,https://www.google.com/maps/place/Le+Eden+Premium+Wayanad+Pool+Resort/data=!4m10!3m9!1s0x3ba607dd07961297:0xb36f9bdeaa77f399!5m2!4m1!1i2!8m2!3d11.6836225!4d76.2867501!16s%2Fg%2F11gs5n5h41!19sChIJlxKWB90HpjsRmfN3qt6bb7M?authuser=0&hl=en&rclk=1,https://leedenresortwayanad.com/
Elephant House The Royal Resorts & Villas,,082817 70077,,4.9,315,Unknown,https://www.google.com/maps/place/Elephant+House+The+Royal+Resorts+%26+Villas/data=!4m10!3m9!1s0x3ba60fb2fba75725:0x5b99bfc3fff42d94!5m2!4m1!1i2!8m2!3d11.6345388!4d76.2543793!16s%2Fg%2F11ygpp9drb!19sChIJJVen-7IPpjsRlC30_8O_mVs?authuser=0&hl=en&rclk=1,https://elephanthouse.co.in/
Le Coffee Resort,,090208 90389,,4.2,1251,Unknown,https://www.google.com/maps/place/Le+Coffee+Resort/data=!4m10!3m9!1s0x3ba608b09e2e3f95:0x8a8c6615f2037a51!5m2!4m1!1i2!8m2!3d11.6582642!4d76.2550468!16s%2Fg%2F11c3174nfl!19sChIJlT8unrAIpjsRUXoD8hVmjIo?authuser=0&hl=en&rclk=1,http://www.lecoffeeresort.com/
Hotel Saffron Wayanad,,085902 00688,,4.8,2638,Unknown,https://www.google.com/maps/place/Hotel+Saffron+Wayanad/data=!4m10!3m9!1s0x3ba6090d93713125:0xfab552c66c899c77!5m2!4m1!1i2!8m2!3d11.6647014!4d76.2605443!16s%2Fg%2F11tnklzgtr!19sChIJJTFxkw0JpjsRd5yJbMZStfo?authuser=0&hl=en&rclk=1,https://saffronwayanad.com/
Sanjeevani Resorts,,098470 32188,,3.2,375,Unknown,https://www.google.com/maps/place/Sanjeevani+Resorts/data=!4m10!3m9!1s0x3ba608d1a1489223:0x62a1d77982d5ffa9!5m2!4m1!1i2!8m2!3d11.6534852!4d76.2335632!16s%2Fg%2F12hlbp16q!19sChIJI5JIodEIpjsRqf_VgnnXoWI?authuser=0&hl=en&rclk=1,http://sanjeevaniresorts.in/
The Wayanad Club | Homestay,,090614 35932,,4.4,31,Unknown,https://www.google.com/maps/place/The+Wayanad+Club+%7C+Homestay/data=!4m10!3m9!1s0x3ba609a84afaa0e5:0xb3631a1335e5bba2!5m2!4m1!1i2!8m2!3d11.6667422!4d76.2673576!16s%2Fg%2F11wx10k7hh!19sChIJ5aD6SqgJpjsRorvlNRMaY7M?authuser=0&hl=en&rclk=1,https://www.thewayanadclub.in/
Le Sapphire Hotel & Restaurant,,085754 30000,,4.3,2154,Unknown,https://www.google.com/maps/place/Le+Sapphire+Hotel+%26+Restaurant/data=!4m10!3m9!1s0x3ba609e2f0050cb7:0x864ee56e44adcc10!5m2!4m1!1i2!8m2!3d11.6683333!4d76.2663!16s%2Fg%2F11gkyxpkyj!19sChIJtwwF8OIJpjsREMytRG7lToY?authuser=0&hl=en&rclk=1,http://www.lesapphire.in/
EVORA Resorts and Spa,,095498 88877,,4.9,912,Unknown,https://www.google.com/maps/place/EVORA+Resorts+and+Spa/data=!4m10!3m9!1s0x3ba60f00754fd0c1:0xa37b8a7fa9585fc1!5m2!4m1!1i2!8m2!3d11.5995773!4d76.2132457!16s%2Fg%2F11wxrhf0bp!19sChIJwdBPdQAPpjsRwV9YqX-Ke6M?authuser=0&hl=en&rclk=1,http://www.evoraresort.com/
Wildside Wayanad Resort | Jungle Resorts In Wayanad,,079028 00997,,4.1,349,Unknown,https://www.google.com/maps/place/Wildside+Wayanad+Resort+%7C+Jungle+Resorts+In+Wayanad/data=!4m10!3m9!1s0x3ba607dd8ab1de01:0xbd5f86d780a75a0a!5m2!4m1!1i2!8m2!3d11.6985946!4d76.2833188!16s%2Fg%2F11rhjnwxkk!19sChIJAd6xit0HpjsRClqngNeGX70?authuser=0&hl=en&rclk=1,https://wildsidewayanad.com/
Sterling Wayanad,,079 6979 2028,,4.5,4239,Unknown,https://www.google.com/maps/place/Sterling+Wayanad/data=!4m10!3m9!1s0x3ba607ba47ed190f:0x569e36039ab231e7!5m2!4m1!1i2!8m2!3d11.7068459!4d76.3014559!16s%2Fg%2F11f0wh7j3v!19sChIJDxntR7oHpjsR5zGymgM2nlY?authuser=0&hl=en&rclk=1,https://www.sterlingholidays.com//resorts-hotels/wayanad/
Manayath Wayanad,,097471 11991,,5.0,157,Unknown,https://www.google.com/maps/place/Manayath+Wayanad/data=!4m10!3m9!1s0x3ba605128996b52f:0x40a8d87729258b7f!5m2!4m1!1i2!8m2!3d11.6339294!4d76.2882217!16s%2Fg%2F11n55j4k25!19sChIJL7WWiRIFpjsRf4slKXfYqEA?authuser=0&hl=en&rclk=1,http://manayathwayanad.com/
Edakkal Hermitage Resort,,098470 01491,,4.1,3334,Unknown,https://www.google.com/maps/place/Edakkal+Hermitage+Resort/data=!4m10!3m9!1s0x3ba60ab7125328bb:0xf3c05bc046f5d398!5m2!4m1!1i2!8m2!3d11.6313121!4d76.2316431!16s%2Fg%2F1tctv_f7!19sChIJuyhTErcKpjsRmNP1RsBbwPM?authuser=0&hl=en&rclk=1,http://edakkal.com/
The Hundred House by Kisah Stays,,073567 64864,,4.8,49,Unknown,https://www.google.com/maps/place/The+Hundred+House+by+Kisah+Stays/data=!4m10!3m9!1s0x3ba60f308d0acdfd:0xfa891ce25de9b9bd!5m2!4m1!1i2!8m2!3d11.6131875!4d76.2533125!16s%2Fg%2F11mrz_bsp_!19sChIJ_c0KjTAPpjsRvbnpXeIcifo?authuser=0&hl=en&rclk=1,https://kisahstays.com/thehundredhouse
Issacs Hotel Regency,,04936 220 512,,4.0,356,Unknown,https://www.google.com/maps/place/Issacs+Hotel+Regency/data=!4m10!3m9!1s0x3ba608982407cab1:0x9ae966cc779d425!5m2!4m1!1i2!8m2!3d11.6623158!4d76.256286!16s%2Fg%2F1tjrndp5!19sChIJscoHJJgIpjsRJdR5x2yWrgk?authuser=0&hl=en&rclk=1,http://www.issacsregency.com/
AUGUST RESIDENCY,,04936 225 733,,4.1,298,No,https://www.google.com/maps/place/AUGUST+RESIDENCY/data=!4m10!3m9!1s0x3ba608b8d88489e1:0xf38769b673be78bc!5m2!4m1!1i2!8m2!3d11.664212!4d76.2474034!16s%2Fg%2F1tpn0_gy!19sChIJ4YmE2LgIpjsRvHi-c7Zph_M?authuser=0&hl=en&rclk=1,https://oyo-resort-august-residency.allkeralahotels.net/en/
Government Guest House,,04936 220 225,,4.0,118,No,https://www.google.com/maps/place/Government+Guest+House/data=!4m10!3m9!1s0x3ba6061d87cbe1cd:0xa7393e3591e0cad3!5m2!4m1!1i2!8m2!3d11.6622889!4d76.2712966!16s%2Fg%2F1tdlfqpz!19sChIJzeHLhx0GpjsR08rgkTU-Oac?authuser=0&hl=en&rclk=1,https://gad.kerala.gov.in/online-guest-house-booking-0
Villa De 1945,,081380 33833,,4.5,377,Unknown,https://www.google.com/maps/place/Villa+De+1945/data=!4m10!3m9!1s0x3ba4291c521c2bf3:0xd76cd19370714003!5m2!4m1!1i2!8m2!3d11.7061875!4d75.5348125!16s%2Fg%2F11h64y2x0r!19sChIJ8yscUhwppDsRA0BxcJPRbNc?authuser=0&hl=en&rclk=1,https://www.villade1945.com/
Theertha international,,075107 77888,,3.9,748,Unknown,https://www.google.com/maps/place/Theertha+international/data=!4m10!3m9!1s0x3ba42803ba806d9f:0xe79d0a3ff21714e9!5m2!4m1!1i2!8m2!3d11.7033715!4d75.5354965!16s%2Fg%2F11fhvmlclg!19sChIJn22AugMopDsR6RQX8j8Knec?authuser=0&hl=en&rclk=1,http://www.theerthahotel.com/
Mahi Midas Sea View Hotel,,0490 233 6119,,3.4,460,Unknown,https://www.google.com/maps/place/Mahi+Midas+Sea+View+Hotel/data=!4m10!3m9!1s0x3ba682a9e14762ef:0x268fa82602fe9bfd!5m2!4m1!1i2!8m2!3d11.6995811!4d75.5346954!16s%2Fg%2F11b5pj3mry!19sChIJ72JH4amCpjsR_Zv-AiaojyY?authuser=0&hl=en&rclk=1,http://www.mahimidas.com/
Hotel French Avenue,,0490 356 0203,,3.8,256,Unknown,https://www.google.com/maps/place/Hotel+French+Avenue/data=!4m10!3m9!1s0x3ba4280185cc803f:0xe51b729af7ff5a61!5m2!4m1!1i2!8m2!3d11.7020852!4d75.5332519!16s%2Fg%2F11c7t0wff1!19sChIJP4DMhQEopDsRYVr_95pyG-U?authuser=0&hl=en&rclk=1,https://mahehotelfrenchavenue.in/
The Serenity Resort | Wayanad,,04936 274 622,,4.2,1202,Unknown,https://www.google.com/maps/place/The+Serenity+Resort+%7C+Wayanad/data=!4m10!3m9!1s0x3ba6772e92e8633b:0x501977052c9f50b2!5m2!4m1!1i2!8m2!3d11.6741922!4d75.9460703!16s%2Fg%2F11f6yvfbkz!19sChIJO2Poki53pjsRslCfLAV3GVA?authuser=0&hl=en&rclk=1,http://www.serenityresort.in/
Karlad Lake Resort - Wayanad,,096050 83379,,4.6,631,Unknown,https://www.google.com/maps/place/Karlad+Lake+Resort+-+Wayanad/data=!4m10!3m9!1s0x3ba6775300cbaa59:0xea2d420f7ad8657d!5m2!4m1!1i2!8m2!3d11.6497511!4d75.9810542!16s%2Fg%2F11ny2y7qqt!19sChIJWarLAFN3pjsRfWXYeg9CLeo?authuser=0&hl=en&rclk=1,https://karladlakeresort.com/
Wayanad Silverwoods Resorts,,097464 75714,,4.4,3765,Unknown,https://www.google.com/maps/place/Wayanad+Silverwoods+Resorts/data=!4m10!3m9!1s0x3ba676ec03cd83dd:0xf4fe455dbe5b0328!5m2!4m1!1i2!8m2!3d11.6570895!4d75.9676952!16s%2Fg%2F12m9h5pw2!19sChIJ3YPNA-x2pjsRKANbvl1F_vQ?authuser=0&hl=en&rclk=1,https://www.wayanadsilverwoods.com/
MANJOORA SADDLES RESORTS & SPA,,098777 08600,,4.8,563,Unknown,https://www.google.com/maps/place/MANJOORA+SADDLES+RESORTS+%26+SPA/data=!4m10!3m9!1s0x3ba677859cc9a5a5:0xdd11f404cfadf6c1!5m2!4m1!1i2!8m2!3d11.6475589!4d75.9801432!16s%2Fg%2F11h1rmr_t0!19sChIJpaXJnIV3pjsRwfatzwT0Ed0?authuser=0&hl=en&rclk=1,https://www.manjoorasaddles.com/
Silvergreen Resort Wayanad,,096561 00060,,4.1,2043,Unknown,https://www.google.com/maps/place/Silvergreen+Resort+Wayanad/data=!4m10!3m9!1s0x3ba677036a212169:0xb23cea5eaf504cfc!5m2!4m1!1i2!8m2!3d11.6620276!4d75.9398713!16s%2Fg%2F12cnw3_05!19sChIJaSEhagN3pjsR_ExQr17qPLI?authuser=0&hl=en&rclk=1,http://www.wayanadsilvergreen.com/
Contour Island Resort and Spa,,096455 46295,,4.4,1414,Unknown,https://www.google.com/maps/place/Contour+Island+Resort+and+Spa/data=!4m10!3m9!1s0x3ba670caeeda9533:0x61ab5e39da1867c4!5m2!4m1!1i2!8m2!3d11.6580728!4d75.937282!16s%2Fg%2F1tg5shf9!19sChIJM5Xa7spwpjsRxGcY2jleq2E?authuser=0&hl=en&rclk=1,https://contourisland.com/
Banasura Hill Resort,,095397 01354,,4.4,1061,Unknown,https://www.google.com/maps/place/Banasura+Hill+Resort/data=!4m10!3m9!1s0x3ba5d86455555555:0xae8ce3f86bedb26f!5m2!4m1!1i2!8m2!3d11.7136629!4d75.9228912!16s%2Fm%2F0k9b9cx!19sChIJVVVVVWTYpTsRb7Lta_jjjK4?authuser=0&hl=en&rclk=1,https://www.banasura.com/
Petals Resorts Wayanad,,081118 62888,,4.2,1012,Unknown,https://www.google.com/maps/place/Petals+Resorts+Wayanad/data=!4m10!3m9!1s0x3ba676ae7510ea39:0x608a13f7579048e6!5m2!4m1!1i2!8m2!3d11.638737!4d75.9826658!16s%2Fg%2F1jkwn8z_v!19sChIJOeoQda52pjsR5kiQV_cTimA?authuser=0&hl=en&rclk=1,http://www.petalsresorts.com/
Banasura Jungle Resort by Z Vacations,,097420 54269,,4.7,998,Unknown,https://www.google.com/maps/place/Banasura+Jungle+Resort+by+Z+Vacations/data=!4m10!3m9!1s0x3ba6776aabd07039:0x47983562e2b714d0!5m2!4m1!1i2!8m2!3d11.7134129!4d75.9211671!16s%2Fg%2F11v59_74cy!19sChIJOXDQq2p3pjsR0BS34mI1mEc?authuser=0&hl=en&rclk=1,https://z.vacations/?utm_source=gmb
Avalley Villas,,099462 66600,,4.2,240,Unknown,https://www.google.com/maps/place/Avalley+Villas/data=!4m10!3m9!1s0x3ba676f4e54224b5:0xd63d5ba1fc8cb338!5m2!4m1!1i2!8m2!3d11.6738957!4d75.9675079!16s%2Fg%2F11f281tpvk!19sChIJtSRC5fR2pjsROLOM_KFbPdY?authuser=0&hl=en&rclk=1,https://avalley-villas-65495.hotelsgds.com/
Mizzle Resort,,081138 88644,,4.3,381,Unknown,https://www.google.com/maps/place/Mizzle+Resort/data=!4m10!3m9!1s0x3ba67735e899ad6f:0x1b35a2698bfc3790!5m2!4m1!1i2!8m2!3d11.6552049!4d75.9702322!16s%2Fg%2F11h918413j!19sChIJb62Z6DV3pjsRkDf8i2miNRs?authuser=0&hl=en&rclk=1,https://www.mizzleresort.com/
Misty Dam Resort,,085901 27443,,4.3,674,Unknown,https://www.google.com/maps/place/Misty+Dam+Resort/data=!4m10!3m9!1s0x3ba677e5ca3df579:0xed9a48a6d0c24d56!5m2!4m1!1i2!8m2!3d11.6648343!4d75.9442176!16s%2Fg%2F11gh0l_4l8!19sChIJefU9yuV3pjsRVk3C0KZImu0?authuser=0&hl=en&rclk=1,http://www.mistydamresort.in/
Edenic Village,,075111 91888,,4.6,51,Unknown,https://www.google.com/maps/place/Edenic+Village/data=!4m10!3m9!1s0x3ba67753ff9a00ff:0x782165e69df82054!5m2!4m1!1i2!8m2!3d11.6772163!4d75.9627317!16s%2Fg%2F11l6m8mm19!19sChIJ_wCa_1N3pjsRVCD4neZlIXg?authuser=0&hl=en&rclk=1,https://edenicvillage.com/
Prakrithi Luxe Retreat,,098958 58909,,4.5,64,Unknown,https://www.google.com/maps/place/Prakrithi+Luxe+Retreat/data=!4m10!3m9!1s0x3ba6778d46aceb85:0xfe0c5851d1f2c1a8!5m2!4m1!1i2!8m2!3d11.6779153!4d75.9449745!16s%2Fg%2F11xywrb90j!19sChIJheusRo13pjsRqMHy0VFYDP4?authuser=0&hl=en&rclk=1,https://prakrithiluxeretreat.com/
Karlad Lake Palace Waterfront Resort by StayRAa,,062826 87991,,4.7,151,Unknown,https://www.google.com/maps/place/Karlad+Lake+Palace+Waterfront+Resort+by+StayRAa/data=!4m10!3m9!1s0x3ba67750c171fd45:0xb2e14caa021e785c!5m2!4m1!1i2!8m2!3d11.6523967!4d75.9839055!16s%2Fg%2F11tczv5h47!19sChIJRf1xwVB3pjsRXHgeAqpM4bI?authuser=0&hl=en&rclk=1,http://karladlakepalace.com/
NIRVANICA RETREAT,,099616 06077,,4.4,134,Unknown,https://www.google.com/maps/place/NIRVANICA+RETREAT/data=!4m10!3m9!1s0x3ba6775ff2337c69:0x963d24d05d696a94!5m2!4m1!1i2!8m2!3d11.6675304!4d75.9419413!16s%2Fg%2F11y08fts56!19sChIJaXwz8l93pjsRlGppXdAkPZY?authuser=0&hl=en&rclk=1,https://nirvanica-life.com/
Camplights Stays Wayanad,,099610 06632,,5.0,14,Unknown,https://www.google.com/maps/place/Camplights+Stays+Wayanad/data=!4m10!3m9!1s0x3ba6776ad5bc6eaf:0x2a8c8f53ccf5f7ae!5m2!4m1!1i2!8m2!3d11.6805233!4d75.9470801!16s%2Fg%2F11yvcr_rjk!19sChIJr2681Wp3pjsRrvf1zFOPjCo?authuser=0&hl=en&rclk=1,https://www.camplightsstays.com/
Golden Cypress Resort Wayanad,,062826 33635,,3.7,88,Unknown,https://www.google.com/maps/place/Golden+Cypress+Resort+Wayanad/data=!4m10!3m9!1s0x3ba677f3379e9e71:0x615de59f3867653c!5m2!4m1!1i2!8m2!3d11.6508156!4d75.9920466!16s%2Fg%2F11tws19fkk!19sChIJcZ6eN_N3pjsRPGVnOJ_lXWE?authuser=0&hl=en&rclk=1,https://golden-cypress-resort-with-pool.allkeralahotels.net/en/
Seagot Banasura Resorts,,097474 40404,,4.1,1887,Unknown,https://www.google.com/maps/place/Seagot+Banasura+Resorts/data=!4m10!3m9!1s0x3ba6777a67e8e9c9:0x2d11efc28f40a734!5m2!4m1!1i2!8m2!3d11.6506203!4d75.9630328!16s%2Fg%2F1tdwyzps!19sChIJyenoZ3p3pjsRNKdAj8LvES0?authuser=0&hl=en&rclk=1,https://www.seagotbanasuraresorts.com/
Cradle of Banasura,,094487 50225,,4.9,222,Unknown,https://www.google.com/maps/place/Cradle+of+Banasura/data=!4m10!3m9!1s0x3ba6779c7ccfb709:0x8330db570eb624f1!5m2!4m1!1i2!8m2!3d11.6951377!4d75.943701!16s%2Fg%2F11w3l8vdd9!19sChIJCbfPfJx3pjsR8SS2DlfbMIM?authuser=0&hl=en&rclk=1,https://www.cradleofbanasuraresort.in/
family villa.hut,,070257 57461,,4.7,45,Unknown,https://www.google.com/maps/place/family+villa.hut/data=!4m10!3m9!1s0x3ba677d2c9d42a87:0x63bdba18c4538226!5m2!4m1!1i2!8m2!3d11.6890635!4d75.9595526!16s%2Fg%2F11fn98sqdd!19sChIJhyrUydJ3pjsRJoJTxBi6vWM?authuser=0&hl=en&rclk=1,https://familyvillahut.com/
"Mountain Shadows Resort, Wayanad",,00 891 3090,,4.7,2730,Unknown,"https://www.google.com/maps/place/Mountain+Shadows+Resort,+Wayanad/data=!4m10!3m9!1s0x3ba67722ad1ed913:0x8b2c102c146ab41f!5m2!4m1!1i2!8m2!3d11.6529311!4d75.9346959!16s%2Fg%2F11f15lpc2j!19sChIJE9kerSJ3pjsRH7RqFCwQLIs?authuser=0&hl=en&rclk=1",https://www.mountainshadows.in/
Black Stone resort,,097454 10123,,4.3,94,Unknown,https://www.google.com/maps/place/Black+Stone+resort/data=!4m10!3m9!1s0x3ba677393ac61e7b:0x31635129995e2979!5m2!4m1!1i2!8m2!3d11.6650282!4d75.9364633!16s%2Fg%2F11p162ggwt!19sChIJex7GOjl3pjsReSlemSlRYzE?authuser=0&hl=en&rclk=1,http://blackstoneresort.in/
Novera Banasura by Noble,,099460 12529,,4.9,248,Unknown,https://www.google.com/maps/place/Novera+Banasura+by+Noble/data=!4m10!3m9!1s0x3ba677355e7fd283:0x12f62e0f8c478e58!5m2!4m1!1i2!8m2!3d11.6454543!4d75.9743043!16s%2Fg%2F11j1fbk95j!19sChIJg9J_XjV3pjsRWI5HjA8u9hI?authuser=0&hl=en&rclk=1,https://noverabanasura.com/
Lake Paradise Resort,,079079 97344,,4.4,43,Unknown,https://www.google.com/maps/place/Lake+Paradise+Resort/data=!4m10!3m9!1s0x3ba6770045f87b8f:0x4b8f845d17245fb8!5m2!4m1!1i2!8m2!3d11.6648661!4d75.9661996!16s%2Fg%2F11xcqg7qlv!19sChIJj3v4RQB3pjsRuF8kF12Ej0s?authuser=0&hl=en&rclk=1,https://lakeparadisewayanad.com/
Dam View Glamps by SZ,,080896 64380,,4.5,59,Unknown,https://www.google.com/maps/place/Dam+View+Glamps+by+SZ/data=!4m10!3m9!1s0x3ba67743c82ed7a1:0xc1f49a5d8ea9b066!5m2!4m1!1i2!8m2!3d11.658204!4d75.9613905!16s%2Fg%2F11r_k7pgk1!19sChIJodcuyEN3pjsRZrCpjl2a9ME?authuser=0&hl=en&rclk=1,http://www.szdevelopers.com/
Sky View Residency,,0124 620 1164,,3.8,165,Unknown,https://www.google.com/maps/place/Sky+View+Residency/data=!4m10!3m9!1s0x3ba6768855a53aa5:0x6d680193a3738072!5m2!4m1!1i2!8m2!3d11.6751443!4d75.9784778!16s%2Fg%2F11c61s7w34!19sChIJpTqlVYh2pjsRcoBzo5MBaG0?authuser=0&hl=en&rclk=1,https://oyo-41382-sky-view-residency.kerala-hotels-resorts.com/en/
Misty Peak Resort,,098958 89911,,4.2,766,Unknown,https://www.google.com/maps/place/Misty+Peak+Resort/data=!4m10!3m9!1s0x3ba677cef38f6ca5:0xa40e8029269028c!5m2!4m1!1i2!8m2!3d11.6517222!4d75.9854301!16s%2Fg%2F11lpz__q4y!19sChIJpWyP8853pjsRjAJpkgLoQAo?authuser=0&hl=en&rclk=1,https://misty-peak-by-bestinn-leisure-wayanad.allkeralahotels.net/en/
Nieve Boutique Hotel by Z Vacations,,073065 48584,,4.8,624,Unknown,https://www.google.com/maps/place/Nieve+Boutique+Hotel+by+Z+Vacations/data=!4m10!3m9!1s0x3ba677007fcce6bb:0xcdcd437fb329373b!5m2!4m1!1i2!8m2!3d11.6451797!4d75.979091!16s%2Fg%2F11vlytn_zr!19sChIJu-bMfwB3pjsROzcps39Dzc0?authuser=0&hl=en&rclk=1,https://nieve-by-z-vacations.kerala-hotels-resorts.com/en/
Grand flora Resort,,095265 48866,,5.0,28,Unknown,https://www.google.com/maps/place/Grand+flora+Resort/data=!4m10!3m9!1s0x3ba677f2cbd6dbfd:0xf3fe9c58355c853f!5m2!4m1!1i2!8m2!3d11.6956779!4d75.936739!16s%2Fg%2F11zg39f2s4!19sChIJ_dvWy_J3pjsRP4VcNVic_vM?authuser=0&hl=en&rclk=1,http://www.grandfloraresort.com/
Zadokz Farmstay,,096055 75281,,4.5,31,Unknown,https://www.google.com/maps/place/Zadokz+Farmstay/data=!4m10!3m9!1s0x3ba6778dd80ddc4f:0xb11f98a68f5c372a!5m2!4m1!1i2!8m2!3d11.6837571!4d75.968849!16s%2Fg%2F11z810fttt!19sChIJT9wN2I13pjsRKjdcj6aYH7E?authuser=0&hl=en&rclk=1,https://zadokzfarmstay.com/
Mamoksha Riverdale,,099404 79224,,4.7,22,Unknown,https://www.google.com/maps/place/Mamoksha+Riverdale/data=!4m10!3m9!1s0x3ba677c5b6658c2f:0xff106e726f4efb5b!5m2!4m1!1i2!8m2!3d11.6767162!4d75.9465619!16s%2Fg%2F11yylqpqmr!19sChIJL4xltsV3pjsRW_tOb3JuEP8?authuser=0&hl=en&rclk=1,https://mamokshariverdale.com/
Wayanad Silver Blooms,,096567 80604,,4.4,152,Unknown,https://www.google.com/maps/place/Wayanad+Silver+Blooms/data=!4m10!3m9!1s0x3ba677138300120b:0xbdf4cd434bc87824!5m2!4m1!1i2!8m2!3d11.6749975!4d75.9409306!16s%2Fg%2F11fkf96f6k!19sChIJCxIAgxN3pjsRJHjIS0PN9L0?authuser=0&hl=en&rclk=1,http://wayanadsilverblooms.com/
Sarovaram Villa,,099957 77699,,4.4,56,Unknown,https://www.google.com/maps/place/Sarovaram+Villa/data=!4m10!3m9!1s0x3ba677c2bc638baf:0x9e911207fb570d34!5m2!4m1!1i2!8m2!3d11.644876!4d75.9775672!16s%2Fg%2F11fd67w93b!19sChIJr4tjvMJ3pjsRNA1X-wcSkZ4?authuser=0&hl=en&rclk=1,https://www.stayvista.com/villa/eira-villa
BanasuraLake View,,095629 44780,,3.8,74,No,https://www.google.com/maps/place/BanasuraLake+View/data=!4m10!3m9!1s0x3ba677693637e29d:0xc7f5552e70dd2a75!5m2!4m1!1i2!8m2!3d11.6675007!4d75.9417192!16s%2Fg%2F11f6f_b7ft!19sChIJneI3Nml3pjsRdSrdcC5V9cc?authuser=0&hl=en&rclk=1,https://banasuralakeview.com/
Lake view Cottage Wayanad,,096454 04766,,4.4,24,Unknown,https://www.google.com/maps/place/Lake+view+Cottage+Wayanad/data=!4m10!3m9!1s0x3ba6776aa77fd787:0xbcb98430c0fe289f!5m2!4m1!1i2!8m2!3d11.6469801!4d75.9723881!16s%2Fg%2F11vln_8yw3!19sChIJh9d_p2p3pjsRnyj-wDCEubw?authuser=0&hl=en&rclk=1,http://lakeviewcottages.in/
Village Pavilion Resort,,081369 09991,,4.5,24,No,https://www.google.com/maps/place/Village+Pavilion+Resort/data=!4m10!3m9!1s0x3ba427006ed86477:0x809ce82283c7fd55!5m2!4m1!1i2!8m2!3d11.776901!4d75.515472!16s%2Fg%2F11vpr3fnb8!19sChIJd2TYbgAnpDsRVf3HgyLonIA?authuser=0&hl=en&rclk=1,http://www.villagepavilion.com/
Yem Cee Rivera Homestays,,083104 04844,,5.0,4,Unknown,https://www.google.com/maps/place/Yem+Cee+Rivera+Homestays/data=!4m10!3m9!1s0x3ba427b5c57e53e7:0x75c959f7b51b33cf!5m2!4m1!1i2!8m2!3d11.760291!4d75.4898838!16s%2Fg%2F11g0g4v0_h!19sChIJ51N-xbUnpDsRzzMbtfdZyXU?authuser=0&hl=en&rclk=1,http://yemceerivera.com/
The Pearl View Hotel,,086069 09808,,4.6,884,Unknown,https://www.google.com/maps/place/The+Pearl+View+Hotel/data=!4m10!3m9!1s0x3ba4279b82fcef97:0x573f6a2fbee6be00!5m2!4m1!1i2!8m2!3d11.7645242!4d75.4795333!16s%2Fg%2F11v3_t5n1n!19sChIJl-_8gpsnpDsRAL7mvi9qP1c?authuser=0&hl=en&rclk=1,https://pearlviewhotel.com/
Tranquility Beach Home,,0490 232 2935,,4.0,71,Unknown,https://www.google.com/maps/place/Tranquility+Beach+Home/data=!4m10!3m9!1s0x3ba426a2d998b74d:0x733201b8d6ecc4e5!5m2!4m1!1i2!8m2!3d11.7757!4d75.4557816!16s%2Fg%2F1yg93l8jz!19sChIJTbeY2aImpDsR5cTs1rgBMnM?authuser=0&hl=en&rclk=1,http://www.homestaymalabar.com/
Mascot Beach Resort,,0497 270 8445,,4.1,5457,Unknown,https://www.google.com/maps/place/Mascot+Beach+Resort/data=!4m10!3m9!1s0x399c47720e4ce3fd:0x735bbcec4a3a4ca3!5m2!4m1!1i2!8m2!3d11.858199!4d75.360823!16s%2Fg%2F11r8yj6yj!19sChIJ_eNMDnJHnDkRo0w6Suy8W3M?authuser=0&hl=en&rclk=1,http://www.mascotbeachresort.com/.
The Malabar Beach Resort,,099956 02020,,4.3,515,Unknown,https://www.google.com/maps/place/The+Malabar+Beach+Resort/data=!4m10!3m9!1s0x3ba4230d11d24ef3:0x9c0f3d26f76e1abe!5m2!4m1!1i2!8m2!3d11.8359609!4d75.4071271!16s%2Fg%2F11b6rvyx4w!19sChIJ807SEQ0jpDsRvhpu9yY9D5w?authuser=0&hl=en&rclk=1,https://malabarbeachresort.com/
Sunfun Beach House,,079075 17084,,4.2,632,Unknown,https://www.google.com/maps/place/Sunfun+Beach+House/data=!4m10!3m9!1s0x3ba417de7de4178b:0x9df4f0bb66461a51!5m2!4m1!1i2!8m2!3d11.8902533!4d75.337349!16s%2Fg%2F11b73jv_zv!19sChIJixfkfd4XpDsRURpGZrvw9J0?authuser=0&hl=en&rclk=1,https://sunfun-beach-house.kerala-hotels-resorts.com/en/
Ocean Hues Beach House,,094471 30075,,4.5,138,Unknown,https://www.google.com/maps/place/Ocean+Hues+Beach+House/data=!4m10!3m9!1s0x3ba43d4d263ae77d:0xcfc3f0ae9e7940e7!5m2!4m1!1i2!8m2!3d11.8244924!4d75.4164487!16s%2Fg%2F1tvdh6vx!19sChIJfec6Jk09pDsR50B5nq7ww88?authuser=0&hl=en&rclk=1,http://www.oceanhues.com/
kannur ocean green home stay,,099464 65318,,4.6,273,Unknown,https://www.google.com/maps/place/kannur+ocean+green+home+stay/data=!4m10!3m9!1s0x3ba42311852dee71:0xdb6fabf691fb03c6!5m2!4m1!1i2!8m2!3d11.8390375!4d75.4047382!16s%2Fg%2F1hhkbr68l!19sChIJce4thREjpDsRxgP7kfarb9s?authuser=0&hl=en&rclk=1,http://kannuroceangreenhomestay.com/
Kannur Beachview Homestay,,079942 54970,,4.6,188,Unknown,https://www.google.com/maps/place/Kannur+Beachview+Homestay/data=!4m10!3m9!1s0x3ba4236986b3e051:0xd8969edb1e990a5c!5m2!4m1!1i2!8m2!3d11.836144!4d75.4065381!16s%2Fg%2F11ssrccvdn!19sChIJUeCzhmkjpDsRXAqZHtueltg?authuser=0&hl=en&rclk=1,http://kannurbeachviewhomestay.com/
Amban Heritage,,094487 14334,,4.6,157,Unknown,https://www.google.com/maps/place/Amban+Heritage/data=!4m10!3m9!1s0x3ba43cc56de63407:0x333e58080fffe7c4!5m2!4m1!1i2!8m2!3d11.8830878!4d75.4015112!16s%2Fg%2F12mkvn7jq!19sChIJBzTmbcU8pDsRxOf_DwhYPjM?authuser=0&hl=en&rclk=1,http://www.ambanheritage.in/
"Broad Bean, Kannur | The Business Class Hotel",,0497 271 7777,,4.1,1954,Unknown,"https://www.google.com/maps/place/Broad+Bean,+Kannur+%7C+The+Business+Class+Hotel/data=!4m10!3m9!1s0x3ba422ccf74e7d71:0xa813aecaa8f7002b!5m2!4m1!1i2!8m2!3d11.8665786!4d75.3724038!16s%2Fg%2F1hf2k2ggl!19sChIJcX1O98wipDsRKwD3qMquE6g?authuser=0&hl=en&rclk=1",http://broadbeankannur.com/
Treebo Sadhoo Heritage,,0497 272 6377,,4.1,827,Unknown,https://www.google.com/maps/place/Treebo+Sadhoo+Heritage/data=!4m10!3m9!1s0x3ba43d287a22cc51:0x6e25a8605017367f!5m2!4m1!1i2!8m2!3d11.8804004!4d75.3855782!16s%2Fg%2F1pt_ylm_6!19sChIJUcwieig9pDsRfzYXUGCoJW4?authuser=0&hl=en&rclk=1,https://www.treebo.com/hotels-in-kannur/treebo-sadhoo-heritage-thana-4151/?utm_source=partnerships&utm_medium=gmb&utm_campaign=gmblisting
State Beach Boutique Resort & Spa,,080868 88286,,4.0,1289,Unknown,https://www.google.com/maps/place/State+Beach+Boutique+Resort+%26+Spa/data=!4m10!3m9!1s0x3ba423b873b14f71:0x5cccbaa47b91acba!5m2!4m1!1i2!8m2!3d11.865375!4d75.3541189!16s%2Fg%2F11h59rxccl!19sChIJcU-xc7gjpDsRuqyRe6S6zFw?authuser=0&hl=en&rclk=1,https://statebeachresort.com/
Krishna Beach Resort,,0497 271 5888,,4.5,2376,Unknown,https://www.google.com/maps/place/Krishna+Beach+Resort/data=!4m10!3m9!1s0x3ba4178537c29f1f:0x880172755d4cadb2!5m2!4m1!1i2!8m2!3d11.8871822!4d75.3408666!16s%2Fg%2F11ghtmt3ff!19sChIJH5_CN4UXpDsRsq1MXXVyAYg?authuser=0&hl=en&rclk=1,https://www.kbrkannur.com/
Asokam Beach Resort and Ayurveda Chikitsa Kendram,,094460 70373,,4.0,645,Unknown,https://www.google.com/maps/place/Asokam+Beach+Resort+and+Ayurveda+Chikitsa+Kendram/data=!4m10!3m9!1s0x3ba43d5f50ece47f:0xc323d627c38d7b15!5m2!4m1!1i2!8m2!3d11.8848235!4d75.3417426!16s%2Fg%2F1tlqnf1x!19sChIJf-TsUF89pDsRFXuNwyfWI8M?authuser=0&hl=en&rclk=1,http://www.asokambeachresort.com/
Papa Cheri Beach House,,088485 45364,,4.8,185,Unknown,https://www.google.com/maps/place/Papa+Cheri+Beach+House/data=!4m10!3m9!1s0x3ba43de1f4d59751:0xf97c8af7e5dea731!5m2!4m1!1i2!8m2!3d11.8829209!4d75.3430256!16s%2Fg%2F11vxtzlgt8!19sChIJUZfV9OE9pDsRMafe5feKfPk?authuser=0&hl=en&rclk=1,https://bookingengine.stayflexi.com/?hotel_id=35791
Kannur Beach House,,098471 86330,,4.5,352,Unknown,https://www.google.com/maps/place/Kannur+Beach+House/data=!4m10!3m9!1s0x3ba423121d3bde6b:0x8864f3c96a971262!5m2!4m1!1i2!8m2!3d11.8382621!4d75.4056025!16s%2Fg%2F1hm6lxdvx!19sChIJa947HRIjpDsRYhKXasnzZIg?authuser=0&hl=en&rclk=1,http://www.kannurbeachhouse.com/
Riveria By Vstays,,092071 88199,,4.9,151,Unknown,https://www.google.com/maps/place/Riveria+By+Vstays/data=!4m10!3m9!1s0x3ba65bb72147aef7:0xec4c7cab6535f04c!5m2!4m1!1i2!8m2!3d11.1967917!4d75.8376716!16s%2Fg%2F11z13jn2mb!19sChIJ965HIbdbpjsRTPA1Zat8TOw?authuser=0&hl=en&rclk=1,http://www.riveriabyvstays.in/
The Raviz Kadavu,,0495 241 1111,,4.2,8287,Unknown,https://www.google.com/maps/place/The+Raviz+Kadavu/data=!4m10!3m9!1s0x3ba65a92f49fa363:0x7c790213599affc7!5m2!4m1!1i2!8m2!3d11.2046626!4d75.8665184!16s%2Fg%2F1tnk_vfj!19sChIJY6Of9JJapjsRx_-aWRMCeXw?authuser=0&hl=en&rclk=1,http://theraviz.com/
Vzoneriveredge,,081060 90909,,4.5,10,No,https://www.google.com/maps/place/Vzoneriveredge/data=!4m10!3m9!1s0x3ba65f00379d1683:0xfdb056a1bf4c378!5m2!4m1!1i2!8m2!3d11.338954!4d75.763345!16s%2Fg%2F11x5d4d0kr!19sChIJgxadNwBfpjsReMP0G2oF2w8?authuser=0&hl=en&rclk=1,https://vzoneriveredge.com/
Hotel Villa Maryam,,096561 15092,,4.3,519,Unknown,https://www.google.com/maps/place/Hotel+Villa+Maryam/data=!4m10!3m9!1s0x3ba6591c2926a65b:0x3869caed064d5421!5m2!4m1!1i2!8m2!3d11.2627503!4d75.7912345!16s%2Fg%2F11h5wqsxjj!19sChIJW6YmKRxZpjsRIVRNBu3KaTg?authuser=0&hl=en&rclk=1,http://www.hotelvillamaryam.in/
Staydium Bungalow Resort,,079024 00666,,4.5,400,Unknown,https://www.google.com/maps/place/Staydium+Bungalow+Resort/data=!4m10!3m9!1s0x3ba65fce86829459:0x9c5bcf0968dab1c5!5m2!4m1!1i2!8m2!3d11.2759201!4d75.7758796!16s%2Fg%2F11sryrhc5m!19sChIJWZSChs5fpjsRxbHaaAnPW5w?authuser=0&hl=en&rclk=1,https://staydium.in/
WHITE SUITE HOTEL,,070251 82222,,4.1,734,Unknown,https://www.google.com/maps/place/WHITE+SUITE+HOTEL/data=!4m10!3m9!1s0x3ba65b1b5f77030d:0xd76116577935a68e!5m2!4m1!1i2!8m2!3d11.2031017!4d75.8662811!16s%2Fg%2F11qqqpz80t!19sChIJDQN3XxtbpjsRjqY1eVcWYdc?authuser=0&hl=en&rclk=1,http://whitesuite.in/
Kovilakam Residency Pvt Ltd,,075104 43500,,4.7,6503,Unknown,https://www.google.com/maps/place/Kovilakam+Residency+Pvt+Ltd/data=!4m10!3m9!1s0x3ba65966e41e9753:0xc4080e8745c3c195!5m2!4m1!1i2!8m2!3d11.244861!4d75.7992898!16s%2Fg%2F1tls18gl!19sChIJU5ce5GZZpjsRlcHDRYcOCMQ?authuser=0&hl=en&rclk=1,https://www.kovilakamhotel.com/
Treebo Casino,,093228 00100,,4.1,742,Unknown,https://www.google.com/maps/place/Treebo+Casino/data=!4m10!3m9!1s0x3ba659e23b15ddb1:0xb1b861b2080615f1!5m2!4m1!1i2!8m2!3d11.2512893!4d75.7747738!16s%2Fg%2F11h0vsyyrq!19sChIJsd0VO-JZpjsR8RUGCLJhuLE?authuser=0&hl=en&rclk=1,https://www.treebo.com/hotels-in-kozhikode/treebo-casino-court-road-1175/?utm_source=partnerships&utm_medium=gmb&utm_campaign=gmblisting
Jayuz Home-Stay & Foodies,,094972 78046,,4.8,170,Unknown,https://www.google.com/maps/place/Jayuz+Home-Stay+%26+Foodies/data=!4m10!3m9!1s0x3ba65bb209a0f7cb:0xea6f5c63508c2015!5m2!4m1!1i2!8m2!3d11.2500387!4d75.8240976!16s%2Fg%2F11ll6klgzh!19sChIJy_egCbJbpjsRFSCMUGNcb-o?authuser=0&hl=en&rclk=1,https://jayuzhomestay.com/
Harivihar,,094003 62906,,4.5,110,Unknown,https://www.google.com/maps/place/Harivihar/data=!4m10!3m9!1s0x3ba65ec56c9ff729:0x96753cc5dcaf034f!5m2!4m1!1i2!8m2!3d11.2800829!4d75.7746782!16s%2Fg%2F1tc_v0ft!19sChIJKfefbMVepjsRTwOv3MU8dZY?authuser=0&hl=en&rclk=1,http://harivihar.com/
Aagneyam grand resort,,080860 21778,,4.6,148,Unknown,https://www.google.com/maps/place/Aagneyam+grand+resort/data=!4m10!3m9!1s0x3ba65f8eda25802d:0xc5e177a680de41ba!5m2!4m1!1i2!8m2!3d11.2768757!4d75.7730437!16s%2Fg%2F11ytxdgpfg!19sChIJLYAl2o5fpjsRukHegKZ34cU?authuser=0&hl=en&rclk=1,https://aagneyamhotels.com/
Swapnatheeram,,085471 07945,,3.7,41,Unknown,https://www.google.com/maps/place/Swapnatheeram/data=!4m10!3m9!1s0x3ba65e1a70c43089:0xadfd2389defc23fb!5m2!4m1!1i2!8m2!3d11.3467942!4d75.7919023!16s%2Fg%2F11z5sf1w1!19sChIJiTDEcBpepjsR-yP83okj_a0?authuser=0&hl=en&rclk=1,http://www.swapnatheeram.co.in/
Hotel Soorya Galaxy,,093882 81018,,3.8,533,Unknown,https://www.google.com/maps/place/Hotel+Soorya+Galaxy/data=!4m10!3m9!1s0x3ba65a0caf61d441:0x8f6f6fb784b840e6!5m2!4m1!1i2!8m2!3d11.1889745!4d75.8296387!16s%2Fg%2F1hm50702n!19sChIJQdRhrwxapjsR5kC4hLdvb48?authuser=0&hl=en&rclk=1,https://www.hotelsooryagalaxy.in/
KPM TRIPENTA HOTEL,,062359 96607,,4.3,2881,Unknown,https://www.google.com/maps/place/KPM+TRIPENTA+HOTEL/data=!4m10!3m9!1s0x3ba659f860e349d3:0xada70f570af9dcae!5m2!4m1!1i2!8m2!3d11.2690035!4d75.7898538!16s%2Fg%2F11h3bt49hz!19sChIJ00njYPhZpjsRrtz5ClcPp60?authuser=0&hl=en&rclk=1,http://www.kpmtripentacalicut.com/
The Raviz Calicut,,0495 222 1111,,4.3,3979,Unknown,https://www.google.com/maps/place/The+Raviz+Calicut/data=!4m10!3m9!1s0x3ba65948c6d84f09:0x469763dbfcb2e0f9!5m2!4m1!1i2!8m2!3d11.2599982!4d75.7885532!16s%2Fg%2F11clh22md5!19sChIJCU_YxkhZpjsR-eCy_Ntjl0Y?authuser=0&hl=en&rclk=1,http://theraviz.com/raviz-calicut/
Sea Queen Hotel,,094965 93793,,3.9,4541,Unknown,https://www.google.com/maps/place/Sea+Queen+Hotel/data=!4m10!3m9!1s0x3ba659234c07d7c9:0x635b2ef58d7339d2!5m2!4m1!1i2!8m2!3d11.2510491!4d75.7721203!16s%2Fg%2F1tjmc2lq!19sChIJydcHTCNZpjsR0jlzjfUuW2M?authuser=0&hl=en&rclk=1,http://www.seaqueenhotel.com/
HOTEL ALAKAPURI KOZHIKODE,,0495 272 3451,,4.0,3292,No,https://www.google.com/maps/place/HOTEL+ALAKAPURI+KOZHIKODE/data=!4m10!3m9!1s0x3ba65940fa1046ed:0x699b1d71beca7a42!5m2!4m1!1i2!8m2!3d11.2504081!4d75.7862771!16s%2Fg%2F1tflkwc0!19sChIJ7UYQ-kBZpjsRQnrKvnEdm2k?authuser=0&hl=en&rclk=1,http://hotelalakapuri.com/
Beachway Inn,,0495 236 0666,,2.8,33,Unknown,https://www.google.com/maps/place/Beachway+Inn/data=!4m10!3m9!1s0x3ba6593acfae1d43:0x19e3b8724cda3124!5m2!4m1!1i2!8m2!3d11.2557735!4d75.7725426!16s%2Fg%2F11yb1pg87j!19sChIJQx2uzzpZpjsRJDHaTHK44xk?authuser=0&hl=en&rclk=1,https://beachwayinn.com/
Hizan homestay,,097783 64237,,4.2,45,Unknown,https://www.google.com/maps/place/Hizan+homestay/data=!4m10!3m9!1s0x3ba65b451d52f733:0xa354a022871e6eda!5m2!4m1!1i2!8m2!3d11.2527966!4d75.8304584!16s%2Fg%2F11h3qrk553!19sChIJM_dSHUVbpjsR2m4ehyKgVKM?authuser=0&hl=en&rclk=1,https://hizanhomestay.indiadirectly.com/
The Outrigger - 2 Bedroom Beachfront Villa,,070122 81851,,3.9,51,Unknown,https://www.google.com/maps/place/The+Outrigger+-+2+Bedroom+Beachfront+Villa/data=!4m10!3m9!1s0x3ba65f958e4bfa37:0xdee2436d1fd594b4!5m2!4m1!1i2!8m2!3d11.3297149!4d75.736575!16s%2Fg%2F11bw5_mj2m!19sChIJN_pLjpVfpjsRtJTVH21D4t4?authuser=0&hl=en&rclk=1,http://theoutrigger.in/
The Gateway Hotel Calicut,,0495 661 3000,,4.2,3976,Unknown,https://www.google.com/maps/place/The+Gateway+Hotel+Calicut/data=!4m10!3m9!1s0x3ba6593069362b83:0xb73f81659be56436!5m2!4m1!1i2!8m2!3d11.2589591!4d75.7735531!16s%2Fg%2F1tm67c5t!19sChIJgys2aTBZpjsRNmTlm2WBP7c?authuser=0&hl=en&rclk=1,https://www.tajhotels.com/en-in/hotels/gateway-calicut?utm_medium=local&utm_source=google&utm_campaign=gateway-calicut
Accord Highland Ooty,Manikandan,0423 245 0021,,4.5,1739,Unknown,https://www.google.com/maps/place/Accord+Highland+Ooty/data=!4m10!3m9!1s0x3ba8bde23b068253:0xa0c4b4497e958cee!5m2!4m1!1i2!8m2!3d11.4181647!4d76.7316355!16s%2Fg%2F11xfpqbp3!19sChIJU4IGO-K9qDsR7oyVfkm0xKA?authuser=0&hl=en&rclk=1,https://www.theaccordhotels.com/highland-ooty/
Silent Valley Farm Resort by VOYE HOMES,,094878 17756,,4.5,1877,Unknown,https://www.google.com/maps/place/Silent+Valley+Farm+Resort+by+VOYE+HOMES/data=!4m10!3m9!1s0x3ba8bdd8de86db63:0x223bca0f69f2f6ac!5m2!4m1!1i2!8m2!3d11.439779!4d76.7158836!16s%2Fg%2F11fkj5bm9t!19sChIJY9uG3ti9qDsRrPbyaQ_KOyI?authuser=0&hl=en&rclk=1,https://voyehomes.com/silent-valley-farm-resort-by-voye-homes-cy
Sinclairs Retreat Ooty,,071362635,,3.8,2675,Unknown,https://www.google.com/maps/place/Sinclairs+Retreat+Ooty/data=!4m10!3m9!1s0x3ba8bd8855555599:0x561a9037d61f03f!5m2!4m1!1i2!8m2!3d11.409319!4d76.720907!16s%2Fg%2F1q62dzfhs!19sChIJmVVVVYi9qDsRP_BhfQOpYQU?authuser=0&hl=en&rclk=1,https://www.sinclairshotels.com/ooty
Sterling Ooty - Fern Hill,,079 6979 2006,,4.4,16565,Unknown,https://www.google.com/maps/place/Sterling+Ooty+-+Fern+Hill/data=!4m10!3m9!1s0x3ba8962c1204357f:0xe4b76896a9ff16eb!5m2!4m1!1i2!8m2!3d11.3904091!4d76.6986046!16s%2Fg%2F11b821nfk_!19sChIJfzUEEiyWqDsR6xb_qZZot-Q?authuser=0&hl=en&rclk=1,https://www.sterlingholidays.com//resorts-hotels/ooty-fern-hill/
Hotel Lakeview,,+91 99945 20206,,4.0,8986,Unknown,https://www.google.com/maps/place/Hotel+Lakeview/data=!4m10!3m9!1s0x3ba8bd7cfa6f5039:0x45c816db28929516!5m2!4m1!1i2!8m2!3d11.4041526!4d76.678078!16s%2Fg%2F1vq738my!19sChIJOVBv-ny9qDsRFpWSKNsWyEU?authuser=0&hl=en&rclk=1,http://www.hotellakeview.com/
Sterling Ooty Elk Hill,,079 6979 2007,,4.6,14081,Unknown,https://www.google.com/maps/place/Sterling+Ooty+Elk+Hill/data=!4m10!3m9!1s0x3ba8962ff98259d5:0x1bc6e293ded5b69b!5m2!4m1!1i2!8m2!3d11.3966165!4d76.7017857!16s%2Fg%2F1tvgsscn!19sChIJ1VmC-S-WqDsRm7bV3pPixhs?authuser=0&hl=en&rclk=1,https://www.sterlingholidays.com//resorts-hotels/ooty-elk-hill/
Tulips valleyview Resort,,0423 246 6666,,3.3,2223,Unknown,https://www.google.com/maps/place/Tulips+valleyview+Resort/data=!4m10!3m9!1s0x3ba89611a1a8915f:0x71b17acee1b503cb!5m2!4m1!1i2!8m2!3d11.3871344!4d76.7196115!16s%2Fg%2F11c58bf8d5!19sChIJX5GooRGWqDsRywO14c56sXE?authuser=0&hl=en&rclk=1,http://www.tulipsooty.com/
Mountain Retreat Ooty by Hill Country,,0423 244 1204,,4.1,935,Unknown,https://www.google.com/maps/place/Mountain+Retreat+Ooty+by+Hill+Country/data=!4m10!3m9!1s0x3ba8963855555555:0x59785d3e76f2348d!5m2!4m1!1i2!8m2!3d11.3863789!4d76.7156319!16s%2Fg%2F1thz02_1!19sChIJVVVVVTiWqDsRjTTydj5deFk?authuser=0&hl=en&rclk=1,https://www.hillcountry.co.in/mountain-retreat-ooty-resort/
Tulips elkhill resort,,0423 245 5555,,3.4,3472,No,https://www.google.com/maps/place/Tulips+elkhill+resort/data=!4m10!3m9!1s0x3ba8bd88ffffffff:0xe66d221b4e742063!5m2!4m1!1i2!8m2!3d11.3967801!4d76.7024331!16s%2Fg%2F11g028ws3w!19sChIJ_____4i9qDsRYyB0ThsibeY?authuser=0&hl=en&rclk=1,https://tulipselkhillresort.chobs.in/
Tulips Village Resorts,,081100 81106,,3.6,1381,Unknown,https://www.google.com/maps/place/Tulips+Village+Resorts/data=!4m10!3m9!1s0x3ba897e5f1e0f173:0x497e1a8b877d47ae!5m2!4m1!1i2!8m2!3d11.3898315!4d76.7184577!16s%2Fg%2F11v6cj38yw!19sChIJc_Hg8eWXqDsRrkd9h4safkk?authuser=0&hl=en&rclk=1,https://tulips-village-resorts.hotelsintamilnadu.com/en/
Beverly villa ooty,,075985 25999,,4.8,5737,Unknown,https://www.google.com/maps/place/Beverly+villa+ooty/data=!4m10!3m9!1s0x3ba8bd7ce9fa4101:0x9cf99766a87ed923!5m2!4m1!1i2!8m2!3d11.4159107!4d76.7043318!16s%2Fg%2F11flw4bskp!19sChIJAUH66Xy9qDsRI9l-qGaX-Zw?authuser=0&hl=en&rclk=1,http://www.beverlyvilla.com/
Delightz Inn Resorts,,096553 29386,,4.5,2835,Unknown,https://www.google.com/maps/place/Delightz+Inn+Resorts/data=!4m10!3m9!1s0x3ba8bdf0ac25ee95:0xdade765562adfeac!5m2!4m1!1i2!8m2!3d11.4066235!4d76.7235054!16s%2Fg%2F1tdvhlzy!19sChIJle4lrPC9qDsRrP6tYlV23to?authuser=0&hl=en&rclk=1,http://www.delightzinn.com/
Fortune Retreats,,"+91 93601 03305
4",,4.1,2285,Unknown,https://www.google.com/maps/place/Fortune+Retreats/data=!4m10!3m9!1s0x3ba8bdf81989abe7:0xa4568173e0a39bad!5m2!4m1!1i2!8m2!3d11.4030894!4d76.722706!16s%2Fg%2F11b6dp8lj4!19sChIJ56uJGfi9qDsRrZuj4HOBVqQ?authuser=0&hl=en&rclk=1,http://www.fortuneooty.com/
Deccan Park Resort,,0423 244 4547,,4.0,1894,Unknown,https://www.google.com/maps/place/Deccan+Park+Resort/data=!4m10!3m9!1s0x3ba897df93b4fbb3:0x6c0374cdf2e1ff84!5m2!4m1!1i2!8m2!3d11.3996614!4d76.6661992!16s%2Fg%2F1trrbmpd!19sChIJs_u0k9-XqDsRhP_h8s10A2w?authuser=0&hl=en&rclk=1,https://deccan-park.hotelsintamilnadu.com/en/
Hotel Mayura Sudarshan,,089706 50052,,4.2,1987,Unknown,https://www.google.com/maps/place/Hotel+Mayura+Sudarshan/data=!4m10!3m9!1s0x3ba8962e55555555:0x3aebdfc9712f2db7!5m2!4m1!1i2!8m2!3d11.401976!4d76.6834528!16s%2Fg%2F11b7lnc26r!19sChIJVVVVVS6WqDsRty0vccnf6zo?authuser=0&hl=en&rclk=1,http://www.kstdc.co/
Gem Park Ooty,,0423 244 1761,,4.4,4579,Unknown,https://www.google.com/maps/place/Gem+Park+Ooty/data=!4m10!3m9!1s0x3ba8bd94575a99f1:0x38643305adc04077!5m2!4m1!1i2!8m2!3d11.4205947!4d76.7041067!16s%2Fg%2F1tfz8mk6!19sChIJ8ZlaV5S9qDsRd0DArQUzZDg?authuser=0&hl=en&rclk=1,http://www.gemparkooty.com/
White Legacy Ooty,,095620 10370,,4.5,230,Unknown,https://www.google.com/maps/place/White+Legacy+Ooty/data=!4m10!3m9!1s0x3ba897a37e91236d:0xd67ed4d5acfbfaba!5m2!4m1!1i2!8m2!3d11.3980433!4d76.7038643!16s%2Fg%2F11x0hmn2w5!19sChIJbSORfqOXqDsRuvr7rNXUftY?authuser=0&hl=en&rclk=1,http://www.whitelegacyooty.com/
Aventura Fern Hill,,089734 12345,,3.8,1029,Unknown,https://www.google.com/maps/place/Aventura+Fern+Hill/data=!4m10!3m9!1s0x3ba896300fad2909:0xe7e54fd24666fd0d!5m2!4m1!1i2!8m2!3d11.38923!4d76.698481!16s%2Fg%2F11cn2z7m0s!19sChIJCSmtDzCWqDsRDf1mRtJP5ec?authuser=0&hl=en&rclk=1,http://www.aventura.in/
FabHotel Vinu Valley Resorts - Hotel in Coonoor Road,,070424 24242,,3.6,572,Unknown,https://www.google.com/maps/place/FabHotel+Vinu+Valley+Resorts+-+Hotel+in+Coonoor+Road/data=!4m10!3m9!1s0x3ba8961b9570439d:0xa7d01a86888d3b03!5m2!4m1!1i2!8m2!3d11.3981891!4d76.7208034!16s%2Fg%2F11gdyxvxfh!19sChIJnUNwlRuWqDsRAzuNiIYa0Kc?authuser=0&hl=en&rclk=1,https://www.fabhotels.com/hotels-in-ooty/fabhotel-vinu-valley-resorts-funcity.html?utm_source=GMB&utm_medium=organic&utm_campaign=GMB_Traffic
Mango Hill Shola Ooty,,085858 54615,,4.5,3321,Unknown,https://www.google.com/maps/place/Mango+Hill+Shola+Ooty/data=!4m10!3m9!1s0x3ba8bdd2867982c1:0x78ab670e1e76f9b7!5m2!4m1!1i2!8m2!3d11.4008125!4d76.6757826!16s%2Fg%2F11y49wndf_!19sChIJwYJ5htK9qDsRt_l2Hg5nq3g?authuser=0&hl=en&rclk=1,https://www.mangohillhotels.com/shola-ooty/
BLOSSOM SPRING VILLA,,088702 01555,,4.3,61,Unknown,https://www.google.com/maps/place/BLOSSOM+SPRING+VILLA/data=!4m10!3m9!1s0x3ba897725d38a1ab:0x1a061b42530791e9!5m2!4m1!1i2!8m2!3d11.3893821!4d76.7185757!16s%2Fg%2F11w9y8sg6v!19sChIJq6E4XXKXqDsR6ZEHU0IbBho?authuser=0&hl=en&rclk=1,http://blossomspringvilla.com/
The Byke Select - Sunshine Grand | (Pan India Pure Veg Hotel Chain),,075061 11728,,4.7,9252,Unknown,https://www.google.com/maps/place/The+Byke+Select+-+Sunshine+Grand+%7C+%28Pan+India+Pure+Veg+Hotel+Chain%29/data=!4m10!3m9!1s0x3ba8950eac173543:0x5b2a07da1cb645ea!5m2!4m1!1i2!8m2!3d11.406274!4d76.7153896!16s%2Fg%2F11pb9hc73d!19sChIJQzUXrA6VqDsR6kW2HNoHKls?authuser=0&hl=en&rclk=1,https://thebyke.com/hotels-in-ooty/the_byke_sunshine_grand
I India,,081485 26729,,4.2,385,Unknown,https://www.google.com/maps/place/I+India/data=!4m10!3m9!1s0x3ba89610dcc1f323:0xfc9aa050f1abd192!5m2!4m1!1i2!8m2!3d11.3893982!4d76.7177356!16s%2Fg%2F113hvscx_!19sChIJI_PB3BCWqDsRktGr8VCgmvw?authuser=0&hl=en&rclk=1,https://www.mapsofindia.com/whitepages/businesses/index/iindiao
Green casa ooty,,082819 42654,,3.9,299,Unknown,https://www.google.com/maps/place/Green+casa+ooty/data=!4m10!3m9!1s0x3ba8975546fbc847:0x3547dfd13e46a38a!5m2!4m1!1i2!8m2!3d11.3984146!4d76.7203443!16s%2Fg%2F11flt1_5n6!19sChIJR8j7RlWXqDsRiqNGPtHfRzU?authuser=0&hl=en&rclk=1,https://the-green-casa.hotelsintamilnadu.com/en/
Berry Hills Resort,,097877 05678,,3.8,886,No,https://www.google.com/maps/place/Berry+Hills+Resort/data=!4m10!3m9!1s0x3ba8bdf036fa2ea1:0x6d53c688e33801f1!5m2!4m1!1i2!8m2!3d11.4115958!4d76.7188132!16s%2Fg%2F11gz65gcg!19sChIJoS76NvC9qDsR8QE444jGU20?authuser=0&hl=en&rclk=1,https://www.berryhills.in/
BRITISH CLIFF CLUB RESORT,,099424 44833,,3.9,503,Unknown,https://www.google.com/maps/place/BRITISH+CLIFF+CLUB+RESORT/data=!4m10!3m9!1s0x3ba8bd84cd9191cd:0xd6f8b8f6568bce9d!5m2!4m1!1i2!8m2!3d11.3989987!4d76.7040769!16s%2Fg%2F1tgnvnm_!19sChIJzZGRzYS9qDsRnc6LVva4-NY?authuser=0&hl=en&rclk=1,https://www.britishcliffclubresortooty.online/
"Fortune Resort Sullivan Court, Ooty - Member ITC Hotels’ Group",,0423 244 1415,,4.4,2755,Unknown,"https://www.google.com/maps/place/Fortune+Resort+Sullivan+Court,+Ooty+-+Member+ITC+Hotels%E2%80%99+Group/data=!4m10!3m9!1s0x3ba8bd8baa4c280b:0xeed07e8757149be9!5m2!4m1!1i2!8m2!3d11.4076791!4d76.7111583!16s%2Fg%2F11bxfzjtzk!19sChIJCyhMqou9qDsR6ZsUV4d-0O4?authuser=0&hl=en&rclk=1",https://www.itchotels.com/in/en/fortuneresortsullivancourt-ooty?utm_source=google&utm_medium=GMB
Lymond House Ooty,,098431 49490,,4.1,336,Unknown,https://www.google.com/maps/place/Lymond+House+Ooty/data=!4m10!3m9!1s0x3ba8bd9b1a322a6b:0x886dec47f5579e27!5m2!4m1!1i2!8m2!3d11.4144269!4d76.6942548!16s%2Fg%2F1tdx746t!19sChIJayoyGpu9qDsRJ55X9UfsbYg?authuser=0&hl=en&rclk=1,https://lymond-house.hotelsintamilnadu.com/en/
Sabol Holiday Resorts,,098428 28000,,3.5,826,Unknown,https://www.google.com/maps/place/Sabol+Holiday+Resorts/data=!4m10!3m9!1s0x3ba8bdbe6aaeb26b:0x8bba264975eb235c!5m2!4m1!1i2!8m2!3d11.4351926!4d76.7011428!16s%2Fg%2F1tfjjkl9!19sChIJa7Kuar69qDsRXCPrdUkmuos?authuser=0&hl=en&rclk=1,http://www.sabolholidays.com/
Vista Suites Doddabetta By Bestinn Leisure Resort Ooty,,073562 72221,,4.5,664,Unknown,https://www.google.com/maps/place/Vista+Suites+Doddabetta+By+Bestinn+Leisure+Resort+Ooty/data=!4m10!3m9!1s0x3ba8bd2805cbadfb:0xaaae053b4965522e!5m2!4m1!1i2!8m2!3d11.4175017!4d76.729788!16s%2Fg%2F11ks2n2mpg!19sChIJ-63LBSi9qDsRLlJlSTsFrqo?authuser=0&hl=en&rclk=1,https://bestinnleisure.com/Home/HotelDetails?hotelId=17
Kanavu Valley View Resort,,096459 36006,,4.5,327,Unknown,https://www.google.com/maps/place/Kanavu+Valley+View+Resort/data=!4m10!3m9!1s0x3ba89710534fe789:0x513124244c638b7d!5m2!4m1!1i2!8m2!3d11.3858774!4d76.720068!16s%2Fg%2F11vrrqt7hh!19sChIJiedPUxCXqDsRfYtjTCQkMVE?authuser=0&hl=en&rclk=1,http://kanavuvalleyview.com/
"Lazo Silver Lake Resort , Ooty",,089258 29957,,4.4,913,Unknown,"https://www.google.com/maps/place/Lazo+Silver+Lake+Resort+,+Ooty/data=!4m10!3m9!1s0x3ba8bde4639ba845:0x30501c1d5dd617e3!5m2!4m1!1i2!8m2!3d11.4094464!4d76.6905385!16s%2Fg%2F11wh6ds1qs!19sChIJRaibY-S9qDsR4xfWXR0cUDA?authuser=0&hl=en&rclk=1",https://lazoresorts.com/resort/lazo-silver-lake/
Palve Sugavasam,,075983 93377,,4.0,1136,Unknown,https://www.google.com/maps/place/Palve+Sugavasam/data=!4m10!3m9!1s0x3ba896258e0e8ca1:0x643356868e17c249!5m2!4m1!1i2!8m2!3d11.3944232!4d76.699345!16s%2Fg%2F1hcb0mm6v!19sChIJoYwOjiWWqDsRScIXjoZWM2Q?authuser=0&hl=en&rclk=1,https://palve-sugavasam-ooty.h-rez.com/
Modern Villa,,099438 59579,,4.3,509,Unknown,https://www.google.com/maps/place/Modern+Villa/data=!4m10!3m9!1s0x3ba8bd897679ca31:0x6b386d322c4aec84!5m2!4m1!1i2!8m2!3d11.4039852!4d76.7046435!16s%2Fg%2F11byhkdjkg!19sChIJMcp5dom9qDsRhOxKLDJtOGs?authuser=0&hl=en&rclk=1,http://www.modernvilla.in/
Virgin Valley Leisure Resort,,091598 59598,,4.5,199,Unknown,https://www.google.com/maps/place/Virgin+Valley+Leisure+Resort/data=!4m10!3m9!1s0x3ba89723b1e8364b:0x8c291c94430e1846!5m2!4m1!1i2!8m2!3d11.4005279!4d76.6861028!16s%2Fg%2F11wxbz5f3_!19sChIJSzbosSOXqDsRRhgOQ5QcKYw?authuser=0&hl=en&rclk=1,http://www.virginvalleyresort.com/
"Savoy, Ooty - IHCL SeleQtions",,084899 44320,,4.3,2227,Unknown,"https://www.google.com/maps/place/Savoy,+Ooty+-+IHCL+SeleQtions/data=!4m10!3m9!1s0x3ba8bd9b1e6a55f5:0xc45eb01f076bb335!5m2!4m1!1i2!8m2!3d11.4148488!4d76.6928922!16s%2Fg%2F1tcz6rv_!19sChIJ9VVqHpu9qDsRNbNrBx-wXsQ?authuser=0&hl=en&rclk=1",https://www.seleqtionshotels.com/en-in/hotels/savoy-ooty?utm_source=google&utm_medium=local&utm_campaign=savoy-ooty-cla&utm_content=savoy-ooty-cla-gmb
Mowbray House Resorts Ooty by VOYE HOMES,,079944 43142,,4.1,160,Unknown,https://www.google.com/maps/place/Mowbray+House+Resorts+Ooty+by+VOYE+HOMES/data=!4m10!3m9!1s0x3ba897cf641c6a47:0xbf4cca0cbb486f1f!5m2!4m1!1i2!8m2!3d11.3981968!4d76.6862995!16s%2Fg%2F11jz9plskd!19sChIJR2ocZM-XqDsRH29IuwzKTL8?authuser=0&hl=en&rclk=1,https://voyehomes.com/mowbray-house-resort-ooty-by-voye-homes-ukl
Green Moon Residency,,075020 66999,,4.3,467,Unknown,https://www.google.com/maps/place/Green+Moon+Residency/data=!4m10!3m9!1s0x3ba8bdee6e0b868b:0x8be8ae61a4cc746!5m2!4m1!1i2!8m2!3d11.4148179!4d76.7171343!16s%2Fg%2F11dfvvvrr2!19sChIJi4YLbu69qDsRRsdMGuaKvgg?authuser=0&hl=en&rclk=1,https://green-moon-residency.hotelsintamilnadu.com/en/
SKYLARC INN - BEST HOMESTAY IN OOTY,,097879 67275,,4.3,318,Unknown,https://www.google.com/maps/place/SKYLARC+INN+-+BEST+HOMESTAY+IN+OOTY/data=!4m10!3m9!1s0x3ba8960b1ef12389:0x3ac1b77fa7d1ebf7!5m2!4m1!1i2!8m2!3d11.3807663!4d76.7327502!16s%2Fg%2F11c2qh2s9b!19sChIJiSPxHguWqDsR9-vRp3-3wTo?authuser=0&hl=en&rclk=1,https://www.skylarcinn.com/
Divi Heritage Inn,,096778 55222,,3.6,319,Unknown,https://www.google.com/maps/place/Divi+Heritage+Inn/data=!4m10!3m9!1s0x3ba8bd8d24e3d1b7:0x4327ca5a24979053!5m2!4m1!1i2!8m2!3d11.4105792!4d76.7100487!16s%2Fg%2F11clshb5w6!19sChIJt9HjJI29qDsRU5CXJFrKJ0M?authuser=0&hl=en&rclk=1,https://asiatech.in/booking_engine/index3?token=ODY3MQ==
Cool Spot Cottage,,070103 95526,,4.3,734,Unknown,https://www.google.com/maps/place/Cool+Spot+Cottage/data=!4m10!3m9!1s0x3ba8bda1e8030235:0x2eaa6b19c2310355!5m2!4m1!1i2!8m2!3d11.4039343!4d76.7118695!16s%2Fg%2F11b6gd74_l!19sChIJNQID6KG9qDsRVQMxwhlrqi4?authuser=0&hl=en&rclk=1,https://coolspotcottage.com/
Glen View Home Stay,,098943 72222,,4.3,220,Unknown,https://www.google.com/maps/place/Glen+View+Home+Stay/data=!4m10!3m9!1s0x3ba8961a497cdc17:0x91c3300b03731ec2!5m2!4m1!1i2!8m2!3d11.393353!4d76.7179082!16s%2Fg%2F11ddx9pnkr!19sChIJF9x8SRqWqDsRwh5zAwsww5E?authuser=0&hl=en&rclk=1,http://www.glenviewhomestay.com/
Teyt Grans view,,075938 88889,,4.7,79,Unknown,https://www.google.com/maps/place/Teyt+Grans+view/data=!4m10!3m9!1s0x3ba895684688efe3:0x356b0797a54dbf10!5m2!4m1!1i2!8m2!3d11.3836683!4d76.7430557!16s%2Fg%2F11ysmpkq85!19sChIJ4--IRmiVqDsREL9NpZcHazU?authuser=0&hl=en&rclk=1,https://www.teyt.in/
Hotel Sunpark Grand,,0423 222 3360,,3.7,498,Unknown,https://www.google.com/maps/place/Hotel+Sunpark+Grand/data=!4m10!3m9!1s0x3ba8bd8d7eac8fe1:0xa4a00e04f594c440!5m2!4m1!1i2!8m2!3d11.4126789!4d76.7047748!16s%2Fg%2F1txfml8d!19sChIJ4Y-sfo29qDsRQMSU9QQOoKQ?authuser=0&hl=en&rclk=1,http://www.sunparkgrand.com/
Fairstay Ooty,,094433 03917,,4.0,1463,Unknown,https://www.google.com/maps/place/Fairstay+Ooty/data=!4m10!3m9!1s0x3ba8bd84cd9191cd:0xfaf0a2db70789a1b!5m2!4m1!1i2!8m2!3d11.3982674!4d76.7218203!16s%2Fg%2F1tctk6lw!19sChIJzZGRzYS9qDsRG5p4cNui8Po?authuser=0&hl=en&rclk=1,https://fairstay.in/
Tuccil Luxury Home Stay,,098421 33115,,4.4,222,Unknown,https://www.google.com/maps/place/Tuccil+Luxury+Home+Stay/data=!4m10!3m9!1s0x3ba8bdfa74197bd9:0x225b070d02a89370!5m2!4m1!1i2!8m2!3d11.4044387!4d76.7116033!16s%2Fg%2F11h2621hb4!19sChIJ2XsZdPq9qDsRcJOoAg0HWyI?authuser=0&hl=en&rclk=1,http://www.tuccil.com/
Willow Hill by Nature Resorts and Stays,,077100 29817,,4.5,313,Unknown,https://www.google.com/maps/place/Willow+Hill+by+Nature+Resorts+and+Stays/data=!4m10!3m9!1s0x3ba8bd84581b597f:0x3d3de08c26b8596e!5m2!4m1!1i2!8m2!3d11.418828!4d76.6994358!16s%2Fg%2F11svwslzzf!19sChIJf1kbWIS9qDsRblm4JozgPT0?authuser=0&hl=en&rclk=1,https://natureresorts.in/willow-hill/
Bouganvilla,,090470 21222,,4.5,541,Unknown,https://www.google.com/maps/place/Bouganvilla/data=!4m10!3m9!1s0x3ba89629a3defbd9:0xbad946ca43825814!5m2!4m1!1i2!8m2!3d11.3984832!4d76.6950994!16s%2Fg%2F1tgdgf3t!19sChIJ2fveoymWqDsRFFiCQ8pG2bo?authuser=0&hl=en&rclk=1,http://www.bouganvilla.in/
West Downs - The Heritage Resort,,0423 244 2262,,4.2,1572,Unknown,https://www.google.com/maps/place/West+Downs+-+The+Heritage+Resort/data=!4m10!3m9!1s0x3ba8bd9d6526fc8d:0xcffb5cfd7530755a!5m2!4m1!1i2!8m2!3d11.4136679!4d76.6877773!16s%2Fg%2F11g66sxr7b!19sChIJjfwmZZ29qDsRWnUwdf1c-88?authuser=0&hl=en&rclk=1,https://westdownsresort.com/
Mountview Heritage Hotel,,097393 33559,,4.3,105,Unknown,https://www.google.com/maps/place/Mountview+Heritage+Hotel/data=!4m10!3m9!1s0x3ba8bd0013c7100d:0x4abc7110eb4086c1!5m2!4m1!1i2!8m2!3d11.40137!4d76.69553!16s%2Fg%2F11vt4rs2hq!19sChIJDRDHEwC9qDsRwYZA6xBxvEo?authuser=0&hl=en&rclk=1,https://mount-view-heritage.hotelsintamilnadu.com/en/
PARADISE PERFECT,,090809 18262,,4.1,733,Unknown,https://www.google.com/maps/place/PARADISE+PERFECT/data=!4m10!3m9!1s0x3ba89627de0e876d:0x162fa63af6a944f1!5m2!4m1!1i2!8m2!3d11.3996706!4d76.699366!16s%2Fg%2F11fy5j0qhd!19sChIJbYcO3ieWqDsR8USp9jqmLxY?authuser=0&hl=en&rclk=1,https://paradise-perfect-holiday-home.hotelsintamilnadu.com/en/
Pebrock Heritage Inn,,0423 244 4434,,3.9,239,Unknown,https://www.google.com/maps/place/Pebrock+Heritage+Inn/data=!4m10!3m9!1s0x3ba8bd8d6550596f:0xc6a4ef5af18d3ce7!5m2!4m1!1i2!8m2!3d11.4021326!4d76.7139994!16s%2Fg%2F12mjrsyqn!19sChIJb1lQZY29qDsR5zyN8VrvpMY?authuser=0&hl=en&rclk=1,https://pebrockheritageinn.chobs.in/
Royal Serene Villas,,099948 95978,,4.6,540,Unknown,https://www.google.com/maps/place/Royal+Serene+Villas/data=!4m10!3m9!1s0x3ba8bdf4dfda006d:0x2c5843218f917de2!5m2!4m1!1i2!8m2!3d11.4047345!4d76.7116208!16s%2Fg%2F11c5srmhqf!19sChIJbQDa3_S9qDsR4n2RjyFDWCw?authuser=0&hl=en&rclk=1,https://royalserenevillas.com/
Chettinad Avenue,,093446 03433,,4.6,216,Unknown,https://www.google.com/maps/place/Chettinad+Avenue/data=!4m10!3m9!1s0x3ba896287db095e9:0x91019cc9c5e092b!5m2!4m1!1i2!8m2!3d11.3984308!4d76.6985504!16s%2Fg%2F11g1lq64wq!19sChIJ6ZWwfSiWqDsRKwlenMwZEAk?authuser=0&hl=en&rclk=1,http://www.chettinadavenue.com/
The Monarch,,0423 244 4408,,3.8,1748,Unknown,https://www.google.com/maps/place/The+Monarch/data=!4m10!3m9!1s0x3baf7af1a0abc2b7:0xc73f4ae21adbfa2c!5m2!4m1!1i2!8m2!3d11.4201488!4d76.6992588!16s%2Fg%2F1tc_cpsg!19sChIJt8KroPF6rzsRLPrbGuJKP8c?authuser=0&hl=en&rclk=1,http://www.monarchooty.in/
"Hotel Sri Balaji, Ooty",,099760 22663,,4.1,1049,Unknown,"https://www.google.com/maps/place/Hotel+Sri+Balaji,+Ooty/data=!4m10!3m9!1s0x3ba8bdf5c118fa9b:0x15779aa2738321e5!5m2!4m1!1i2!8m2!3d11.4036528!4d76.7155461!16s%2Fg%2F1vfn527z!19sChIJm_oYwfW9qDsR5SGDc6KadxU?authuser=0&hl=en&rclk=1",http://www.hotelsribalaji.com/
DrizzleDrop Inn,,099628 22355,,3.8,984,Unknown,https://www.google.com/maps/place/DrizzleDrop+Inn/data=!4m10!3m9!1s0x3ba8962ea346ed07:0xf65c4c81e400f184!5m2!4m1!1i2!8m2!3d11.3941653!4d76.6939726!16s%2Fg%2F11cn6c9yg1!19sChIJB-1Goy6WqDsRhPEA5IFMXPY?authuser=0&hl=en&rclk=1,https://drizzledropinn.com/
Burrows,,079044 93310,,4.7,35,Unknown,https://www.google.com/maps/place/Burrows/data=!4m10!3m9!1s0x3ba8bb7c3050b569:0x9ff781b71ab5e504!5m2!4m1!1i2!8m2!3d11.4618016!4d76.6822128!16s%2Fg%2F11xcmkk232!19sChIJabVQMHy7qDsRBOW1GreB958?authuser=0&hl=en&rclk=1,https://burrowsooty.com/
WelcomHeritage Fernhills Royal Palace,,099439 99945,,4.2,1349,Unknown,https://www.google.com/maps/place/WelcomHeritage+Fernhills+Royal+Palace/data=!4m10!3m9!1s0x3ba897d4b976089b:0x155300f78b447bd2!5m2!4m1!1i2!8m2!3d11.3970615!4d76.6857594!16s%2Fg%2F1td0lfz1!19sChIJmwh2udSXqDsR0ntEi_cAUxU?authuser=0&hl=en&rclk=1,https://www.welcomheritagehotels.in/welcomheritage-fernhills-royal-palace/ooty-hotels?utm_source=google&utm_medium=gbp&utm_campaign=fernhills-royal-palace
RK Holiday Homes (RK Homes Guest House),,063818 47345,,4.3,720,Unknown,https://www.google.com/maps/place/RK+Holiday+Homes+%28RK+Homes+Guest+House%29/data=!4m10!3m9!1s0x3ba896286c66003d:0xe6192ef0fce56fd4!5m2!4m1!1i2!8m2!3d11.3995508!4d76.6981607!16s%2Fg%2F1ptw_cb7x!19sChIJPQBmbCiWqDsR1G_l_PAuGeY?authuser=0&hl=en&rclk=1,https://live.ipms247.com/booking/book-rooms-rkholidayhome
StayVista at The Lilly in Ooty | 4 BHK Premium Villa,,081049 54254,,3.8,82,Unknown,https://www.google.com/maps/place/StayVista+at+The+Lilly+in+Ooty+%7C+4+BHK+Premium+Villa/data=!4m10!3m9!1s0x3ba8bdb1aa582277:0xaae44a595d67cb3f!5m2!4m1!1i2!8m2!3d11.4185546!4d76.6944564!16s%2Fg%2F11j3rqz_dv!19sChIJdyJYqrG9qDsRP8tnXVlK5Ko?authuser=0&hl=en&rclk=1,http://www.stayvista.com/villa/the-lilly-4-bhk-villa-in-ooty-with-spacious-rooms?reference_number=prop673b7f04b52ddawbx05j?utm_source=google&utm_medium=gmb
MountSide Cottage,,094431 36968,,4.1,105,Unknown,https://www.google.com/maps/place/MountSide+Cottage/data=!4m10!3m9!1s0x3ba8963ce1eb7a69:0x3fa1984ba0701fe8!5m2!4m1!1i2!8m2!3d11.388746!4d76.707596!16s%2Fg%2F11c2y83djr!19sChIJaXrr4TyWqDsR6B9woEuYoT8?authuser=0&hl=en&rclk=1,http://mountsidecottageooty.iblogger.org/
Hotel Sarkar Palace,,0423 244 9310,,3.9,1826,Unknown,https://www.google.com/maps/place/Hotel+Sarkar+Palace/data=!4m10!3m9!1s0x3ba8bd92a44c213b:0x82f6a7d5b2c3aafa!5m2!4m1!1i2!8m2!3d11.412829!4d76.7096858!16s%2Fg%2F1v9ghfc4!19sChIJOyFMpJK9qDsR-qrDstWn9oI?authuser=0&hl=en&rclk=1,https://hotelsarkarpalace.com/
King's Cliff,,094870 00222,,4.4,3361,Unknown,https://www.google.com/maps/place/King%27s+Cliff/data=!4m10!3m9!1s0x3ba8bd753eebb4ed:0x9323995ed0173f1c!5m2!4m1!1i2!8m2!3d11.4200402!4d76.6981951!16s%2Fg%2F1tf062z9!19sChIJ7bTrPnW9qDsRHD8X0F6ZI5M?authuser=0&hl=en&rclk=1,https://www.littlearth.in/kings-cliff/
Dé First Corner,,088385 85813,,4.7,39,Unknown,https://www.google.com/maps/place/D%C3%A9+First+Corner/data=!4m10!3m9!1s0x3ba8bd816a4d0965:0x618555522b335e96!5m2!4m1!1i2!8m2!3d11.4528597!4d76.6781609!16s%2Fg%2F11z57z7gl4!19sChIJZQlNaoG9qDsRll4zK1JVhWE?authuser=0&hl=en&rclk=1,https://www.defirstcorner.com/
Golden Larch Residency,,094896 77573,,4.0,426,Unknown,https://www.google.com/maps/place/Golden+Larch+Residency/data=!4m10!3m9!1s0x3ba8bd85373fde91:0x280669a69a620a6b!5m2!4m1!1i2!8m2!3d11.4115519!4d76.6973021!16s%2Fg%2F11c30sh636!19sChIJkd4_N4W9qDsRawpimqZpBig?authuser=0&hl=en&rclk=1,https://www.goldenlarchgroups.com/
Hotel Glanton Manor,,0423 244 1941,,3.8,1010,Unknown,https://www.google.com/maps/place/Hotel+Glanton+Manor/data=!4m10!3m9!1s0x3ba8bd8d6911fbcf:0xa9a68453519940d!5m2!4m1!1i2!8m2!3d11.4106338!4d76.7111955!16s%2Fg%2F1wz514fn!19sChIJz_sRaY29qDsRDZQZNUVomgo?authuser=0&hl=en&rclk=1,http://www.glantongroup.com/
The Hornbill Residency,,0423 245 0055,,3.7,242,No,https://www.google.com/maps/place/The+Hornbill+Residency/data=!4m10!3m9!1s0x3ba8bdf5ecee3b25:0x1cc427dc5394a757!5m2!4m1!1i2!8m2!3d11.4028471!4d76.7150679!16s%2Fg%2F11cn94rcbp!19sChIJJTvu7PW9qDsRV6eUU9wnxBw?authuser=0&hl=en&rclk=1,https://oyo-flagship-hornbill-residency.hotels-alappuzha.com/
British County Ooty,,089408 80100,,4.6,405,Unknown,https://www.google.com/maps/place/British+County+Ooty/data=!4m10!3m9!1s0x3ba897be6a8f882b:0x83b17c3787e8c6b4!5m2!4m1!1i2!8m2!3d11.3788675!4d76.6568227!16s%2Fg%2F11rv2fwbv9!19sChIJK4iPar6XqDsRtMbohzd8sYM?authuser=0&hl=en&rclk=1,https://britishcountyooty.com/
AJ Heritage Resort Ooty by VOYE HOMES,,079944 40495,,4.1,264,Unknown,https://www.google.com/maps/place/AJ+Heritage+Resort+Ooty+by+VOYE+HOMES/data=!4m10!3m9!1s0x3ba897b2751fde43:0xec454862bb9d71d1!5m2!4m1!1i2!8m2!3d11.3987614!4d76.7007336!16s%2Fg%2F11q56kl_tj!19sChIJQ94fdbKXqDsR0XGdu2JIRew?authuser=0&hl=en&rclk=1,https://voyehomes.com/reservation/a-j-heritage-resort-by-voye-homes-uia
"Club Mahindra Resort Danish Villa, Ooty, Tamil Nadu",,092288 17959,,4.4,1073,Unknown,"https://www.google.com/maps/place/Club+Mahindra+Resort+Danish+Villa,+Ooty,+Tamil+Nadu/data=!4m10!3m9!1s0x3ba8bda24ee2d7d7:0xd2098aebe11ca71a!5m2!4m1!1i2!8m2!3d11.4183269!4d76.7035878!16s%2Fg%2F1tdr1r5_!19sChIJ19fiTqK9qDsRGqcc4euKCdI?authuser=0&hl=en&rclk=1",https://www.clubmahindra.com/our-resorts/club-mahindra-danish-villa-resort-in-ooty-tamil-nadu?utm_source=google&utm_medium=maps&utm_campaign=club-mahindra-resort-danish-villa-ooty-tamil-nadu&campaign=2507webregular&refid=ltr-organic-google-maps-club-mahindra-resort-danish-villa-ooty-tamil-nadu
Sherlock,,0423 244 0094,,4.4,1257,Unknown,https://www.google.com/maps/place/Sherlock/data=!4m10!3m9!1s0x3ba8bd84cd9191cd:0xe66fc999f94ad14c!5m2!4m1!1i2!8m2!3d11.4031632!4d76.7217121!16s%2Fg%2F1tghbkz1!19sChIJzZGRzYS9qDsRTNFK-ZnJb-Y?authuser=0&hl=en&rclk=1,http://littlearth.in/sherlock/
MMR Grand Inn,,063830 55877,,4.0,304,Unknown,https://www.google.com/maps/place/MMR+Grand+Inn/data=!4m10!3m9!1s0x3ba89628635ff38d:0x54518c5606b1fafc!5m2!4m1!1i2!8m2!3d11.3987754!4d76.6982562!16s%2Fg%2F11b6_qtjpb!19sChIJjfNfYyiWqDsR_PqxBlaMUVQ?authuser=0&hl=en&rclk=1,https://www.mmrgrandinn.com/
Logan Camp Ooty,,097470 55554,,4.5,1072,Unknown,https://www.google.com/maps/place/Logan+Camp+Ooty/data=!4m10!3m9!1s0x3ba8bd74ea5c7783:0xb89ac73306dfd2e!5m2!4m1!1i2!8m2!3d11.3840821!4d76.7499425!16s%2Fg%2F11f50st658!19sChIJg3dc6nS9qDsRLv1tMHOsiQs?authuser=0&hl=en&rclk=1,https://www.logancamp.in/
"Emarald Hotel, Ooty",,097470 61000,,3.2,310,No,"https://www.google.com/maps/place/Emarald+Hotel,+Ooty/data=!4m10!3m9!1s0x3ba8bd84d446382d:0xd5e2496c510149fe!5m2!4m1!1i2!8m2!3d11.402797!4d76.6762737!16s%2Fg%2F1pp2x6v53!19sChIJLThG1IS9qDsR_kkBUWxJ4tU?authuser=0&hl=en&rclk=1",http://www.emarald.in/hotel-in-ooty
Peak Point Ooty - Luxury Villa & Family Resort - Best for Families and Friends with eye catching view,,073050 61984,,4.8,533,Unknown,https://www.google.com/maps/place/Peak+Point+Ooty+-+Luxury+Villa+%26+Family+Resort+-+Best+for+Families+and+Friends+with+eye+catching+view/data=!4m10!3m9!1s0x3ba8bd163a5e7f1d:0xae4bc62979adffd7!5m2!4m1!1i2!8m2!3d11.4167787!4d76.7298819!16s%2Fg%2F11tj9ll59h!19sChIJHX9eOha9qDsR1_-teSnGS64?authuser=0&hl=en&rclk=1,https://www.ootypeakpoint.com/
"De Rock- Jungle Living, Coonoor",,094884 82303,,4.2,1360,Unknown,"https://www.google.com/maps/place/De+Rock-+Jungle+Living,+Coonoor/data=!4m10!3m9!1s0x3ba8eb2fd948a19f:0x6410efc0aff460f4!5m2!4m1!1i2!8m2!3d11.3520908!4d76.8357026!16s%2Fg%2F11b73jmhky!19sChIJn6FI2S_rqDsR9GD0r8DvEGQ?authuser=0&hl=en&rclk=1",http://www.de-rock.com/
"Ibex Resorts, Coonoor (Tapas)",,073581 57300,,4.9,219,Unknown,"https://www.google.com/maps/place/Ibex+Resorts,+Coonoor+%28Tapas%29/data=!4m10!3m9!1s0x3ba8eb2642dd03cb:0x1837eb5248764969!5m2!4m1!1i2!8m2!3d11.35724!4d76.8371811!16s%2Fg%2F11xgv2839p!19sChIJywPdQibrqDsRaUl2SFLrNxg?authuser=0&hl=en&rclk=1",https://www.ibexresorts.com/resort-in-coonoor/?utm_source=GBP&utm_medium=Tapas&utm_campaign=landing%20page
"The Xanadu, Coonoor",,094424 13384,,4.5,279,Unknown,"https://www.google.com/maps/place/The+Xanadu,+Coonoor/data=!4m10!3m9!1s0x3ba8eb0b9a606dfd:0x18d69fa0871f38b1!5m2!4m1!1i2!8m2!3d11.3755453!4d76.8359242!16s%2Fg%2F11c0rl_h3m!19sChIJ_W1gmgvrqDsRsTgfh6Cf1hg?authuser=0&hl=en&rclk=1",http://www.thexanadu.co/
Silver Oak resorts,,095143 44343,,4.5,1201,Unknown,https://www.google.com/maps/place/Silver+Oak+resorts/data=!4m10!3m9!1s0x3ba8ebf4bd8ea889:0xd5b40ba3b20a5523!5m2!4m1!1i2!8m2!3d11.3522903!4d76.8320777!16s%2Fg%2F11khvhfv0z!19sChIJiaiOvfTrqDsRI1UKsqMLtNU?authuser=0&hl=en&rclk=1,https://silveroakresort.in/
"Ibex Resorts, Kotagiri",,073581 57300,,4.9,526,Unknown,"https://www.google.com/maps/place/Ibex+Resorts,+Kotagiri/data=!4m10!3m9!1s0x3ba8ebedfd0bc4c5:0x9d10ad2bb705ea8!5m2!4m1!1i2!8m2!3d11.3965417!4d76.8508804!16s%2Fg%2F11khzl9jc3!19sChIJxcQL_e3rqDsRqF5wu9IK0Qk?authuser=0&hl=en&rclk=1",https://www.ibexresorts.com/kotagiri/?utm_source=GBP&utm_medium=Kotagiri&utm_campaign=landing%20page
Gateway Coonoor,,0423 222 5400,,4.4,1871,Unknown,https://www.google.com/maps/place/Gateway+Coonoor/data=!4m10!3m9!1s0x3ba894e28cbf898b:0x8c4ed591cc65f6cc!5m2!4m1!1i2!8m2!3d11.3459278!4d76.8011013!16s%2Fg%2F1tfd0v0z!19sChIJi4m_jOKUqDsRzPZlzJHVTow?authuser=0&hl=en&rclk=1,https://www.gateway-hotels.com/en-in/hotels/gateway-coonoor?utm_medium=Local&utm_source=Google&utm_campaign=Gateway-Coonoor
Sunvalley Homestay,,0423 220 6029,,4.6,2292,Unknown,https://www.google.com/maps/place/Sunvalley+Homestay/data=!4m10!3m9!1s0x3ba894855b51b8dd:0xd3f2319b2917333a!5m2!4m1!1i2!8m2!3d11.3453801!4d76.7784939!16s%2Fg%2F1wk4bht4!19sChIJ3bhRW4WUqDsROjMXKZsx8tM?authuser=0&hl=en&rclk=1,https://www.sunvalleyhomestay.com/
Hotel Vivek,,096559 90995,,3.9,2843,Unknown,https://www.google.com/maps/place/Hotel+Vivek/data=!4m10!3m9!1s0x3ba894e97a8e146f:0x5ae7b8c1f6cef6e2!5m2!4m1!1i2!8m2!3d11.3450495!4d76.799457!16s%2Fg%2F1tdd_sr6!19sChIJbxSOeumUqDsR4vbO9sG451o?authuser=0&hl=en&rclk=1,https://hotelvivek.com/
Check Inn Today Resort,,063790 56013,,3.9,282,Unknown,https://www.google.com/maps/place/Check+Inn+Today+Resort/data=!4m10!3m9!1s0x3ba894f07f39483f:0x8c18eabde382436d!5m2!4m1!1i2!8m2!3d11.3501769!4d76.7883973!16s%2Fg%2F11dxd9md0j!19sChIJP0g5f_CUqDsRbUOC473qGIw?authuser=0&hl=en&rclk=1,http://www.checkinn.today/
Misty Meadows Coonoor,,098439 92521,,4.3,244,Unknown,https://www.google.com/maps/place/Misty+Meadows+Coonoor/data=!4m10!3m9!1s0x3ba894efa3a59573:0x632160c00ee8c96f!5m2!4m1!1i2!8m2!3d11.3770846!4d76.8167287!16s%2Fg%2F1pzqbkkrn!19sChIJc5Wlo--UqDsRb8noDsBgIWM?authuser=0&hl=en&rclk=1,http://www.themistymeadows.in/
"Wallwood Garden - 19th Century (Coonoor, Tamil Nadu)",,094437 30584,,4.3,465,Unknown,"https://www.google.com/maps/place/Wallwood+Garden+-+19th+Century+%28Coonoor,+Tamil+Nadu%29/data=!4m10!3m9!1s0x3ba894cfc8aa5bf1:0x57628d22a6206a6f!5m2!4m1!1i2!8m2!3d11.3573786!4d76.803483!16s%2Fg%2F1v3_1354!19sChIJ8VuqyM-UqDsRb2ogpiKNYlc?authuser=0&hl=en&rclk=1",http://www.neemranahotels.com/wallwood-garden-coonoor/
Nature Resorts - Kurumba Village Resorts,,073759 80741,,4.3,795,Unknown,https://www.google.com/maps/place/Nature+Resorts+-+Kurumba+Village+Resorts/data=!4m10!3m9!1s0x3ba8eb700f1100d1:0xf20de2ad7c5b1a34!5m2!4m1!1i2!8m2!3d11.3372438!4d76.8312854!16s%2Fg%2F11bvvxplcc!19sChIJ0QARD3DrqDsRNBpbfK3iDfI?authuser=0&hl=en&rclk=1,http://www.natureresorts.in/
JJS Cottages,,098406 02706,,4.7,1368,Unknown,https://www.google.com/maps/place/JJS+Cottages/data=!4m10!3m9!1s0x3ba8958dd3ebe0f1:0x4f2b8c70cc1923fe!5m2!4m1!1i2!8m2!3d11.3618451!4d76.8062222!16s%2Fg%2F11hz1bzjj7!19sChIJ8eDr042VqDsR_iMZzHCMK08?authuser=0&hl=en&rclk=1,https://jjs-cottages.hotelsintamilnadu.com/en/
Heavens Gate Holidays. The luxury Holiday Home..,,098430 57755,,4.6,869,Unknown,https://www.google.com/maps/place/Heavens+Gate+Holidays.+The+luxury+Holiday+Home../data=!4m10!3m9!1s0x3ba895ac9653f159:0xe2847c637a5c401c!5m2!4m1!1i2!8m2!3d11.3554155!4d76.7908255!16s%2Fg%2F11g0kc6hjs!19sChIJWfFTlqyVqDsRHEBcemN8hOI?authuser=0&hl=en&rclk=1,http://www.heavensgateholidays.com/
Ukkens Heritage Inn,,075985 21177,,4.4,20,Unknown,https://www.google.com/maps/place/Ukkens+Heritage+Inn/data=!4m10!3m9!1s0x3ba89504ef18c56d:0x18e3652ea9714fc7!5m2!4m1!1i2!8m2!3d11.367868!4d76.7895017!16s%2Fg%2F11f2y2f19c!19sChIJbcUY7wSVqDsRx09xqS5l4xg?authuser=0&hl=en&rclk=1,https://www.ukkensheritageinn.com/
Camellia Heights,,063848 72463,,4.5,103,Unknown,https://www.google.com/maps/place/Camellia+Heights/data=!4m10!3m9!1s0x3ba894e36e56cd9f:0x16d705e354b853fc!5m2!4m1!1i2!8m2!3d11.3447344!4d76.8006912!16s%2Fg%2F11bycfpxh_!19sChIJn81WbuOUqDsR_FO4VOMF1xY?authuser=0&hl=en&rclk=1,http://www.camelliaheights.com/
Park Corner Guest House,,094869 46202,,4.5,126,Unknown,https://www.google.com/maps/place/Park+Corner+Guest+House/data=!4m10!3m9!1s0x3ba894e735f2be89:0xc23fc558c4979a3c!5m2!4m1!1i2!8m2!3d11.3555736!4d76.8016976!16s%2Fg%2F11f4wthxqh!19sChIJib7yNeeUqDsRPJqXxFjFP8I?authuser=0&hl=en&rclk=1,https://park-corner-guesthouse.hotelsintamilnadu.com/en/
Orchid Square Boutique Hotel,,098422 49748,,4.6,10528,Unknown,https://www.google.com/maps/place/Orchid+Square+Boutique+Hotel/data=!4m10!3m9!1s0x3ba894db3577b301:0xa1f4694738542931!5m2!4m1!1i2!8m2!3d11.3508482!4d76.8101605!16s%2Fg%2F11bbt325vy!19sChIJAbN3NduUqDsRMSlUOEdp9KE?authuser=0&hl=en&rclk=1,http://www.orchidsquare.in/
Atwood Coonoor,,093613 09499,,4.5,121,Unknown,https://www.google.com/maps/place/Atwood+Coonoor/data=!4m10!3m9!1s0x3ba895ded181c479:0x312f2b78dbe2b2a6!5m2!4m1!1i2!8m2!3d11.3610736!4d76.8085249!16s%2Fg%2F11f66tbmqw!19sChIJecSB0d6VqDsRprLi23grLzE?authuser=0&hl=en&rclk=1,http://9361309499.com/
GREEN MIST RESORT,,094450 70088,,4.5,335,Unknown,https://www.google.com/maps/place/GREEN+MIST+RESORT/data=!4m10!3m9!1s0x3ba894ebdea17d69:0xddfa39bd6fbf995b!5m2!4m1!1i2!8m2!3d11.3442462!4d76.7988831!16s%2Fg%2F11fzb23r7p!19sChIJaX2h3uuUqDsRW5m_b705-t0?authuser=0&hl=en&rclk=1,https://green-mist-resort.hotelsintamilnadu.com/en/
"The Nest, Homestay @ Coonoor",,097418 68868,,4.7,149,Unknown,"https://www.google.com/maps/place/The+Nest,+Homestay+@+Coonoor/data=!4m10!3m9!1s0x3ba89546cb0f7087:0x2c0ce5fdee973e0e!5m2!4m1!1i2!8m2!3d11.3855166!4d76.8046779!16s%2Fg%2F1vfwb8cb!19sChIJh3APy0aVqDsRDj6X7v3lDCw?authuser=0&hl=en&rclk=1",https://www.nestcoonoor.in/
GREAT WINDOWS RESORTS | Best resort in Coonoor,,098431 93979,,3.6,423,Unknown,https://www.google.com/maps/place/GREAT+WINDOWS+RESORTS+%7C+Best+resort+in+Coonoor/data=!4m10!3m9!1s0x3ba894f62961c309:0x3cd472992c341715!5m2!4m1!1i2!8m2!3d11.3460427!4d76.7798759!16s%2Fg%2F11hd5fksx1!19sChIJCcNhKfaUqDsRFRc0LJly1Dw?authuser=0&hl=en&rclk=1,http://greatwindowsresorts.com/
Erin Villa,,077086 44080,,4.7,56,Unknown,https://www.google.com/maps/place/Erin+Villa/data=!4m10!3m9!1s0x3ba895d3f22737d3:0x38d86c846a3536bf!5m2!4m1!1i2!8m2!3d11.3461552!4d76.8139928!16s%2Fg%2F11g4d_hqlm!19sChIJ0zcn8tOVqDsRvzY1aoRs2Dg?authuser=0&hl=en&rclk=1,https://erinvillacoonoor.com/
Bella Vista,,098450 46698,,4.4,653,Unknown,https://www.google.com/maps/place/Bella+Vista/data=!4m10!3m9!1s0x3ba894efa2fd0d5b:0x4c35da1b975dcae9!5m2!4m1!1i2!8m2!3d11.3483536!4d76.7857013!16s%2Fg%2F1hd_5bm7z!19sChIJWw39ou-UqDsR6cpdlxvaNUw?authuser=0&hl=en&rclk=1,https://bella-vista-holiday-home.hotelsintamilnadu.com/en/
Fairy Glen - A Luxury 2 BHK Cottage,,01319685305,,4.9,64,Unknown,https://www.google.com/maps/place/Fairy+Glen+-+A+Luxury+2+BHK+Cottage/data=!4m10!3m9!1s0x3ba894ea3001f9c1:0x101912d80a1e8e35!5m2!4m1!1i2!8m2!3d11.3441865!4d76.8007527!16s%2Fg%2F1ptyvlgtb!19sChIJwfkBMOqUqDsRNY4eCtgSGRA?authuser=0&hl=en&rclk=1,https://www.fairyglen.co.in/?utm_source=Google&utm_medium=GMB
Kumar’s Mountain View Cottage,,087543 92549,,4.3,187,Unknown,https://www.google.com/maps/place/Kumar%E2%80%99s+Mountain+View+Cottage/data=!4m10!3m9!1s0x3ba894e21f3c18d3:0x3fd925ad1f71c26e!5m2!4m1!1i2!8m2!3d11.3569329!4d76.8027235!16s%2Fg%2F11ynxl8x6!19sChIJ0xg8H-KUqDsRbsJxH60l2T8?authuser=0&hl=en&rclk=1,https://kumars-mountain-view-cottage.hotelsintamilnadu.com/en/
El Divino Holiday Homes,,094860 60707,,4.2,126,Unknown,https://www.google.com/maps/place/El+Divino+Holiday+Homes/data=!4m10!3m9!1s0x3ba894e8969f3a53:0x68888c4905929771!5m2!4m1!1i2!8m2!3d11.3491047!4d76.7988227!16s%2Fg%2F1hm2m55xn!19sChIJUzqfluiUqDsRcZeSBUmMiGg?authuser=0&hl=en&rclk=1,https://eldivinoholidayhomes.com/
The Clubhouse by Tranquilitea,,094438 41572,,4.3,49,Unknown,https://www.google.com/maps/place/The+Clubhouse+by+Tranquilitea/data=!4m10!3m9!1s0x3ba894d8d7b154c9:0x4054119202a74d84!5m2!4m1!1i2!8m2!3d11.3508578!4d76.7996805!16s%2Fg%2F1tfqjtt9!19sChIJyVSx19iUqDsRhE2nApIRVEA?authuser=0&hl=en&rclk=1,https://www.tranquilitea.in/club-house-luxury-vacation-rental
The Salvation Army Guest House and Conference Center,,098948 15427,,4.4,286,Unknown,https://www.google.com/maps/place/The+Salvation+Army+Guest+House+and+Conference+Center/data=!4m10!3m9!1s0x3ba894e3081a85c5:0x925350dba6c04b3d!5m2!4m1!1i2!8m2!3d11.3574571!4d76.794215!16s%2Fg%2F11b7lff6rb!19sChIJxYUaCOOUqDsRPUvApttQU5I?authuser=0&hl=en&rclk=1,http://www.salvationarmy.org/india/Coonoor
Solitude by Nature Resorts and Stays,,090041 77125,,4.6,106,Unknown,https://www.google.com/maps/place/Solitude+by+Nature+Resorts+and+Stays/data=!4m10!3m9!1s0x3ba8c176cf51cdc5:0xb324dce09c487ad2!5m2!4m1!1i2!8m2!3d11.4332911!4d76.8707732!16s%2Fg%2F11vcbdsl2b!19sChIJxc1Rz3bBqDsR0npInODcJLM?authuser=0&hl=en&rclk=1,https://www.natureresorts.in/
Mandarin Orchid Resorts,,063692 33305,,4.4,13,Unknown,https://www.google.com/maps/place/Mandarin+Orchid+Resorts/data=!4m10!3m9!1s0x3ba8c19afe7e7467:0x15994845bcff5172!5m2!4m1!1i2!8m2!3d11.4583218!4d76.872948!16s%2Fg%2F11myzn4spf!19sChIJZ3R-_prBqDsRclH_vEVImRU?authuser=0&hl=en&rclk=1,https://mandarinorchid.in/
Chow Chow Valley Resorts,,093631 76660,,4.5,709,Unknown,https://www.google.com/maps/place/Chow+Chow+Valley+Resorts/data=!4m10!3m9!1s0x3ba8c1a5ffb99c67:0xed27cd45e63e2939!5m2!4m1!1i2!8m2!3d11.421786!4d76.8865339!16s%2Fg%2F11fd3fyt7w!19sChIJZ5y5_6XBqDsROSk-5kXNJ-0?authuser=0&hl=en&rclk=1,http://chowchowvalley.in/
Nahar Retreat And Spa,,093453 91499,,4.3,1318,Unknown,https://www.google.com/maps/place/Nahar+Retreat+And+Spa/data=!4m10!3m9!1s0x3ba8c03065e88167:0x36e936f6274ded85!5m2!4m1!1i2!8m2!3d11.4194413!4d76.869572!16s%2Fg%2F1w0sb9bq!19sChIJZ4HoZTDAqDsRhe1NJ_Y26TY?authuser=0&hl=en&rclk=1,https://naharretreatandspa.com/
Lakshmi Retreat,,097869 13913,,4.4,832,Unknown,https://www.google.com/maps/place/Lakshmi+Retreat/data=!4m10!3m9!1s0x3ba8c035c3991bbb:0x11b00cab5a40f94a!5m2!4m1!1i2!8m2!3d11.4296173!4d76.8671051!16s%2Fg%2F11f37dzzlp!19sChIJuxuZwzXAqDsRSvlAWqsMsBE?authuser=0&hl=en&rclk=1,https://www.lakshmihotels.co.in/
Mystique Stay Resort,,063831 43499,,4.7,738,Unknown,https://www.google.com/maps/place/Mystique+Stay+Resort/data=!4m10!3m9!1s0x3ba8ebb63643d887:0x897d1d4058dcfe56!5m2!4m1!1i2!8m2!3d11.4028018!4d76.8987198!16s%2Fg%2F11f6128wv0!19sChIJh9hDNrbrqDsRVv7cWEAdfYk?authuser=0&hl=en&rclk=1,http://www.mystiquestay.com/
Twin Tree Mountain Resort,,075500 53831,,4.3,243,Unknown,https://www.google.com/maps/place/Twin+Tree+Mountain+Resort/data=!4m10!3m9!1s0x3ba8c03e9142bde7:0xd1555ccd333f1865!5m2!4m1!1i2!8m2!3d11.4258077!4d76.8528576!16s%2Fg%2F11bxfhm9z_!19sChIJ571CkT7AqDsRZRg_M81cVdE?authuser=0&hl=en&rclk=1,http://www.twintreekotagiri.com/
Kotagiri Belair Resorts,,098434 43063,,4.3,140,Unknown,https://www.google.com/maps/place/Kotagiri+Belair+Resorts/data=!4m10!3m9!1s0x3ba8c1ece0653adb:0xddc9cee8eb49dc0d!5m2!4m1!1i2!8m2!3d11.4284253!4d76.8666752!16s%2Fg%2F11gmwhj9dv!19sChIJ2zpl4OzBqDsRDdxJ6-jOyd0?authuser=0&hl=en&rclk=1,https://belaircottages.com/
Triple 'E' Resorts,,089038 13999,,4.5,831,Unknown,https://www.google.com/maps/place/Triple+%27E%27+Resorts/data=!4m10!3m9!1s0x3ba8c05c9325e9c3:0x2e6feef49337d329!5m2!4m1!1i2!8m2!3d11.4694767!4d76.8708709!16s%2Fg%2F11c42sb5ch!19sChIJw-klk1zAqDsRKdM3k_Tuby4?authuser=0&hl=en&rclk=1,http://www.tripleeresorts.in/
The Den by Trees,,081100 76990,,4.4,483,Unknown,https://www.google.com/maps/place/The+Den+by+Trees/data=!4m10!3m9!1s0x3ba8c18c8d19b5a1:0x54ae4f50ef7a272c!5m2!4m1!1i2!8m2!3d11.4340424!4d76.8401948!16s%2Fg%2F11g0mv8hg0!19sChIJobUZjYzBqDsRLCd671BPrlQ?authuser=0&hl=en&rclk=1,https://the-den-by-trees.hotelsintamilnadu.com/en/
PEBBLE GARDEN COTTAGE,,091373 84965,,4.9,72,Unknown,https://www.google.com/maps/place/PEBBLE+GARDEN+COTTAGE/data=!4m10!3m9!1s0x3ba8c1717dd47073:0xbd69d5a7324c9a7b!5m2!4m1!1i2!8m2!3d11.4291203!4d76.8516768!16s%2Fg%2F11y07rvbd5!19sChIJc3DUfXHBqDsRe5pMMqfVab0?authuser=0&hl=en&rclk=1,http://www.pebblegardencottage.com/
MySpace Holiday Inn - Kotagiri,,082206 62206,,4.6,1040,Unknown,https://www.google.com/maps/place/MySpace+Holiday+Inn+-+Kotagiri/data=!4m10!3m9!1s0x3ba8c01551fe2c75:0x7a33ccddce6787a7!5m2!4m1!1i2!8m2!3d11.4297623!4d76.8480483!16s%2Fg%2F11bxdw6wfv!19sChIJdSz-URXAqDsRp4dnzt3MM3o?authuser=0&hl=en&rclk=1,http://www.myspaceholidayinn.com/
Trilan Cottages - Donnington Road,,095516 90001,,4.5,462,Unknown,https://www.google.com/maps/place/Trilan+Cottages+-+Donnington+Road/data=!4m10!3m9!1s0x3ba8c03308b21659:0x62043b1ca7a2afeb!5m2!4m1!1i2!8m2!3d11.4235808!4d76.8698231!16s%2Fg%2F11b6_nzgp0!19sChIJWRayCDPAqDsR66-ipxw7BGI?authuser=0&hl=en&rclk=1,http://www.trilancottages.com/
The Door to Nirvana Hostel,,088054 79801,,4.7,312,Unknown,https://www.google.com/maps/place/The+Door+to+Nirvana+Hostel/data=!4m10!3m9!1s0x3ba8ebbcb047a9d5:0x8135d02cf38c0bda!5m2!4m1!1i2!8m2!3d11.4001898!4d76.8572206!16s%2Fg%2F11gtg8fybk!19sChIJ1alHsLzrqDsR2guM8yzQNYE?authuser=0&hl=en&rclk=1,https://doortonirvana.hostel.club/
The Resort at Laughing Waters,,080500 85585,,4.8,919,Unknown,https://www.google.com/maps/place/The+Resort+at+Laughing+Waters/data=!4m10!3m9!1s0x3ba8eb89a5ddde01:0xd38237675e02d86f!5m2!4m1!1i2!8m2!3d11.3942326!4d76.8464889!16s%2Fg%2F11hf8ss94v!19sChIJAd7dpYnrqDsRb9gCXmc3gtM?authuser=0&hl=en&rclk=1,https://laughingwaters.in/rooms.html
MITHUN HILL VIEW,,095859 31865,,4.7,152,No,https://www.google.com/maps/place/MITHUN+HILL+VIEW/data=!4m10!3m9!1s0x3ba8c1fb2d02f8ab:0x26cb516654c603ba!5m2!4m1!1i2!8m2!3d11.4575608!4d76.8928395!16s%2Fg%2F11h6dr2gw0!19sChIJq_gCLfvBqDsRugPGVGZRyyY?authuser=0&hl=en&rclk=1,https://mithun-hill-view-cottage-kotagiri.nochi.com/
Celestial Resorts - Resorts in Kotagiri | Rooms in Kotagiri | Family Resort,,094870 71995,,3.8,269,Unknown,https://www.google.com/maps/place/Celestial+Resorts+-+Resorts+in+Kotagiri+%7C+Rooms+in+Kotagiri+%7C+Family+Resort/data=!4m10!3m9!1s0x3ba8c033cee55fef:0xa648f3c4ca552d52!5m2!4m1!1i2!8m2!3d11.4230413!4d76.8676206!16s%2Fg%2F113djr841!19sChIJ71_lzjPAqDsRUi1VysTzSKY?authuser=0&hl=en&rclk=1,http://www.celestialresorts.com/
AIRA Residency,,075984 50505,,4.4,191,No,https://www.google.com/maps/place/AIRA+Residency/data=!4m10!3m9!1s0x3ba8c1ce7858d6a3:0xb721f2031b3b3343!5m2!4m1!1i2!8m2!3d11.4344503!4d76.8434753!16s%2Fg%2F11ghqbrd9q!19sChIJo9ZYeM7BqDsRQzM7GwPyIbc?authuser=0&hl=en&rclk=1,https://www.theairaresidency.com/
"PrakritiLaya Nature Homes, Resorts in Kotagiri, Tamilnadu",,089401 22133,,4.8,350,Unknown,"https://www.google.com/maps/place/PrakritiLaya+Nature+Homes,+Resorts+in+Kotagiri,+Tamilnadu/data=!4m10!3m9!1s0x3ba8c18d7b6f8a81:0xd5019810c7e4e756!5m2!4m1!1i2!8m2!3d11.4458761!4d76.8910742!16s%2Fg%2F11jb8qxncw!19sChIJgYpve43BqDsRVufkxxCYAdU?authuser=0&hl=en&rclk=1",http://www.prakritilayanaturehomes.com/
Farview Mountain Resort Villas,,089031 92902,,4.6,156,Unknown,https://www.google.com/maps/place/Farview+Mountain+Resort+Villas/data=!4m10!3m9!1s0x3ba8c04d2680ff61:0x395e5272b3bafcb9!5m2!4m1!1i2!8m2!3d11.4466696!4d76.8859009!16s%2Fg%2F1ptx4ck9t!19sChIJYf-AJk3AqDsRufy6s3JSXjk?authuser=0&hl=en&rclk=1,http://www.farviewvillas.com/
Cloud & Mist Inn,,090873 59259,,4.6,279,Unknown,https://www.google.com/maps/place/Cloud+%26+Mist+Inn/data=!4m10!3m9!1s0x3ba8c1db1401f971:0x2b1b58440a77822a!5m2!4m1!1i2!8m2!3d11.461278!4d76.8396042!16s%2Fg%2F11vbzjby6v!19sChIJcfkBFNvBqDsRKoJ3CkRYGys?authuser=0&hl=en&rclk=1,https://cloudandmist.in/
Hanging Huts Resort,,080567 59478,,4.3,557,Unknown,https://www.google.com/maps/place/Hanging+Huts+Resort/data=!4m10!3m9!1s0x3ba8ea6cd6031cdb:0xd195166ad8f71fd5!5m2!4m1!1i2!8m2!3d11.4000604!4d76.8951736!16s%2Fg%2F11cjkp9978!19sChIJ2xwD1mzqqDsR1R_32GoWldE?authuser=0&hl=en&rclk=1,https://hanginghuts.in/
Garuda Park Resort Kotagiri,,097514 09969,,4.4,354,Unknown,https://www.google.com/maps/place/Garuda+Park+Resort+Kotagiri/data=!4m10!3m9!1s0x3ba8c03d640f21d1:0x3da1d2337b6e7a66!5m2!4m1!1i2!8m2!3d11.42064!4d76.8491047!16s%2Fg%2F11c2ld4x23!19sChIJ0SEPZD3AqDsRZnpuezPSoT0?authuser=0&hl=en&rclk=1,http://www.garudapark.com/
Adubettu Leisure Homes,,094434 84013,,4.2,156,No,https://www.google.com/maps/place/Adubettu+Leisure+Homes/data=!4m10!3m9!1s0x3ba8ea5e27d4776f:0x8a8f7dcadeacc84f!5m2!4m1!1i2!8m2!3d11.3867848!4d76.875721!16s%2Fg%2F11c3zw1x_s!19sChIJb3fUJ17qqDsRT8is3sp9j4o?authuser=0&hl=en&rclk=1,http://www.kotagiriadubetturesorts.com/
Memories at The Blue Mountains,,098845 63312,,5.0,29,Unknown,https://www.google.com/maps/place/Memories+at+The+Blue+Mountains/data=!4m10!3m9!1s0x3ba8eb237ac34351:0x1d379911b08a51b!5m2!4m1!1i2!8m2!3d11.4042974!4d76.8447754!16s%2Fg%2F11mm0jn_hf!19sChIJUUPDeiPrqDsRG6UIG5F50wE?authuser=0&hl=en&rclk=1,https://memoriesatthebluemountains.5starhotels.in/
Aishwarya Garden Resorts,,087543 51230,,4.7,161,Unknown,https://www.google.com/maps/place/Aishwarya+Garden+Resorts/data=!4m10!3m9!1s0x3ba8c1ac92637f8b:0x8c3afca8a0f47816!5m2!4m1!1i2!8m2!3d11.4251259!4d76.8675319!16s%2Fg%2F11tnc9plzx!19sChIJi39jkqzBqDsRFnj0oKj8Oow?authuser=0&hl=en&rclk=1,http://www.aishwaryagardenresorts.com/
Shola Gardens,,063818 74868,,4.7,389,Unknown,https://www.google.com/maps/place/Shola+Gardens/data=!4m10!3m9!1s0x3ba8eba1e27f8afd:0x4295b17c0115ec1c!5m2!4m1!1i2!8m2!3d11.3938072!4d76.9024204!16s%2Fg%2F11fm2m1d_h!19sChIJ_Yp_4qHrqDsRHOwVAXyxlUI?authuser=0&hl=en&rclk=1,https://sholagardens.co.in/
Anooba Arutra Resort,,094423 51691,,4.5,49,Unknown,https://www.google.com/maps/place/Anooba+Arutra+Resort/data=!4m10!3m9!1s0x3ba8c1b3371a992d:0xf0f3566648106816!5m2!4m1!1i2!8m2!3d11.4250041!4d76.8759295!16s%2Fg%2F11qp084rbn!19sChIJLZkaN7PBqDsRFmgQSGZW8_A?authuser=0&hl=en&rclk=1,https://www.anoobaarutra.com/
Surada Resorts,,073737 35531,,4.3,18,Unknown,https://www.google.com/maps/place/Surada+Resorts/data=!4m10!3m9!1s0x3ba8ebbfa47cb191:0x239eb9d0eb089968!5m2!4m1!1i2!8m2!3d11.4005377!4d76.834078!16s%2Fg%2F11vzpj3kfv!19sChIJkbF8pL_rqDsRaJkI69C5niM?authuser=0&hl=en&rclk=1,https://www.suradaresorts.com/#/
Bearwood castle Resort,,094426 33252,,4.8,14,Unknown,https://www.google.com/maps/place/Bearwood+castle+Resort/data=!4m10!3m9!1s0x3ba8c1ec98a71849:0xd484cfb6ac6864f6!5m2!4m1!1i2!8m2!3d11.4099988!4d76.8708163!16s%2Fg%2F11st9vs4hb!19sChIJSRinmOzBqDsR9mRorLbPhNQ?authuser=0&hl=en&rclk=1,https://bearwoodcastle.com/
THE UMBER TEA FAMILY COTTAGE,,091888 28288,,4.6,122,Unknown,https://www.google.com/maps/place/THE+UMBER+TEA+FAMILY+COTTAGE/data=!4m10!3m9!1s0x3ba8eb65bd735a81:0x73b194775a1cefef!5m2!4m1!1i2!8m2!3d11.3858983!4d76.882647!16s%2Fg%2F11gl12dwyq!19sChIJgVpzvWXrqDsR7-8cWneUsXM?authuser=0&hl=en&rclk=1,https://theumberteafamilyc.wixsite.com/holidayrental
