Business Name,Contact Person,Phone Number,Location,Google Rating,Review Count,Profile Claimed?,Google Maps URL,Website URL,Source
Sky Dental Clinic,,+91 93532 48386,"618, 80 Feet Rd, near maharaja signal",4.9,832,Unknown,https://www.google.com/maps/place/Sky+Dental+Clinic/data=!4m7!3m6!1s0x3bae15abbcceeac1:0x8d74c9fa44d53aa!8m2!3d12.9349117!4d77.6294529!16s%2Fg%2F11q3tdnddy!19sChIJwerOvKsVrjsRqlNNpJ9M1wg?authuser=0&hl=en&rclk=1,https://skydentalbengaluru.zoca.com/?utm_source=googlemaps&utm_medium=googlemaps&utm_campaign=googlemaps,Google Maps
"Dr. Inchara Vadegadde -iLUMNA+ Healthcare- Best dental clinic Bangalore, Jayanagar| Dental implant & Invisalign",,+91 74114 11069,"40, 32nd Cross Rd",4.8,339,Unknown,"https://www.google.com/maps/place/Dr.+Inchara+Vadegadde+-iLUMNA%2B+Healthcare-+Best+dental+clinic+Bangalore,+Jayanagar%7C+Dental+implant+%26+Invisalign/data=!4m7!3m6!1s0x3bae3ff616f8fa99:0x6c34f8d1caf0009e!8m2!3d12.9274173!4d77.578601!16s%2Fg%2F11vymd4klb!19sChIJmfr4FvY_rjsRngDwytH4NGw?authuser=0&hl=en&rclk=1",https://ilumnadental.com/,Google Maps
"Bangalore Dental Specialists Dental Clinic, Dentist HSR Layout - Single Visit Root Canal & Dental Implant Center",,+91 89567 81555,"No 1656, Building, 27th Main Rd, above Ramraj",4.9,429,Unknown,"https://www.google.com/maps/place/Bangalore+Dental+Specialists+Dental+Clinic,+Dentist+HSR+Layout+-+Single+Visit+Root+Canal+%26+Dental+Implant+Center/data=!4m7!3m6!1s0x3bae15271d87852d:0x2926a1c76b334e79!8m2!3d12.9110094!4d77.65161!16s%2Fg%2F11ts3ss_g9!19sChIJLYWHHScVrjsReU4za8ehJik?authuser=0&hl=en&rclk=1",https://www.bangaloredentalspecialists.com/?utm_source=gmb&utm_medium=website-link,Google Maps
Chisel Dental Clinic,,+91 99721 17009,"18, 1st Main Rd, opposite Ambur Biryani, Near Wipro Park",4.7,3069,Unknown,https://www.google.com/maps/place/Chisel+Dental+Clinic/data=!4m7!3m6!1s0x3bae14426433b22d:0xd2bbeb8d0bf81bc6!8m2!3d12.9276663!4d77.6371667!16s%2Fg%2F11b7rxk_c1!19sChIJLbIzZEIUrjsRxhv4C43ru9I?authuser=0&hl=en&rclk=1,https://www.chiseldental.co.in/,Google Maps
Dental Solutions,,+91 63643 12444,"1st Floor, 498, 15th Cross Road",4.8,1805,Unknown,https://www.google.com/maps/place/Dental+Solutions/data=!4m7!3m6!1s0x3bae174136a25e21:0xec4afe8090b5603d!8m2!3d12.979839!4d77.6355318!16s%2Fg%2F11l00n9ypj!19sChIJIV6iNkEXrjsRPWC1kID-Suw?authuser=0&hl=en&rclk=1,https://www.dentalsolutionsclinic.com/,Google Maps
Smilecure multispeciality Dental clinic,,+91 99162 06200,"VR CHAMBERS, Kadubeesanahalli Bridge, opp. to Indiqube and, next to The Rajas resturant",4.7,554,Unknown,https://www.google.com/maps/place/Smilecure+multispeciality+Dental+clinic/data=!4m7!3m6!1s0x3bae13b26da858a3:0x19549d26469e2eb0!8m2!3d12.9397966!4d77.6951574!16s%2Fg%2F1261y_qbr!19sChIJo1iobbITrjsRsC6eRiadVBk?authuser=0&hl=en&rclk=1,https://www.smilecure.in/,Google Maps
Bangalore Charitable Dental Center,,+91 88846 13795,"39/1 7th Main Road, Appareddy Palya Rd",4.9,391,Unknown,https://www.google.com/maps/place/Bangalore+Charitable+Dental+Center/data=!4m7!3m6!1s0x3bae171c3b702a05:0xab72cf44a99660ab!8m2!3d12.9722857!4d77.6371743!16s%2Fg%2F11p55zsvcq!19sChIJBSpwOxwXrjsRq2CWqUTPcqs?authuser=0&hl=en&rclk=1,https://www.bangalorecharitabledentalhospital.org/,Google Maps
Amaya Dental Clinic - Dental Clinic in Vasant Nagar,,+91 95918 95500,"1st Floor, 8/1, Palace Cross Rd",4.9,276,Unknown,https://www.google.com/maps/place/Amaya+Dental+Clinic+-+Dental+Clinic+in+Vasant+Nagar/data=!4m7!3m6!1s0x3bae17f5ff2652c3:0xfd432ea16e1d6831!8m2!3d12.9937365!4d77.5893537!16s%2Fg%2F11pdr93ws5!19sChIJw1Im__UXrjsRMWgdbqEuQ_0?authuser=0&hl=en&rclk=1,https://www.amayadental.in/,Google Maps
LITTLE PEARLS Dental Clinic,,+91 98807 02525,"1st Floor, 1st, Main Road, 46, 7th Cross Rd",4.9,1498,Unknown,https://www.google.com/maps/place/LITTLE+PEARLS+Dental+Clinic/data=!4m7!3m6!1s0x3bae15037181efed:0x22ccaf6b79733524!8m2!3d12.9133861!4d77.6031254!16s%2Fg%2F11c45v80qy!19sChIJ7e-BcQMVrjsRJDVzeWuvzCI?authuser=0&hl=en&rclk=1,http://littlepearlsdentalcare.com/,Google Maps
"Partha Dental Clinic - Jayanagar, Bangalore | Invisalign Provider | Braces, Root Canal & Dental Implants",,+91 81231 65668,"beside Ragigudda Arch, near Bus Stop",4.6,792,Unknown,"https://www.google.com/maps/place/Partha+Dental+Clinic+-+Jayanagar,+Bangalore+%7C+Invisalign+Provider+%7C+Braces,+Root+Canal+%26+Dental+Implants/data=!4m7!3m6!1s0x3bae15a6350bbe39:0xb44917e947118009!8m2!3d12.9167034!4d77.5934347!16s%2Fg%2F11b5rbzczp!19sChIJOb4LNaYVrjsRCYARR-kXSbQ?authuser=0&hl=en&rclk=1",https://parthadental.com/dental-skin-hair-clinic-jayanagar/?utm_source=google&utm_medium=gmb&utm_campaign=jayanagar,Google Maps
"Clove Dental Clinic - Indiranagar, Bengaluru",,+91 40 3824 5711,"Chinmaya Mission Hospital Rd, beside Andhra Bank, opposite MK Retail",4.8,980,Unknown,"https://www.google.com/maps/place/Clove+Dental+Clinic+-+Indiranagar,+Bengaluru/data=!4m7!3m6!1s0x3bae17e6a14aac25:0x783d4d8f11c4a354!8m2!3d12.9783759!4d77.6450602!16s%2Fg%2F11hy_rl2py!19sChIJJaxKoeYXrjsRVKPEEY9NPXg?authuser=0&hl=en&rclk=1",https://clovedental.in/dentist-near-me/bengaluru/indiranagar?utm_source=website&utm_medium=gmb&utm_campaign=Indiranagar_GMB,Google Maps
"Apollo Dental Clinic, Hebbal - Best Dental Clinic in Bangalore - Root Canal, Aligners, Implants, Crowns and Veneers",,+91 88847 77950,"Park, 3, Sona Plaza, Ground Floor, 16th cross, Outer Ring Rd, opp. Coffee Board Layout",4.9,408,Unknown,"https://www.google.com/maps/place/Apollo+Dental+Clinic,+Hebbal+-+Best+Dental+Clinic+in+Bangalore+-+Root+Canal,+Aligners,+Implants,+Crowns+and+Veneers/data=!4m7!3m6!1s0x3bae1764b76346e3:0x2c78aa8f3727b420!8m2!3d13.0532125!4d77.6045631!16s%2Fg%2F11w95_d2_7!19sChIJ40Zjt2QXrjsRILQnN4-qeCw?authuser=0&hl=en&rclk=1",https://apollodental.in/bengaluru/our-clinics,Google Maps
National Dental Care,,+91 92369 52369,"4th Floor, 14th, main road, 17th Cross Rd, near BDA Complex, above MCDonalds and Dindigul Thalappakatti Biriyani",4.9,559,Unknown,https://www.google.com/maps/place/National+Dental+Care/data=!4m7!3m6!1s0x3bae1580df1ada0d:0x455401f460dc22f7!8m2!3d12.9121375!4d77.6379842!16s%2Fg%2F11x2x6kbht!19sChIJDdoa34AVrjsR9yLcYPQBVEU?authuser=0&hl=en&rclk=1,https://www.nationaldentalcare.in/,Google Maps
"Dr Ali's DentaCare | Dentist, RCT & Orthodontic Center in Bengaluru",,+91 91418 29885,"19, Chinnaswamy Mudaliar Rd",4.9,501,Unknown,"https://www.google.com/maps/place/Dr+Ali%27s+DentaCare+%7C+Dentist,+RCT+%26+Orthodontic+Center+in+Bengaluru/data=!4m7!3m6!1s0x3bae179ff45f4203:0xdb43b43447e140d0!8m2!3d12.9854856!4d77.598008!16s%2Fg%2F11b6dzc36_!19sChIJA0Jf9J8XrjsR0EDhRzS0Q9s?authuser=0&hl=en&rclk=1",https://dralisdentacare.com/,Google Maps
All Care Dental Centre Indiranagar,,+91 98450 79479,545,4.7,342,Unknown,https://www.google.com/maps/place/All+Care+Dental+Centre+Indiranagar/data=!4m7!3m6!1s0x3bae16a482dbf40b:0x75086d59868659c2!8m2!3d12.9781153!4d77.6377589!16s%2Fg%2F1tg5shpb!19sChIJC_TbgqQWrjsRwlmGhlltCHU?authuser=0&hl=en&rclk=1,http://www.allcaredentalcentre.in/,Google Maps
Bright Dental Clinic,,+91 86188 23250,"Unit #C,No. 101, prestige court, K.H, Double Rd",5.0,123,Unknown,https://www.google.com/maps/place/Bright+Dental+Clinic/data=!4m7!3m6!1s0x3bae15c6a2329d7d:0x220e9ecdb7e60ea9!8m2!3d12.9576207!4d77.5925557!16s%2Fg%2F11t282ww4l!19sChIJfZ0yosYVrjsRqQ7mt82eDiI?authuser=0&hl=en&rclk=1,https://brightdental.co.in/,Google Maps
Cosmetic Dental Clinic,,+91 63661 95959,"208, 17th E Main Rd",4.8,174,Unknown,https://www.google.com/maps/place/Cosmetic+Dental+Clinic/data=!4m7!3m6!1s0x3bae14456687e8d9:0x6686646ce8799810!8m2!3d12.9362571!4d77.6197962!16s%2Fg%2F1wbfyvnj!19sChIJ2eiHZkUUrjsREJh56GxkhmY?authuser=0&hl=en&rclk=1,http://www.cosmeticdentalclinics.in/,Google Maps
Jeevan Dental Clinic,,+91 98868 92438,"No. 702, Premson Complex, 6th A Cross Rd, behind BDA Shopping Complex",4.9,1171,Unknown,https://www.google.com/maps/place/Jeevan+Dental+Clinic/data=!4m7!3m6!1s0x3bae144e76c21947:0xc167498323294fa3!8m2!3d12.9305223!4d77.6229666!16s%2Fg%2F1pt_xnf82!19sChIJRxnCdk4UrjsRo08pI4NJZ8E?authuser=0&hl=en&rclk=1,https://www.jeevandental.com/,Google Maps
Geetha Dental Clinic,,+91 99000 08081,"OMKARA, 8, 1, Ganesh Mandir Rd",5.0,2060,Unknown,https://www.google.com/maps/place/Geetha+Dental+Clinic/data=!4m7!3m6!1s0x3bae158fb73c8777:0x10b6795c5d5f979!8m2!3d12.9338026!4d77.5716548!16s%2Fg%2F1vp6ymsk!19sChIJd4c8t48VrjsRefnVxZVnCwE?authuser=0&hl=en&rclk=1,https://alignersbraces.com/,Google Maps
Dental Lavelle,,+91 80 4112 1314,"120, Lavelle Road",5.0,687,Unknown,https://www.google.com/maps/place/Dental+Lavelle/data=!4m7!3m6!1s0x3bae16781e3d31af:0xbf31525ea94b5ed1!8m2!3d12.9683921!4d77.596458!16s%2Fg%2F1tdjplgw!19sChIJrzE9HngWrjsR0V5LqV5SMb8?authuser=0&hl=en&rclk=1,http://www.dentallavelle.com/,Google Maps
Smile Dental Care,,+91 80 2338 8683,"5th Main Road, 4, 4th Cross Rd",4.8,242,Unknown,https://www.google.com/maps/place/Smile+Dental+Care/data=!4m7!3m6!1s0x3bae3e7390000001:0x2a905505abf4cbe!8m2!3d12.9645117!4d77.5380121!16s%2Fg%2F1tk6ns98!19sChIJAQAAkHM-rjsRvky_WlAFqQI?authuser=0&hl=en&rclk=1,https://www.smile-dentalcare.com/,Google Maps
The Tooth Hub Dental Clinic,,+91 82338 34444,"Flat No C, #100, Kamadhenu Apartments, Diagonal Rd",4.9,255,Unknown,https://www.google.com/maps/place/The+Tooth+Hub+Dental+Clinic/data=!4m7!3m6!1s0x3bae159d20bcd8bd:0xd1be07cc879fa17a!8m2!3d12.950345!4d77.5752187!16s%2Fg%2F11st_16gv4!19sChIJvdi8IJ0VrjsReqGfh8wHvtE?authuser=0&hl=en&rclk=1,https://click4appointment.com/clinic-details/thetoothhubdentalclinic-3536,Google Maps
The Image Hospital | Best Hair Face Dental Clinic in Sahakar Nagar Bangalore,,+91 87920 36555,"2nd Floor, MCN square, No 13",4.9,542,Unknown,https://www.google.com/maps/place/The+Image+Hospital+%7C+Best+Hair+Face+Dental+Clinic+in+Sahakar+Nagar+Bangalore/data=!4m7!3m6!1s0x3bae191017415b93:0xad9694f0c48e07f0!8m2!3d13.0627853!4d77.5931335!16s%2Fg%2F11q9m9f8z4!19sChIJk1tBFxAZrjsR8AeOxPCUlq0?authuser=0&hl=en&rclk=1,http://www.theimagehospital.com/,Google Maps
Smilekraft Dental Clinic,,+91 88677 57004,"391, 18th E Main Rd",4.9,810,Unknown,https://www.google.com/maps/place/Smilekraft+Dental+Clinic/data=!4m7!3m6!1s0x3bae1688f20deb4f:0xb74c634845cc8b0b!8m2!3d12.941088!4d77.62348!16s%2Fg%2F1tkc0k9r!19sChIJT-sN8ogWrjsRC4vMRUhjTLc?authuser=0&hl=en&rclk=1,https://smilekraftdc.in/,Google Maps
Smile Dental Clinic,,+91 95131 51235,"17TH CROSS, 531/A, New BEL Rd, behind Indian Bank",4.9,211,Unknown,https://www.google.com/maps/place/Smile+Dental+Clinic/data=!4m7!3m6!1s0x3bae17dd9249caeb:0xfc699eb7b4763cfe!8m2!3d13.0376646!4d77.5657459!16s%2Fg%2F1tf73zph!19sChIJ68pJkt0XrjsR_jx2tLeeafw?authuser=0&hl=en&rclk=1,http://smilebangalore.com/,Google Maps
Smile Care Dental Clinic,,+91 80 4115 4773,"274, 2nd Cross Rd",4.8,309,Unknown,https://www.google.com/maps/place/Smile+Care+Dental+Clinic/data=!4m7!3m6!1s0x3bae16a0afe9149d:0xb07f9e38b68f87e8!8m2!3d12.9706481!4d77.6320667!16s%2Fg%2F1tgr_ck9!19sChIJnRTpr6AWrjsR6IePtjief7A?authuser=0&hl=en&rclk=1,https://smilecareclinic.in/,Google Maps
AP Spatika Dantalaya - Best Dental Clinic Bangalore,,+91 78924 57805,"First Floor, No 7, Sri Maruthi Nilaya, Rajagopalnagar Main Rd",4.9,541,Unknown,https://www.google.com/maps/place/AP+Spatika+Dantalaya+-+Best+Dental+Clinic+Bangalore/data=!4m7!3m6!1s0x3bae3d9e35f38f51:0x52f413cab5c6d544!8m2!3d13.014849!4d77.5106706!16s%2Fg%2F11tp93kb5d!19sChIJUY_zNZ49rjsRRNXGtcoT9FI?authuser=0&hl=en&rclk=1,https://www.clinicspots.com/doctor/dr-bharath-gowda--m-c,Google Maps
Dezy Dental Clinic,,+91 76187 92440,"1st floor, Juice Junction Building, 2628, 27th Main Rd",4.8,2635,Unknown,https://www.google.com/maps/place/Dezy+Dental+Clinic/data=!4m7!3m6!1s0x3bae1525571384e3:0xc1f3ae8185f6abb8!8m2!3d12.9151!4d77.6517055!16s%2Fg%2F11rnf8vkm2!19sChIJ44QTVyUVrjsRuKv2hYGu88E?authuser=0&hl=en&rclk=1,https://www.dezy.com/clinics/bangalore/best-dental-clinic-bangalore-hsr-layout-sector-1?city=bangalore,Google Maps
House Of Dentistry™️,,+91 94499 35053,"Lower Palace Orchards, 80, 8th Cross Rd",5.0,498,Unknown,https://www.google.com/maps/place/House+Of+Dentistry%E2%84%A2%EF%B8%8F/data=!4m7!3m6!1s0x3bae1705d638c8e9:0xc89b0dcf6bd640af!8m2!3d13.0041261!4d77.5802998!16s%2Fg%2F11j0tky5vv!19sChIJ6cg41gUXrjsRr0DWa88Nm8g?authuser=0&hl=en&rclk=1,http://www.houseofdentistry.in/,Google Maps
Dental Diagnostic Centre-DDC Smiles Koramangala,,+91 80 2552 9197,"No 6, Jai Plaza, 80 Feet Road, Srinivagilu Main Rd",5.0,3505,Unknown,https://www.google.com/maps/place/Dental+Diagnostic+Centre-DDC+Smiles+Koramangala/data=!4m7!3m6!1s0x3bae1461b2a801bf:0xe0176c8a7355395c!8m2!3d12.92656!4d77.6335927!16s%2Fg%2F1tgkfqqt!19sChIJvwGosmEUrjsRXDlVc4psF-A?authuser=0&hl=en&rclk=1,https://ddcsmiles.in/,Google Maps
"Alisa Dental Care | Dental Clinic in Richmond Town, Bangalore",,+91 81038 10342,"6/3, Campbell Rd, next to ST. PHILOMENA'S HOSPITAL",4.9,120,Unknown,"https://www.google.com/maps/place/Alisa+Dental+Care+%7C+Dental+Clinic+in+Richmond+Town,+Bangalore/data=!4m7!3m6!1s0x3bae1564e666a4d3:0x6eab2322a49738!8m2!3d12.9654356!4d77.6104028!16s%2Fg%2F11j1j7m_hd!19sChIJ06Rm5mQVrjsROJekIiOrbgA?authuser=0&hl=en&rclk=1",https://www.drbeenagopidental.com/,Google Maps
Curaden Dental Clinic,,+91 80 4339 0000,"11, Ground Floor, Global Tech Park, O Shaughnessy Rd, behind Hockey stadium",4.7,113,Unknown,https://www.google.com/maps/place/Curaden+Dental+Clinic/data=!4m7!3m6!1s0x3bae14527012eef7:0x35d394effa677cba!8m2!3d12.9622256!4d77.5994713!16s%2Fg%2F1tdg1njh!19sChIJ9-4ScFIUrjsRunxn-u-U0zU?authuser=0&hl=en&rclk=1,https://www.curaden-clinic.in/,Google Maps
32 Smiles,,+91 93434 33222,"No. 130, Kundalahalli Gate",4.2,358,Unknown,https://www.google.com/maps/place/32+Smiles/data=!4m7!3m6!1s0x3bae123914beff3d:0xb4afa10e4c05fcf7!8m2!3d12.9545027!4d77.7149287!16s%2Fg%2F1tl0vsdw!19sChIJPf--FDkSrjsR9_wFTA6hr7Q?authuser=0&hl=en&rclk=1,https://www.practo.com/bangalore/doctor/dr-mallayya-pujari-dentist,Google Maps
Beyond Smiles Dental Clinic,,+91 76248 65553,"285, 6th Cross Rd, near Indiranagar",4.8,721,Unknown,https://www.google.com/maps/place/Beyond+Smiles+Dental+Clinic/data=!4m7!3m6!1s0x3bae16bad1c69269:0x68b5fa3606448a2!8m2!3d12.9792578!4d77.6403454!16s%2Fg%2F11c3kjvsql!19sChIJaZLG0boWrjsRokhkYKNfiwY?authuser=0&hl=en&rclk=1,https://beyondsmiles.co.in/,Google Maps
Sapna Dental Care,,+91 70193 65553,"2nd Floor, 10, L.M. Towers, Dr Rajkumar Rd",4.9,248,Unknown,https://www.google.com/maps/place/Sapna+Dental+Care/data=!4m7!3m6!1s0x3bae3d9e02c06bbd:0xfc0eaf3b48f0e8b0!8m2!3d12.9850091!4d77.5602399!16s%2Fg%2F11s6q19cvx!19sChIJvWvAAp49rjsRsOjwSDuvDvw?authuser=0&hl=en&rclk=1,https://sapnadentalcare.com/,Google Maps
Revive Dental Clinic Rajajinagar Bengaluru,,+91 76248 71212,"147y , 50th cross, 17th Main Rd",4.9,431,Unknown,https://www.google.com/maps/place/Revive+Dental+Clinic+Rajajinagar+Bengaluru/data=!4m7!3m6!1s0x3be7c38ae3340df5:0xfe1bf5efe0246c8d!8m2!3d12.987493!4d77.5523846!16s%2Fg%2F11n11lvymn!19sChIJ9Q0044rD5zsRjWwk4O_1G_4?authuser=0&hl=en&rclk=1,https://revivedento.in/,Google Maps
Isha Dental Clinic - Best Dentist & Dental Clinic in Bangalore,,+91 90356 29583,"Swarna building, No 60 EWS, 3rd cross , nrupatunga extension, RT Nagar",5.0,362,Unknown,https://www.google.com/maps/place/Isha+Dental+Clinic+-+Best+Dentist+%26+Dental+Clinic+in+Bangalore/data=!4m7!3m6!1s0x3bae17a6e94439bd:0x8ea4d3806354ab4f!8m2!3d13.0205092!4d77.5920949!16s%2Fg%2F11gdjpq4dd!19sChIJvTlE6aYXrjsRT6tUY4DTpI4?authuser=0&hl=en&rclk=1,http://www.ishadentalclinic.com/,Google Maps
"Smitha Dental, Implants & Aesthetics | Best Dentist in Jayanagar Bangalore",,+91 77889 98124,"South, E End Main Rd",4.9,780,Unknown,"https://www.google.com/maps/place/Smitha+Dental,+Implants+%26+Aesthetics+%7C+Best+Dentist+in+Jayanagar+Bangalore/data=!4m7!3m6!1s0x3bae154b6b9d0819:0xd4c4fbe556d78565!8m2!3d12.9166319!4d77.5958615!16s%2Fg%2F11jywzl19_!19sChIJGQida0sVrjsRZYXXVuX7xNQ?authuser=0&hl=en&rclk=1",https://smithadentalaesthetics.com/,Google Maps
Ridgetop Dental International | Best dentist in MG Road,,+91 78468 89900,"2nd Floor, Lake, 16/1, Haudin Rd, near Halasuru",4.9,287,Unknown,https://www.google.com/maps/place/Ridgetop+Dental+International+%7C+Best+dentist+in+MG+Road/data=!4m7!3m6!1s0x3bae169cc0d4d8b3:0x4452ca1e705941f1!8m2!3d12.9764607!4d77.6188174!16s%2Fg%2F1ptz0r9qr!19sChIJs9jUwJwWrjsR8UFZcB7KUkQ?authuser=0&hl=en&rclk=1,https://www.ridgetopdental.in/mg-road/,Google Maps
DENTAL 360,,+91 80089 98997,"Rama plaza, 392, 13th Cross Rd",5.0,92,Unknown,https://www.google.com/maps/place/DENTAL+360/data=!4m7!3m6!1s0x3bae17e3471ca25b:0x58fe20b642ba6566!8m2!3d12.9779496!4d77.6359539!16s%2Fg%2F11t2vl1_5w!19sChIJW6IcR-MXrjsRZmW6QrYg_lg?authuser=0&hl=en&rclk=1,https://www.dental360bangalore.com/,Google Maps
Hayes Dental Clinic,,+91 99801 54197,"11/1, Hayes Rd",4.9,183,Unknown,https://www.google.com/maps/place/Hayes+Dental+Clinic/data=!4m7!3m6!1s0x3bae1542f73c43a3:0x12bacafce50ec0fb!8m2!3d12.9662711!4d77.60165!16s%2Fg%2F11h75pp995!19sChIJo0M890IVrjsR-8AO5fzKuhI?authuser=0&hl=en&rclk=1,https://hayesdentalbangalore.com/,Google Maps
Smiles.ai Kormangala,,+91 84350 00632,"#358, 1st floor, 1st Main Rd",4.5,17,No,https://www.google.com/maps/place/Smiles.ai+Kormangala/data=!4m7!3m6!1s0x3bae157e67f8310f:0x47be4cdcd21a1f44!8m2!3d12.9363751!4d77.6148875!16s%2Fg%2F11ppspvr4s!19sChIJDzH4Z34VrjsRRB8a0txMvkc?authuser=0&hl=en&rclk=1,http://www.smiles.ai/,Google Maps
Narayana Specialists Dental and Implant Center,,+91 81510 10203,"Landmark : Front of Vasant Gas Agency, 869, 5th Cross Rd",4.8,244,Unknown,https://www.google.com/maps/place/Narayana+Specialists+Dental+and+Implant+Center/data=!4m7!3m6!1s0x3bae1749c55dc347:0xf3698bb45eff1a36!8m2!3d12.9803162!4d77.6411993!16s%2Fg%2F11p5jzf7mt!19sChIJR8NdxUkXrjsRNhr_XrSLafM?authuser=0&hl=en&rclk=1,https://www.narayanadental.com/,Google Maps
Dental Alliance,,+91 90368 04379,"No 61, SECOND FLOOR, 1st Main Rd, above CORNER HOUSE",4.9,127,Unknown,https://www.google.com/maps/place/Dental+Alliance/data=!4m7!3m6!1s0x3bae144e42e97c2f:0x305d6c18ddfa32d5!8m2!3d12.936242!4d77.615169!16s%2Fg%2F1pxqct9_z!19sChIJL3zpQk4UrjsR1TL63RhsXTA?authuser=0&hl=en&rclk=1,https://www.practo.com/bangalore/clinic/dental-alliance-koramangala-koramangala-7-block/amp,Google Maps
VK Dental Care | Best Dental Clinic in Bangalore,,+91 97400 58477,"No.43/2, First Floor, Middle School Rd",5.0,154,Unknown,https://www.google.com/maps/place/VK+Dental+Care+%7C+Best+Dental+Clinic+in+Bangalore/data=!4m7!3m6!1s0x3bae15e92c883a6d:0xb836a8e22063608b!8m2!3d12.9506069!4d77.5792036!16s%2Fg%2F11v5_1jlzs!19sChIJbTqILOkVrjsRi2BjIOKoNrg?authuser=0&hl=en&rclk=1,https://vkdentalcare.co.in/,Google Maps
DentEssencePRO – Advanced Dental Implants Bangalore | Full Mouth & Digital Smile | Dr. Makam Gangaiah,,+91 97425 03814,"Balaji complex, #1, Kodigehalli Main Rd, opp Tatanagar entrance, 9th Cross Rd, opp. Glen gate House of Hiranandani",4.9,379,Unknown,https://www.google.com/maps/place/DentEssencePRO+%E2%80%93+Advanced+Dental+Implants+Bangalore+%7C+Full+Mouth+%26+Digital+Smile+%7C+Dr.+Makam+Gangaiah/data=!4m7!3m6!1s0x3bae17f12fffffff:0x185c81d06e6fe5f5!8m2!3d13.0529663!4d77.5752043!16s%2Fg%2F11trr1zbhl!19sChIJ____L_EXrjsR9eVvbtCBXBg?authuser=0&hl=en&rclk=1,http://www.dentessencepro.com/,Google Maps
"EVA Esthetic & Implant Dental Centre-Nagawara,Bangalore,India | Implantologist/Full mouth implant specialist |",,+91 95389 84780,"Image diagnostics,#1073,2nd floor, Nagawara signal",4.9,972,Unknown,"https://www.google.com/maps/place/EVA+Esthetic+%26+Implant+Dental+Centre-Nagawara,Bangalore,India+%7C+Implantologist%2FFull+mouth+implant+specialist+%7C/data=!4m7!3m6!1s0x3bae17fb1c0e5cb5:0x975eb16e8740d372!8m2!3d13.0399409!4d77.6248438!16s%2Fg%2F11kp3bn7kp!19sChIJtVwOHPsXrjsRctNAh26xXpc?authuser=0&hl=en&rclk=1",http://www.evaestheticandimplantdental.com/,Google Maps
House Of Smiles Dental & Implant Center,,+91 78297 14143,"No12, 2nd block, 13th Cross Rd",5.0,198,Unknown,https://www.google.com/maps/place/House+Of+Smiles+Dental+%26+Implant+Center/data=!4m7!3m6!1s0x3bae17a16d987ddf:0x1fbc0592ab7d28e5!8m2!3d12.9770154!4d77.6357451!16s%2Fg%2F11hz07jz55!19sChIJ332YbaEXrjsR5Sh9q5IFvB8?authuser=0&hl=en&rclk=1,https://houseofsmilesdental.in/#utm_source=GMB&utm_medium=website_button&utm_campaign=gmb_website_button,Google Maps
Amala Dental Clinic,,+91 63614 49307,"21st Main, Buchappa Rd, behind Sri Rama Temple Road",4.0,12,Unknown,https://www.google.com/maps/place/Amala+Dental+Clinic/data=!4m7!3m6!1s0x3bae1596157c4a19:0xc0f48b485c4e5222!8m2!3d12.9451797!4d77.627592!16s%2Fg%2F11lcc_601r!19sChIJGUp8FZYVrjsRIlJOXEiL9MA?authuser=0&hl=en&rclk=1,https://amaladentalclinic.com/,Google Maps
Xaviers Dental - Family Dentistry Bangalore,,+91 93807 61781,"736, Chinmaya Mission Hospital Rd",4.6,24,Unknown,https://www.google.com/maps/place/Xaviers+Dental+-+Family+Dentistry+Bangalore/data=!4m7!3m6!1s0x3bae173a8bb7c775:0xf6afbf8252368fa7!8m2!3d12.97871!4d77.6445449!16s%2Fg%2F11pb1w4xl0!19sChIJdce3izoXrjsRp482UoK_r_Y?authuser=0&hl=en&rclk=1,http://www.xaviersdental.in/,Google Maps
Dentalign Indiranagar Dental Clinic,,+91 80 2521 3929,"Ground Floor, Ivanhoe, 80 Feet Rd, opposite brik oven",4.5,48,Unknown,https://www.google.com/maps/place/Dentalign+Indiranagar+Dental+Clinic/data=!4m7!3m6!1s0x3bae16ae3eaa6f05:0x98392b1857f4a78!8m2!3d12.9801848!4d77.6461369!16s%2Fg%2F1tplj531!19sChIJBW-qPq4WrjsReEp_hbGSgwk?authuser=0&hl=en&rclk=1,http://www.dentalign.in/,Google Maps
St. John's Dental Clinic,,+91 95359 84087,"178, 18th B Main Rd",3.6,14,Unknown,https://www.google.com/maps/place/St.+John%27s+Dental+Clinic/data=!4m7!3m6!1s0x3bae1445eaf02d9b:0x1acea5dda21dde6f!8m2!3d12.9389923!4d77.6205733!16s%2Fg%2F1tctq2_y!19sChIJmy3w6kUUrjsRb94dot2lzho?authuser=0&hl=en&rclk=1,http://www.stjohnsdentalclinic.com/,Google Maps
Diva Dental Care,,+91 98866 74330,"462/1-35, Next to Shankar Residency 12th Cross, 8th Main Rd",4.9,268,Unknown,https://www.google.com/maps/place/Diva+Dental+Care/data=!4m7!3m6!1s0x3bae15c8dadf698d:0x658399844cbabd8e!8m2!3d12.9473524!4d77.5983718!16s%2Fg%2F1tfc0gbz!19sChIJjWnf2sgVrjsRjr26TISZg2U?authuser=0&hl=en&rclk=1,https://www.divadentalclinics.com/,Google Maps
RADHA GOVIND DENTAL CLINIC,,+91 79750 49901,"G11, Sanklecha sadan Complex, 63, Akkipete Main Rd, opp. J Telecom",5.0,49,Unknown,https://www.google.com/maps/place/RADHA+GOVIND+DENTAL+CLINIC/data=!4m7!3m6!1s0x3bae1718959d568b:0x6af497d9cf8bbe92!8m2!3d12.9703321!4d77.5720015!16s%2Fg%2F11xg721lx5!19sChIJi1adlRgXrjsRkr6Lz9mX9Go?authuser=0&hl=en&rclk=1,https://radha-govind-clinic-ry7o8gal-site.azonova.com/,Google Maps
Glamour Dental Care,,+91 96203 99620,"Ground floor, 133, Narayan Pillai St",5.0,136,Unknown,https://www.google.com/maps/place/Glamour+Dental+Care/data=!4m7!3m6!1s0x3bae1743838801f5:0x3cf01ba746abbb3b!8m2!3d12.9891422!4d77.6098571!16s%2Fg%2F11lb1406df!19sChIJ9QGIg0MXrjsRO7urRqcb8Dw?authuser=0&hl=en&rclk=1,https://glamourdentalcare.in/,Google Maps
Vignesh Dental Care,,+91 97414 91955,"108, St Johns Rd",4.8,20,Unknown,https://www.google.com/maps/place/Vignesh+Dental+Care/data=!4m7!3m6!1s0x3bae168eb0675bd7:0x1cf3e0756152da95!8m2!3d12.9843016!4d77.6140545!16s%2Fg%2F11c4cynrvc!19sChIJ11tnsI4WrjsRldpSYXXg8xw?authuser=0&hl=en&rclk=1,http://www.vigneshdentalcare.com/,Google Maps
"Dr. Chahal Aesthetic Clinic, VivekNagar |Hair Transplant Centre|Dental Services|Skin Care Services|Weightloss Services",,+91 82960 19919,"212, 4th Main Rd, opp. ESI Dispensary",4.9,2219,Unknown,"https://www.google.com/maps/place/Dr.+Chahal+Aesthetic+Clinic,+VivekNagar+%7CHair+Transplant+Centre%7CDental+Services%7CSkin+Care+Services%7CWeightloss+Services/data=!4m7!3m6!1s0x3bae15743c2d45f5:0x53855893b7ee3bac!8m2!3d12.9542701!4d77.6221949!16s%2Fg%2F11hyn53j7f!19sChIJ9UUtPHQVrjsRrDvut5NYhVM?authuser=0&hl=en&rclk=1",http://www.drchahalaesthetics.com/,Google Maps
Silva Dent Multi-Speciality Dental Clinic,,+91 80 4123 2499,"118, First Floor Main Road,, 560002, Avenue Rd",4.7,52,Unknown,https://www.google.com/maps/place/Silva+Dent+Multi-Speciality+Dental+Clinic/data=!4m7!3m6!1s0x3bae160b8c0d0511:0xf905d51e9b67455d!8m2!3d12.9716976!4d77.5809536!16s%2Fg%2F1ttpfb16!19sChIJEQUNjAsWrjsRXUVnmx7VBfk?authuser=0&hl=en&rclk=1,https://silva-dent.grexa.site/,Google Maps
Dental Health Clinic,,+91 98450 17219,"B3,B4, Chartered Ambaprasad, Bull Temple Rd",4.7,6,No,https://www.google.com/maps/place/Laser+Dental+Health+Centre/data=!4m7!3m6!1s0x3bae14198058705b:0x10467e8eae379a5a!8m2!3d12.960464!4d77.6360126!16s%2Fg%2F11fz9yvk3f!19sChIJW3BYgBkUrjsRWpo3ro5-RhA?authuser=0&hl=en&rclk=1,https://healthydental.in/solution/bridges/,Google Maps
PowerSmiles Dental Clinic,,+91 89518 80034,"811, 10th Main Rd",5.0,440,Unknown,https://www.google.com/maps/place/PowerSmiles+Dental+Clinic/data=!4m7!3m6!1s0x3bae159f7c4dd013:0xac73f29b08b0df3f!8m2!3d12.9245413!4d77.5848172!16s%2Fg%2F1tfq32kw!19sChIJE9BNfJ8VrjsRP9-wCJvyc6w?authuser=0&hl=en&rclk=1,http://www.powersmilesdental.com/,Google Maps
Smile Care Orthodontic Center & Multispeciality Dental Clinic In Bellandur,,+91 82960 22672,"Ground Floor, Central Mall, Bellandur Main Rd, opp. to Shahi Exports",4.5,228,Unknown,https://www.google.com/maps/place/Smile+Care+Orthodontic+Center+%26+Multispeciality+Dental+Clinic+In+Bellandur/data=!4m7!3m6!1s0x3bae1374fd069e49:0x712f6dc0735d8617!8m2!3d12.9228944!4d77.6742354!16s%2Fg%2F11c380_f7j!19sChIJSZ4G_XQTrjsRF4Zdc8BtL3E?authuser=0&hl=en&rclk=1,https://smilecareorthodental4u.com/,Google Maps
Eiliyah Dental Care,,+91 98868 67622,"471, 8th Main Rd",4.8,62,Unknown,https://www.google.com/maps/place/Eiliyah+Dental+Care/data=!4m7!3m6!1s0x3bae15c9bba37db1:0x25fb49940d288855!8m2!3d12.9467532!4d77.6001941!16s%2Fg%2F11bx9d330t!19sChIJsX2ju8kVrjsRVYgoDZRJ-yU?authuser=0&hl=en&rclk=1,https://eiliyah-dental-care.grexa.site/,Google Maps
Excel Dental Care,,+91 94831 51643,"884, 19th main, 39th Cross Rd",4.9,661,Unknown,https://www.google.com/maps/place/Excel+Dental+Care/data=!4m7!3m6!1s0x3bae150a1955a609:0x3067f4a315c6e6d2!8m2!3d12.920815!4d77.5902446!16s%2Fg%2F11gfdd6n16!19sChIJCaZVGQoVrjsR0ubGFaP0ZzA?authuser=0&hl=en&rclk=1,https://www.exceldentalcare.in/,Google Maps
Arihant Dental Center,,+91 82963 23031,"166/1, 5th Main Rd, next to Indian.bank",4.9,162,Unknown,https://www.google.com/maps/place/Arihant+Dental+Center/data=!4m7!3m6!1s0x3bae15f8e76538db:0x9d48848cd4711084!8m2!3d12.9574219!4d77.5714169!16s%2Fg%2F11b6xg4sdm!19sChIJ2zhl5_gVrjsRhBBx1IyESJ0?authuser=0&hl=en&rclk=1,https://arihantdental.com/,Google Maps
Manya Dental Clinics | Jayanagar,,+91 72045 14222,"1st Floor, 9th Main Rd, above Sri Ambati Jewellers, near Apollo Hospital",4.9,251,Unknown,https://www.google.com/maps/place/Manya+Dental+Clinics+%7C+Jayanagar/data=!4m7!3m6!1s0x3bae1596a699e299:0xd5e55375e9d800fc!8m2!3d12.9363971!4d77.5838923!16s%2Fg%2F11vqhq5h63!19sChIJmeKZppYVrjsR_ADY6XVT5dU?authuser=0&hl=en&rclk=1,https://manyadental.in/?utm_source=jayanagar&utm_medium=maps&utm_campaign=gmb&utm_id=gmb,Google Maps
Apollo Dental CMH Road (Indiranagar),,+91 90710 55544,"1st Floor, Chinmaya Mission Hospital Rd, opp. to Metro Pillar 81",4.9,433,Unknown,https://www.google.com/maps/place/Apollo+Dental+CMH+Road+%28Indiranagar%29/data=!4m7!3m6!1s0x3bae178287b98785:0x92b56f18b0c5ef4e!8m2!3d12.9783208!4d77.6352617!16s%2Fg%2F11xlz2s5tx!19sChIJhYe5h4IXrjsRTu_FsBhvtZI?authuser=0&hl=en&rclk=1,https://apollodentalindiranagar.com/,Google Maps
Dr C Jagadeesh's Dental Clinic,,+91 80 4115 3444,"687, 9th A Main Rd, near CHINMAYA MISSION HOSPITAL",4.9,1693,Unknown,https://www.google.com/maps/place/Dr+C+Jagadeesh%27s+Dental+Clinic/data=!4m7!3m6!1s0x3bae16aefd95a215:0x5dd1215eab9116a4!8m2!3d12.9775577!4d77.6435672!16s%2Fg%2F11b6q9ng_8!19sChIJFaKV_a4WrjsRpBaRq14h0V0?authuser=0&hl=en&rclk=1,https://www.drcjagadeesh.com/,Google Maps
Dezy Dental,,+91 76187 92440,"No. 197/1, Ground Floor",4.7,514,Unknown,https://www.google.com/maps/place/Dezy+Dental/data=!4m7!3m6!1s0x3bae17ee773d6f83:0x662b4bb2505d760!8m2!3d12.9778136!4d77.6364324!16s%2Fg%2F11tsf45b_m!19sChIJg289d-4XrjsRYNcFJbu0YgY?authuser=0&hl=en&rclk=1,https://www.dezy.com/clinics/bangalore/best-dental-clinic-bangalore-indiranagar-2nd-stage,Google Maps
V DENTAL AND IMPLANT CENTER,,+91 90371 51894,"2nd floor, 531, 2nd Main Rd, near BDA Complex, next to UCO Bank",4.8,127,Unknown,https://www.google.com/maps/place/V+DENTAL+AND+IMPLANT+CENTER/data=!4m7!3m6!1s0x3bae176a383d729f:0xdd2c7397130a160!8m2!3d12.9814355!4d77.6356391!16s%2Fg%2F11h0mcc44l!19sChIJn3I9OGoXrjsRYKEwcTnH0g0?authuser=0&hl=en&rclk=1,https://vdentalandimplantcenter.com/,Google Maps
Smile Works Dental Clinic,,+91 91087 83903,"68, 4th Cross Road, 10th Main Road Hal",4.9,281,Unknown,https://www.google.com/maps/place/Smile+Works+Dental+Clinic/data=!4m7!3m6!1s0x3bae16a4516d5785:0x62d8b5efe075fb50!8m2!3d12.9761286!4d77.6389252!16s%2Fg%2F11ddz9bgj7!19sChIJhVdtUaQWrjsRUPt14O-12GI?authuser=0&hl=en&rclk=1,https://www.rucheet.com/,Google Maps
"Odus Dental & Implant Centre - Indiranagar, Bengaluru",,+91 70029 73244,"3262, 13th Cross Rd",5.0,125,Unknown,"https://www.google.com/maps/place/Odus+Dental+%26+Implant+Centre+-+Indiranagar,+Bengaluru/data=!4m7!3m6!1s0x3bae17b0513963ab:0x61bda97c66a77c77!8m2!3d12.9722156!4d77.6349849!16s%2Fg%2F11yn8v815f!19sChIJq2M5UbAXrjsRd3ynZnypvWE?authuser=0&hl=en&rclk=1",https://odusdental.com/,Google Maps
Dentakraft Dental & Oral Care-Dental Clinic Indiranagar,,+91 80733 33129,"837/1 ,7th main, 2nd cross, Ambedkar college road",4.9,328,Unknown,https://www.google.com/maps/place/Dentakraft+Dental+%26+Oral+Care-Dental+Clinic+Indiranagar/data=!4m7!3m6!1s0x3bae16a6521f7441:0x86e70936dcc3ec3c!8m2!3d12.9725587!4d77.6399839!16s%2Fg%2F11g_m6vyc!19sChIJQXQfUqYWrjsRPOzD3DYJ54Y?authuser=0&hl=en&rclk=1,https://www.dentakraft.com/,Google Maps
DR. PALLAVI'S DENTAL CARE,,+91 99085 84300,"135, 18th Main Rd, opposite Apollo pharmacy",5.0,203,Unknown,https://www.google.com/maps/place/DR.+PALLAVI%27S+DENTAL+CARE/data=!4m7!3m6!1s0x3bae15aaed6e86cb:0x1ebcdba5d29f9953!8m2!3d12.9624279!4d77.6428792!16s%2Fg%2F11t25nrhg5!19sChIJy4Zu7aoVrjsRU5mf0qXbvB4?authuser=0&hl=en&rclk=1,https://drpallavisdentalcare.com/about-us,Google Maps
Smile Station - Indiranagar | Dentist | Dental Clinic,,+91 91871 15906,"indiranagar, 8, 1st Main Rd",4.8,276,Unknown,https://www.google.com/maps/place/Smile+Station+-+Indiranagar+%7C+Dentist+%7C+Dental+Clinic/data=!4m7!3m6!1s0x3bae16a59a08d36d:0xf13b8b93b648de42!8m2!3d12.9642298!4d77.6400473!16s%2Fg%2F11b6027sy8!19sChIJbdMImqUWrjsRQt5ItpOLO_E?authuser=0&hl=en&rclk=1,https://smilestation.in/?utm_source=GMB&utm_medium=GMB&utm_campaign=listing,Google Maps
American Dental Practices,,+91 97403 31805,"790, 9th A Main Rd",4.9,128,Unknown,https://www.google.com/maps/place/American+Dental+Practices/data=!4m7!3m6!1s0x3bae172328443eb7:0x882b5360210862dd!8m2!3d12.9774608!4d77.6384974!16s%2Fg%2F11stz7wtb4!19sChIJtz5EKCMXrjsR3WIIIWBTK4g?authuser=0&hl=en&rclk=1,https://americandentalpractices.in/,Google Maps
Dental Sanctuary,,+91 70194 31864,"Ground Floor, UKS Steel Plaza, No. 2216, 80 Feet Rd",4.9,346,Unknown,https://www.google.com/maps/place/Dental+Sanctuary/data=!4m7!3m6!1s0x3bae15f9f3558e35:0x6ee7ced9c8a1564c!8m2!3d12.96742!4d77.6483178!16s%2Fg%2F11vyvyg3zt!19sChIJNY5V8_kVrjsRTFahyNnO524?authuser=0&hl=en&rclk=1,http://www.dentalsanctuary.in/,Google Maps
Roots and Grins,,+91 63660 40123,"3037, 8th Main Rd",5.0,127,Unknown,https://www.google.com/maps/place/Roots+and+Grins/data=!4m7!3m6!1s0x3bae177a4840b2e5:0x166c78e64fba3fca!8m2!3d12.9730417!4d77.646727!16s%2Fg%2F11wncxs4yg!19sChIJ5bJASHoXrjsRyj-6T-Z4bBY?authuser=0&hl=en&rclk=1,https://rootsandgrinsdental.com/,Google Maps
Star Dental Clinic,,+91 98862 50057,"Landmark is, 55, 17th A main, 100 Feet Rd, behind Kivraj Bajaj Motors showroom on",4.9,719,Unknown,https://www.google.com/maps/place/Star+Dental+Clinic/data=!4m7!3m6!1s0x3bae1404ba7082d3:0x81f33fd063602b98!8m2!3d12.9629312!4d77.6426553!16s%2Fg%2F11c5436jk9!19sChIJ04JwugQUrjsRmCtgY9A_84E?authuser=0&hl=en&rclk=1,http://stardentalindiranagar.in/,Google Maps
Flourish Dental Studio & INVISALIGN- Dr Mrignaini |Implants| Dentures| Root canals|Best Dental Clinic in Indiranagar,,+91 96111 14324,"2nd Cross, 842, 7th Main Rd",5.0,95,Unknown,https://www.google.com/maps/place/Flourish+Dental+Studio+%26+INVISALIGN-+Dr+Mrignaini+%7CImplants%7C+Dentures%7C+Root+canals%7CBest+Dental+Clinic+in+Indiranagar/data=!4m7!3m6!1s0x3bae176e0fb20a99:0x1c88539c133f9065!8m2!3d12.9720114!4d77.6399814!16s%2Fg%2F11rhdtlh38!19sChIJmQqyD24XrjsRZZA_E5xTiBw?authuser=0&hl=en&rclk=1,http://flourishdental.studio/,Google Maps
Narayana Specialists Dental and Implant Center,,+91 90083 00001,"ESI HOSPITAL, 3125, 6th c cros, double Road",4.9,352,Unknown,https://www.google.com/maps/place/Narayana+Specialists+Dental+and+Implant+Center/data=!4m7!3m6!1s0x3bae16a0d7141803:0x2f4dbbd3a43ff36d!8m2!3d12.9718493!4d77.6358593!16s%2Fg%2F12cp02ffc!19sChIJAxgU16AWrjsRbfM_pNO7TS8?authuser=0&hl=en&rclk=1,https://narayanadental.com/,Google Maps
Prosmiles Dental,,+91 81235 57113,"2, Chinmaya Mission Hospital Rd",4.4,175,Unknown,https://www.google.com/maps/place/Prosmiles+Dental/data=!4m7!3m6!1s0x3bae17a0ad77b387:0x6b3576489b5b3a76!8m2!3d12.9781697!4d77.6404985!16s%2Fg%2F11h71n52rv!19sChIJh7N3raAXrjsRdjpbm0h2NWs?authuser=0&hl=en&rclk=1,https://prosmilesdentalclinic.com/,Google Maps
EXCELLENCE DENTAL,,+91 96860 39281,"4032, 1st floor, Golden Lights, 100 Feet Rd, above Equitas bank",4.9,177,Unknown,https://www.google.com/maps/place/EXCELLENCE+DENTAL/data=!4m7!3m6!1s0x3bae16a610fbf053:0x81b1dc082186244e!8m2!3d12.9623251!4d77.641869!16s%2Fg%2F1hdzwdy94!19sChIJU_D7EKYWrjsRTiSGIQjcsYE?authuser=0&hl=en&rclk=1,http://theexcellencedental.com/,Google Maps
Smyle Dental and Orthodontic Clinic,,+91 96115 68833,"2023 A, 14 th main, 1st Cross Rd, next to new horizon school",4.8,96,Unknown,https://www.google.com/maps/place/Smyle+Dental+and+Orthodontic+Clinic/data=!4m7!3m6!1s0x3bae16a74acc0e49:0xce52d2d7be8e469a!8m2!3d12.9672849!4d77.6420491!16s%2Fg%2F11f105bcgk!19sChIJSQ7MSqcWrjsRmkaOvtfSUs4?authuser=0&hl=en&rclk=1,https://drsharanyasmyle.icloudhospital.com/,Google Maps
New MANTLE Dental Clinic & Orthodontic Center,,+91 99022 67172,"816, 10th A Main Rd, Stage 1, 7th Cross Rd",4.9,172,Unknown,https://www.google.com/maps/place/New+MANTLE+Dental+Clinic+%26+Orthodontic+Center/data=!4m7!3m6!1s0x3bae3d90d1555555:0x21c4a755d4c6ecb1!8m2!3d12.9772295!4d77.6379957!16s%2Fg%2F1vknmtnp!19sChIJVVVV0ZA9rjsRsezG1FWnxCE?authuser=0&hl=en&rclk=1,http://mantledentalclinic.com/,Google Maps
Ridgetop Dental International,,+91 78468 89900,"No-32, Thomsun Building, First Floor, SL Tower, 80 feet Road, Post, Indiranagar",5.0,186,Unknown,https://www.google.com/maps/place/Ridgetop+Dental+International/data=!4m7!3m6!1s0x3bae17a375d973c5:0xd4a28adbd30a7a4e!8m2!3d12.9714924!4d77.6473974!16s%2Fg%2F11ptv9y826!19sChIJxXPZdaMXrjsRTnoK09uKotQ?authuser=0&hl=en&rclk=1,https://www.ridgetopdental.in/,Google Maps
Dental Roots,,+91 97418 35002,"Dental Roots Root canal & Implant centre, 1st floor, 1050/A, New Thippasandra Main Rd, near Vishal Mart",4.9,309,Unknown,https://www.google.com/maps/place/Dental+Roots/data=!4m7!3m6!1s0x3bae1718fb31e103:0x525b75d2d22acd85!8m2!3d12.9722862!4d77.6493782!16s%2Fg%2F11ngh_03b_!19sChIJA-Ex-xgXrjsRhc0q0tJ1W1I?authuser=0&hl=en&rclk=1,http://www.dentalrootsclinics.wordpress.com/,Google Maps
Gratitude Dental Care (Indiranagar) - Dental Clinic,,+91 96205 22434,"2nd floor, metro station C entrance, Chinmaya mission hospital road 537/4,2nd floor,Robby Arcade, 537/4, Chinmaya Mission Hospital Rd, above Cafe Coffee day, opposite Indiranagar",4.9,49,Unknown,https://www.google.com/maps/place/Gratitude+Dental+Care+%28Indiranagar%29+-+Dental+Clinic/data=!4m7!3m6!1s0x3bae17d35829814f:0xe5c60b4db4f35515!8m2!3d12.9780767!4d77.6387345!16s%2Fg%2F11v6c4m91d!19sChIJT4EpWNMXrjsRFVXztE0LxuU?authuser=0&hl=en&rclk=1,https://gratitudedentalcare.com/,Google Maps
Small Bites - Indiranagar I Pediatric Dentist I Kids Dental Clinic,,+91 99720 97815,"1st Floor, Grace Building, No.135, 1st Main Rd",4.9,499,Unknown,https://www.google.com/maps/place/Small+Bites+-+Indiranagar+I+Pediatric+Dentist+I+Kids+Dental+Clinic/data=!4m7!3m6!1s0x3bae16a59a0cf09d:0x239788812845c0e7!8m2!3d12.9640852!4d77.6402191!16s%2Fg%2F1pv1bwy2j!19sChIJnfAMmqUWrjsR58BFKIGIlyM?authuser=0&hl=en&rclk=1,http://smallbites.in/,Google Maps
Happiest Pearls,,+91 87488 88874,"No 5, 6 & 7 80 ft road 1st main road, Professor U R Rao Rd",5.0,89,Unknown,https://www.google.com/maps/place/Happiest+Pearls/data=!4m7!3m6!1s0x3bae15e8e8e7640b:0x1fc99d89f50fcbe3!8m2!3d12.9679509!4d77.6366255!16s%2Fg%2F11mkq4yfk7!19sChIJC2Tn6OgVrjsR48sP9YmdyR8?authuser=0&hl=en&rclk=1,https://clinics.happiesthealth.com/clinics/happiest-pearls-indiranagar-branch?id=Happiest%20Pearls-Indiranagar%20Branch,Google Maps
Kamakshi Dental Indiranagar,,+91 97405 83538,"No 338 Ground floor 4th Main road, post, next to Baktha skin clinic",4.9,41,Unknown,https://www.google.com/maps/place/Kamakshi+Dental+Indiranagar/data=!4m7!3m6!1s0x3bae1481ed527bf5:0xf4e45d019537f5!8m2!3d12.9710552!4d77.6487286!16s%2Fg%2F124ydg84s!19sChIJ9XtS7YEUrjsR9TeVAV3k9AA?authuser=0&hl=en&rclk=1,https://kamakshidental.com/,Google Maps
Dental Perk Multispeciality Dental and Implant Centre,,+91 96009 06503,"first floor, No 844, 5th Main Rd",4.9,38,Unknown,https://www.google.com/maps/place/Dental+Perk+Multispeciality+Dental+and+Implant+Centre/data=!4m7!3m6!1s0x3bae1704b41f38bb:0x74d4e461686c9a0d!8m2!3d12.9801209!4d77.6372479!16s%2Fg%2F11rwq5g367!19sChIJuzgftAQXrjsRDZpsaGHk1HQ?authuser=0&hl=en&rclk=1,http://www.dentalperk.com/,Google Maps
Jay Smiles,,+91 98450 27120,"2nd Floor, 2011",5.0,77,Unknown,https://www.google.com/maps/place/Jay+Smiles/data=!4m7!3m6!1s0x3bae15510c6771bb:0x3216fdf361da55a3!8m2!3d12.965379!4d77.6416849!16s%2Fg%2F11wqfyk4g_!19sChIJu3FnDFEVrjsRo1XaYfP9FjI?authuser=0&hl=en&rclk=1,http://www.jaysmiles.in/,Google Maps
Elysiann,,+91 95384 00333,"630, 1st Main Rd",4.9,37,Unknown,https://www.google.com/maps/place/Elysiann/data=!4m7!3m6!1s0x3bae19f8bbfa6639:0xe7c211ff610e0bfc!8m2!3d12.9826869!4d77.6385374!16s%2Fg%2F11my1jrq0c!19sChIJOWb6u_gZrjsR_AsOYf8Rwuc?authuser=0&hl=en&rclk=1,https://elysiannhealthcare.com/,Google Maps
Dr. Supriya Rai's Dental Clinic,,+91 80 2528 0669,"60, Century Apts, 100 Feet Rd",4.1,47,Unknown,https://www.google.com/maps/place/Dr.+Supriya+Rai%27s+Dental+Clinic/data=!4m7!3m6!1s0x3bae16b0085dd585:0x2378dc54451d829c!8m2!3d12.9745198!4d77.6413058!16s%2Fg%2F1tfjz99r!19sChIJhdVdCLAWrjsRnIIdRVTceCM?authuser=0&hl=en&rclk=1,http://www.supriyaraidentalcare.com/,Google Maps
Olive Dental,,+91 96878 73434,"GROUND FLOOR,2, OLD RAMESHWARAM CAFE, 4159, 14th Main Rd, near NEW HORIZON SCHOOL",5.0,55,Unknown,https://www.google.com/maps/place/Olive+Dental/data=!4m7!3m6!1s0x3bae15a8bd0891e7:0x59d1ea61f5ad67fc!8m2!3d12.9677367!4d77.6458286!16s%2Fg%2F11l5zcpwdc!19sChIJ55EIvagVrjsR_Get9WHq0Vk?authuser=0&hl=en&rclk=1,http://olivedental.net/,Google Maps
Tooth Affair Dental Clinic,,+91 76762 06206,"730, 2, Chinmaya Mission Hospital Rd, opp. Starbucks - Indiranagar, above I-Gate Optics",4.2,42,Unknown,https://www.google.com/maps/place/Tooth+Affair+Dental+Clinic/data=!4m7!3m6!1s0x3bae16a59965b1f3:0xa05c038efe7d2c24!8m2!3d12.9786713!4d77.6452132!16s%2Fg%2F124ybmqz0!19sChIJ87FlmaUWrjsRJCx9_o4DXKA?authuser=0&hl=en&rclk=1,https://toothaffair.com/,Google Maps
Dental De Care | Dr Pramod KM | Invisalign & Orthodontic Centre | Domlur,,+91 73383 89911,"111, 4th Main Rd",4.9,133,Unknown,https://www.google.com/maps/place/Dental+De+Care+%7C+Dr+Pramod+KM+%7C+Invisalign+%26+Orthodontic+Centre+%7C+Domlur/data=!4m7!3m6!1s0x3bae154c1fec19b7:0x8506aae41836ac25!8m2!3d12.9632264!4d77.6390495!16s%2Fg%2F11h54g7tht!19sChIJtxnsH0wVrjsRJaw2GOSqBoU?authuser=0&hl=en&rclk=1,https://www.dentaldecare.com/,Google Maps
Dentistree Family Dental Clinic,,+91 99015 81004,"1651, 10th Main Rd",4.9,160,Unknown,https://www.google.com/maps/place/Dentistree+Family+Dental+Clinic/data=!4m7!3m6!1s0x3bae1557e208bc7d:0xaa17849aceefeb61!8m2!3d12.968833!4d77.6490038!16s%2Fg%2F11j1182bb_!19sChIJfbwI4lcVrjsRYevvzpqEF6o?authuser=0&hl=en&rclk=1,https://dentistreeclinic.com/,Google Maps
Vibha Dental Care Centre,,+91 80500 02060,"166, 2nd Cross Rd, near Kalki Temple & TERI",4.3,109,Unknown,https://www.google.com/maps/place/Vibha+Dental+Care+Centre/data=!4m7!3m6!1s0x3bae141c76fce61b:0x4256017052cddca9!8m2!3d12.9639127!4d77.6383624!16s%2Fg%2F1tdg66yp!19sChIJG-b8dhwUrjsRqdzNUnABVkI?authuser=0&hl=en&rclk=1,http://www.vibhadental.com/,Google Maps
Pearl dental care,,+91 77609 84391,"4059, 19th A Main Rd, behind Carlton Towers",4.1,145,Unknown,https://www.google.com/maps/place/Pearl+dental+care/data=!4m7!3m6!1s0x3bae1401f225b275:0x1a3d2a2de38ce2ad!8m2!3d12.9613175!4d77.6439382!16s%2Fg%2F1hm2150cr!19sChIJdbIl8gEUrjsRreKM4y0qPRo?authuser=0&hl=en&rclk=1,http://www.drmitali.com/,Google Maps
Amar Jyothi Dental Clinic ~ DR RUPA K R,,+91 84318 07544,"Ground Floor, Amar jyothi nursing home, 489, Chinmaya Mission Hospital Rd, beside Karnataka Bank, near CHINMAYA MISSION HOSPITAL",5.0,109,Unknown,https://www.google.com/maps/place/Amar+Jyothi+Dental+Clinic+~+DR+RUPA+K+R/data=!4m7!3m6!1s0x3bae174a1f5669d1:0x8609c0c5f1794fa5!8m2!3d12.978635!4d77.6420906!16s%2Fg%2F11y27stkb8!19sChIJ0WlWH0oXrjsRpU958cXACYY?authuser=0&hl=en&rclk=1,https://rupa.dentist/,Google Maps
Dr Dhruv Dental Care,,+91 88847 57388,"48/1, Chinmaya Mission Hospital Rd",5.0,11,Unknown,https://www.google.com/maps/place/Dr+Dhruv+Dental+Care/data=!4m7!3m6!1s0x3bae16a63aa502b9:0xd3f0c3c123b86eeb!8m2!3d12.9781092!4d77.6349943!16s%2Fg%2F11b86wnk0n!19sChIJuQKlOqYWrjsR6264I8HD8NM?authuser=0&hl=en&rclk=1,https://drdhruv.com/,Google Maps
ORAL D,,+91 80 4093 5266,Chinmaya Mission Hospital Rd,4.9,712,Unknown,https://www.google.com/maps/place/ORAL+D/data=!4m7!3m6!1s0x3bae154c3ef99f5b:0x1b1bc95f5644885!8m2!3d12.9779753!4d77.6359965!16s%2Fg%2F11j7f9h0qd!19sChIJW5_5PkwVrjsRhUhk9ZW8sQE?authuser=0&hl=en&rclk=1,http://www.oraldimaging.com/,Google Maps
"Invisalign Provider | Dr. Madhusmita Hegde | Indiranagar, Bangalore",,+91 70029 73244,"13th Street, above Rosh Estates, near Story Coffee & Bistro",5.0,22,Unknown,"https://www.google.com/maps/place/Invisalign+Provider+%7C+Dr.+Madhusmita+Hegde+%7C+Indiranagar,+Bangalore/data=!4m7!3m6!1s0x3bae179a0d4e2f3f:0x938ceb6677d32be5!8m2!3d12.9722337!4d77.6350355!16s%2Fg%2F11y_zzkyjs!19sChIJPy9ODZoXrjsR5SvTd2brjJM?authuser=0&hl=en&rclk=1",https://invisalignbracesbangalore.com/,Google Maps
Meenakshi's Dental Clinic,,+91 80 4113 3122,"Anjaneya Complex, HAL Old Airport Rd",4.9,106,Unknown,https://www.google.com/maps/place/Meenakshi%27s+Dental+Clinic/data=!4m7!3m6!1s0x3bae13f076f7702d:0x9ac99d617fd6fbcd!8m2!3d12.9598899!4d77.6451885!16s%2Fg%2F1tm097kn!19sChIJLXD3dvATrjsRzfvWf2GdyZo?authuser=0&hl=en&rclk=1,http://www.meenakshidental.com/,Google Maps
Yahvi Dental Clinic,,+91 93807 10895,"1st Floor, Kuppuswamy & sons complex, 1039/426, New Thippasandra Main Rd",4.9,155,Unknown,https://www.google.com/maps/place/Yahvi+Dental+Clinic/data=!4m7!3m6!1s0x3bae173916a3dcc3:0xc4e696e400987008!8m2!3d12.9724897!4d77.6516795!16s%2Fg%2F11w1vh5_c4!19sChIJw9yjFjkXrjsRCHCYAOSW5sQ?authuser=0&hl=en&rclk=1,https://www.yahvidentalclinic.com/,Google Maps
"CVL TOOTH TOWN | Braces, Aligners & Dental Implants | Indiranagar",,+91 80 4205 9104,"Ashirwad complex, 12/3,1st floor, baba mandir road",4.8,27,Unknown,"https://www.google.com/maps/place/CVL+TOOTH+TOWN+%7C+Braces,+Aligners+%26+Dental+Implants+%7C+Indiranagar/data=!4m7!3m6!1s0x3bae16a9fa990971:0xd5fdd9c49a6217b1!8m2!3d12.969661!4d77.6307056!16s%2Fg%2F1tct_wj5!19sChIJcQmZ-qkWrjsRsRdimsTZ_dU?authuser=0&hl=en&rclk=1",https://cvltoothtown.com/,Google Maps
Dr. Paul's Dental Health Care,,+91 99164 70525,"320, 4th Cross Road, 8th Main Road, Jeevan Bhima Nagar Main Rd HAL 3rd Stage, New Thippasandra",4.9,150,Unknown,https://www.google.com/maps/place/Dr.+Paul%27s+Dental+Health+Care/data=!4m7!3m6!1s0x3bae16aa0a34f4c7:0xd1556a07b194b563!8m2!3d12.9700264!4d77.6490305!16s%2Fg%2F11f3v2b1y5!19sChIJx_Q0CqoWrjsRY7WUsQdqVdE?authuser=0&hl=en&rclk=1,http://www.drpaulsdentalhealth.com/?utm_source=GMBListing&utm_medium=Organic,Google Maps
Western Dental & Orthodontics Centre,,+91 74832 11870,"1826, New Thippasandra Main Rd",4.8,55,Unknown,https://www.google.com/maps/place/Western+Dental+%26+Orthodontics+Centre/data=!4m7!3m6!1s0x3bae17004aeee8d1:0x7101d7643a9ba6e1!8m2!3d12.9721933!4d77.6509984!16s%2Fg%2F11x0phs5vy!19sChIJ0ejuSgAXrjsR4aabOmTXAXE?authuser=0&hl=en&rclk=1,http://westerndentalandorthodontics.com/,Google Maps
Emerald Dental,,+91 99198 62462,"149,1st floor,2nd main, 4th Cross Rd",5.0,123,Unknown,https://www.google.com/maps/place/Emerald+Dental/data=!4m7!3m6!1s0x3bae1786528ad1c1:0x92a13caf82c1cf01!8m2!3d12.9721938!4d77.6492004!16s%2Fg%2F11tsjz2wxr!19sChIJwdGKUoYXrjsRAc_Bgq88oZI?authuser=0&hl=en&rclk=1,https://emeralddental.in/,Google Maps
Opal dentistry,,+91 97314 16900,"2nd Floor, 3R Plaza, 4, 100 Feet Rd",4.9,380,Unknown,https://www.google.com/maps/place/Opal+dentistry/data=!4m7!3m6!1s0x3bae17a842e74367:0xbdac793bf48838cf!8m2!3d12.962942!4d77.641857!16s%2Fg%2F11h1f215_w!19sChIJZ0PnQqgXrjsRzziI9Dt5rL0?authuser=0&hl=en&rclk=1,https://www.opaldentistry.com/,Google Maps
Small Wonders- Your Child's Dental Home,,+91 96069 76655,"Ground Floor, 627, 11th Main Rd",5.0,101,Unknown,https://www.google.com/maps/place/Small+Wonders-+Your+Child%27s+Dental+Home/data=!4m7!3m6!1s0x3bae17c5a9130fc1:0xb67e8ff0c74009f5!8m2!3d12.9708569!4d77.6465651!16s%2Fg%2F11wn75f9gq!19sChIJwQ8TqcUXrjsR9QlAx_CPfrY?authuser=0&hl=en&rclk=1,https://smallwondersclinic.com/,Google Maps
"OrthoSquare Dental Clinic - New Tippasandra, Bengaluru",,+91 8071 821 118,"First Floor, Maruthi Complex, No 86/1, New Thippasandra Main Rd, nearby Anjaneya Temple",4.9,257,Unknown,"https://www.google.com/maps/place/OrthoSquare+Dental+Clinic+-+New+Tippasandra,+Bengaluru/data=!4m7!3m6!1s0x3bae1769098b17dd:0x2ef515bcf137ce2c!8m2!3d12.9732119!4d77.6476109!16s%2Fg%2F11rv0dcn65!19sChIJ3ReLCWkXrjsRLM438bwV9S4?authuser=0&hl=en&rclk=1",https://dental-clinics.orthosquare.com/near-me/bengaluru/New-Tippasandra/orthosquare-dental-clinic-in-New-Tippasandra-bengaluru--1Sp75c/home,Google Maps
Lakshmi Dental clinic,,+91 98863 58714,"247, 4th Main Rd, near BASCOM",5.0,10,Unknown,https://www.google.com/maps/place/Lakshmi+Dental+clinic/data=!4m7!3m6!1s0x3bae141c27a3675d:0x66a907d8a028299d!8m2!3d12.9655403!4d77.6364981!16s%2Fg%2F11hbgpqk85!19sChIJXWejJxwUrjsRnSkooNgHqWY?authuser=0&hl=en&rclk=1,http://llakshmi.website2.me/,Google Maps
Dr Tanisha’s Emerge Dental Studio,,+91 82968 01240,"First floor, Saibaba Mandir Road, 3138, 7th Main Rd, next to Ooty chocolates, opp. ESIC Nursing College",5.0,152,Unknown,https://www.google.com/maps/place/Dr+Tanisha%E2%80%99s+Emerge+Dental+Studio/data=!4m7!3m6!1s0x3bae17258ff3f73d:0xa4f9b26340b29668!8m2!3d12.9714622!4d77.6352329!16s%2Fg%2F11s55wydgp!19sChIJPffzjyUXrjsRaJayQGOy-aQ?authuser=0&hl=en&rclk=1,https://emergedentalstudio.com/,Google Maps
Ivory Dental Care,,+91 99002 62836,"515,7th Cross, Jeevan Bima Nagar Main Rd",4.7,67,Unknown,https://www.google.com/maps/place/Ivory+Dental+Care/data=!4m7!3m6!1s0x3bae140048ddb847:0x924a6cc9f3c622f8!8m2!3d12.9684436!4d77.6511261!16s%2Fg%2F11c1c242_c!19sChIJR7jdSAAUrjsR-CLG88lsSpI?authuser=0&hl=en&rclk=1,https://click4appointment.com/clinic-details/ivorydentalcare-2422,Google Maps
Vignesh Dental Speciality Centre,,+91 98452 13698,"Vignesh Dental Specialty Centre #904, 1st Cross, 1st Main Rd",4.9,82,Unknown,https://www.google.com/maps/place/Vignesh+Dental+Speciality+Centre/data=!4m7!3m6!1s0x3bae11e9660d45f5:0x3154d0df6000a880!8m2!3d12.9760953!4d77.6548855!16s%2Fg%2F11gpm2f1bf!19sChIJ9UUNZukRrjsRgKgAYN_QVDE?authuser=0&hl=en&rclk=1,https://www.bangaloredentistonline.com/,Google Maps
Dr.Chaitanya’s Dental Care & Implant Centre,,+91 99000 97674,"1st floor, P#7, Jeevan Bima Nagar Main Rd",4.9,257,Unknown,https://www.google.com/maps/place/Dr.Chaitanya%E2%80%99s+Dental+Care+%26+Implant+Centre/data=!4m7!3m6!1s0x3bae13ffaba948c7:0x6b815c00fe363fe3!8m2!3d12.9675505!4d77.6565571!16s%2Fg%2F1hm63093g!19sChIJx0ipq_8TrjsR4z82_gBcgWs?authuser=0&hl=en&rclk=1,https://drchaitanyasdental.com/,Google Maps
We Little,,+91 96068 97510,"557, 1st floor, 9th A Main Road, 1st Stage Rd, opposite Book Axis",4.8,133,Unknown,https://www.google.com/maps/place/We+Little/data=!4m7!3m6!1s0x3bae1707161d3669:0x38e73d430cbea306!8m2!3d12.9777044!4d77.638414!16s%2Fg%2F11khzxjpf1!19sChIJaTYdFgcXrjsRBqO-DEM95zg?authuser=0&hl=en&rclk=1,http://www.welittle.org/,Google Maps
Sage Lifestyle & Dentistry - Dental Clinic,,+91 82969 57183,"1st Floor, 17th Main Rd, opp. BERURU",5.0,14,Unknown,https://www.google.com/maps/place/Sage+Lifestyle+%26+Dentistry+-+Dental+Clinic/data=!4m7!3m6!1s0x3bae1588a1a0f8bd:0xd89ca9e2032f0f5!8m2!3d12.9636689!4d77.6411184!16s%2Fg%2F11t_snggxk!19sChIJvfigoYgVrjsR9fAyIJ7KiQ0?authuser=0&hl=en&rclk=1,https://sites.google.com/view/sagedentistry/home,Google Maps
Dr. Ashwini’s Impladent Multispeciality Dental Clinic and Implant Centre,,+91 95798 08979,"Ground Floor, Sesha Sadan, Shirdi Sai Baba Mandir Rd",4.8,54,Unknown,https://www.google.com/maps/place/Dr.+Ashwini%E2%80%99s+Impladent+Multispeciality+Dental+Clinic+and+Implant+Centre/data=!4m7!3m6!1s0x3bae17a7e4a676b7:0x7ce1e32eb49d2120!8m2!3d12.9691786!4d77.6291922!16s%2Fg%2F11x5hztgwh!19sChIJt3am5KcXrjsRICGdtC7j4Xw?authuser=0&hl=en&rclk=1,https://drashwinisimpladent.com/,Google Maps
Dr. Raphael Parambi's Dental Surgery,,+91 80 2559 7417,"22, Sunrise Chambers, 307W, Ulsoor Rd",4.9,303,Unknown,https://www.google.com/maps/place/Dr.+Raphael+Parambi%27s+Dental+Surgery/data=!4m7!3m6!1s0x3bae169b51c281b9:0x31f6867b1d12327d!8m2!3d12.9746622!4d77.6192819!16s%2Fg%2F11d_8dfy23!19sChIJuYHCUZsWrjsRfTISHXuG9jE?authuser=0&hl=en&rclk=1,https://drraphaelparambi.com/,Google Maps
"Tooth Fairy's Dental Clinic - Best Dentist in Lbs Nagar, Bangalore",,+91 99644 30254,"Shop No. 2, Ground Floor, KMR Plaza, HAL Post, 137, L B Shastri Nagar Rd, opposite Budget Mart",4.7,194,Unknown,"https://www.google.com/maps/place/Tooth+Fairy%27s+Dental+Clinic+-+Best+Dentist+in+Lbs+Nagar,+Bangalore/data=!4m7!3m6!1s0x3bae13e5a5da2969:0x7f831df94e76bb5c!8m2!3d12.9695954!4d77.6702118!16s%2Fg%2F11b7j0gn_2!19sChIJaSnapeUTrjsRXLt2Tvkdg38?authuser=0&hl=en&rclk=1",https://toothfairysdentalclinic.whitecoats.com/,Google Maps
Dr. Shraddha Bahirwani | Best Dentist Indiranagar,,+91 87488 88874,"No. 5, 6 and 7, Happiest Pearls, 80 Feet Rd",4.6,11,Unknown,https://www.google.com/maps/place/Dr.+Shraddha+Bahirwani+%7C+Best+Dentist+Indiranagar/data=!4m7!3m6!1s0x3bae158d486288c9:0x1fe526c81ee74803!8m2!3d12.967968!4d77.636635!16s%2Fg%2F11vx1gdvqm!19sChIJyYhiSI0VrjsRA0jnHsgm5R8?authuser=0&hl=en&rclk=1,https://clinics.happiesthealth.com/doctors/dr-shraddha-bahirwani?id=HLC-PRAC-2025-00038,Google Maps
Apoorva Diagnostic and Health Care,,+91 80 4095 4242,"190/1, 6th Main Rd, next to FGAG Church",3.7,246,Unknown,https://www.google.com/maps/place/Apoorva+Diagnostic+and+Health+Care/data=!4m7!3m6!1s0x3bae17d86793abdd:0x29c054120bb2b714!8m2!3d12.974065!4d77.6454992!16s%2Fg%2F11gh_mp3zz!19sChIJ3auTZ9gXrjsRFLeyCxJUwCk?authuser=0&hl=en&rclk=1,http://www.apoorvahealthcare.com/,Google Maps
"Dr Ritika Shanmugam Skin , Hair & Aesthetic Clinic - Indiranagar, Bangalore",,+91 90362 03006,"638, 11th Main Rd",5.0,296,Unknown,"https://www.google.com/maps/place/Dr+Ritika+Shanmugam+Skin+,+Hair+%26+Aesthetic+Clinic+-+Indiranagar,+Bangalore/data=!4m7!3m6!1s0x3bae1750dce6770d:0x917b977dee63a297!8m2!3d12.9707545!4d77.6451354!16s%2Fg%2F11y9hvby2l!19sChIJDXfm3FAXrjsRl6Jj7n2Xe5E?authuser=0&hl=en&rclk=1",https://www.drritikashanmugam.com/,Google Maps
The Retina Clinic,,+91 80 4126 1776,"305, 6th Main Rd",4.4,82,Unknown,https://www.google.com/maps/place/The+Retina+Clinic/data=!4m7!3m6!1s0x3bae16a8ea7f843f:0x20fdce79d0bcc29a!8m2!3d12.973786!4d77.6436524!16s%2Fg%2F1tjddmr2!19sChIJP4R_6qgWrjsRmsK80HnO_SA?authuser=0&hl=en&rclk=1,http://www.theretinaclinic.com/,Google Maps
Sri Vinayaka Enterprises,,+91 78957 80931,"285, 6th Cross Rd, next to Sri Vinayaka Enterprises",5.0,3,No,https://www.google.com/maps/place/Sri+Vinayaka+Enterprises/data=!4m7!3m6!1s0x3bae17438c9cadcd:0x80cee2f266c91407!8m2!3d12.9791587!4d77.6403089!16s%2Fg%2F11fct4fgdb!19sChIJza2cjEMXrjsRBxTJZvLizoA?authuser=0&hl=en&rclk=1,https://srivinayaka-enterprises.com/,Google Maps
Chinmaya Mission Hospital,,+91 80 2502 6100,"Krishna Temple, 1 1, Chinmaya Mission Hospital Rd",4.4,10054,Unknown,https://www.google.com/maps/place/Chinmaya+Mission+Hospital/data=!4m7!3m6!1s0x3bae16ae5f7d018f:0x5ac5e27509b39791!8m2!3d12.9778862!4d77.6461979!16s%2Fg%2F1tcvmqgt!19sChIJjwF9X64WrjsRkZezCXXixVo?authuser=0&hl=en&rclk=1,https://www.cmhblr.com/,Google Maps
Dr. Rajesh Hospitals Eye and Dental,,+91 80 2527 2527,"1180, 12th B Main Rd",4.3,189,Unknown,https://www.google.com/maps/place/Dr.+Rajesh+Hospitals+Eye+and+Dental/data=!4m7!3m6!1s0x3bae155147489879:0xb97910dfcfb35cfe!8m2!3d12.9688943!4d77.6421558!16s%2Fg%2F11btmcbxhx!19sChIJeZhIR1EVrjsR_lyzz98Qebk?authuser=0&hl=en&rclk=1,https://drrajeshhospitals.wordpress.com/about/,Google Maps
Procure Dental- Indiranagar,,+91 63646 43830,"No:1, 19th A cross, Chinmaya Mission Hospital Rd, opp. Metro pillar 101",4.9,29,Unknown,https://www.google.com/maps/place/Procure+Dental-+Indiranagar/data=!4m7!3m6!1s0x3bae170e2765646b:0xf429eeb85fbb3a0b!8m2!3d12.9783017!4d77.6303199!16s%2Fg%2F11pkbkkndv!19sChIJa2RlJw4XrjsRCzq7X7juKfQ?authuser=0&hl=en&rclk=1,https://www.procuredental.co.in/,Google Maps
Banyan Dental Care,,+918971567992,"First Floor, Lakshmi Complex Wind Tunnel Road Bengaluru",0.0,0,Unknown,,https://banyandentalcarenaples.com/our-services/implant-supported-dentures,OpenStreetMap
YashChar Dental Studio,,+91 96209 00048,"71/2, 6th Cross Rd",5.0,18,Unknown,https://www.google.com/maps/place/YashChar+Dental+Studio/data=!4m7!3m6!1s0x3bae15c0ab02ccad:0x225ae0d4c1324316!8m2!3d12.9620209!4d77.6349892!16s%2Fg%2F11s4_qw7bl!19sChIJrcwCq8AVrjsRFkMywdTgWiI?authuser=0&hl=en&rclk=1,https://drkomala.drxpro.in/,Google Maps
"Partha Dental Clinic -Whitefield, Bangalore",,+91 81231 30008,"POLICE STATION, Whitefield Main Rd, above Bandhan Bank, next to Whitefield",4.7,684,Unknown,"https://www.google.com/maps/place/Partha+Dental+Clinic+-Whitefield,+Bangalore/data=!4m7!3m6!1s0x3bae0dfe73f2a63d:0x73cb432aa4158c52!8m2!3d12.9753874!4d77.7511783!16s%2Fg%2F11g86v_fc0!19sChIJPabyc_4NrjsRUowVpCpDy3M?authuser=0&hl=en&rclk=1",https://parthadental.com/dental-skin-hair-clinic-whitefield/?utm_source=google&utm_medium=gmb&utm_campaign=whitefield,Google Maps
"Clove Dental Clinic - Whitefield, Bangalore",,+91 40 3824 5712,"Whitefield Main Rd, above Dominos",4.7,768,Unknown,"https://www.google.com/maps/place/Clove+Dental+Clinic+-+Whitefield,+Bangalore/data=!4m7!3m6!1s0x3bae0df9362a729f:0x92bb396185dff2e9!8m2!3d12.9684189!4d77.7494728!16s%2Fg%2F11gcmmqc0g!19sChIJn3IqNvkNrjsR6fLfhWE5u5I?authuser=0&hl=en&rclk=1",https://clovedental.in/dentist-near-me/bengaluru/whitefield?utm_source=website&utm_medium=gmb&utm_campaign=Whitefield_GMB,Google Maps
Smile Zone Dental Speciality Centre,,+91 99006 00868,"275, 2nd Floor, Whitefield Main Road, Landmark:, beside Vijaya Bank, next to Cult Fitness and Domino”s Pizza",4.8,307,Unknown,https://www.google.com/maps/place/Smile+Zone+Dental+Speciality+Centre/data=!4m7!3m6!1s0x3bae11e533e51607:0xb055c46d3f22ba1f!8m2!3d12.9682602!4d77.7494807!16s%2Fg%2F1tfjp423!19sChIJBxblM-URrjsRH7oiP23EVbA?authuser=0&hl=en&rclk=1,http://dentalclinicinwhitefield.com/,Google Maps
Ivory Smiles Dental Clinic,,+91 96863 28068,"2 nd floor, above Mia by tanishq,6 th cross, Whitefield Main Rd",5.0,234,Unknown,https://www.google.com/maps/place/Ivory+Smiles+Dental+Clinic/data=!4m7!3m6!1s0x3bae0d864a093cf9:0x3d36856a5730b5be!8m2!3d12.9628156!4d77.7482186!16s%2Fg%2F11kk8557_n!19sChIJ-TwJSoYNrjsRvrUwV2qFNj0?authuser=0&hl=en&rclk=1,http://www.ivorysmilesdentalclinic.com/,Google Maps
The Smile Clinic | Multispecialty Dental Clinic and Implantology Centre,,+91 70198 07631,"82/2, Borewell Rd",4.9,70,Unknown,https://www.google.com/maps/place/The+Smile+Clinic+%7C+Multispecialty+Dental+Clinic+and+Implantology+Centre/data=!4m7!3m6!1s0x3bae0d5d6b89ab31:0xe8180004c75c6381!8m2!3d12.9685398!4d77.7456955!16s%2Fg%2F11myl51_tw!19sChIJMauJa10NrjsRgWNcxwQAGOg?authuser=0&hl=en&rclk=1,https://www.thesmileclinic.co.in/best-dental-clinic-whitefield,Google Maps
"Smaya's Dento Care - Whitefield, Bangalore",,+91 73385 49494,"Second Floor, Bangalore Pet Hospital Building, Varthur Main Rd",4.9,505,Unknown,"https://www.google.com/maps/place/Smaya%27s+Dento+Care+-+Whitefield,+Bangalore/data=!4m7!3m6!1s0x3bae13534964e063:0x2c8027944379161c!8m2!3d12.9557983!4d77.730203!16s%2Fg%2F11s4rndk1r!19sChIJY-BkSVMTrjsRHBZ5Q5QngCw?authuser=0&hl=en&rclk=1",https://www.smayasdentocare.com/,Google Maps
Dentalign Orthodontics,,+91 80 4112 1192,"Sai Gandhi Square, Marathahalli Main Rd, near Adarsh",4.8,835,Unknown,https://www.google.com/maps/place/Dentalign+Orthodontics/data=!4m7!3m6!1s0x3bae120a31dbfcc9:0xb564da89245d0cbe!8m2!3d12.9566348!4d77.742662!16s%2Fg%2F1tgr_ck1!19sChIJyfzbMQoSrjsRvgxdJInaZLU?authuser=0&hl=en&rclk=1,http://www.dentalign.in/,Google Maps
My dental world Whitefield (Dental and physiotherapy clinic),,+91 81052 79462,"Shop-7, 131, Ecc road, My Dental World.Whitefield Pattanduru Agrahara village, next to Loyal mart, opp. to SUMADHURA MADHURAM",4.9,93,Unknown,https://www.google.com/maps/place/My+dental+world+Whitefield+%28Dental+and+physiotherapy+clinic%29/data=!4m7!3m6!1s0x3bae11384a4014ff:0x53610880b67fed8e!8m2!3d12.9830818!4d77.743906!16s%2Fg%2F11sfkq2x5q!19sChIJ_xRASjgRrjsRju1_toAIYVM?authuser=0&hl=en&rclk=1,https://mydentalworld-whitefield.com/,Google Maps
Apollo Dental Clinic,,+91 80500 37070,"Survey no 14 ,1st floor, No 75/2, Whitefield Main Rd, next to Kotak Mahindra Bank, opp. to Hindustan Unilever LTD",4.4,206,Unknown,https://www.google.com/maps/place/Apollo+Dental+Clinic/data=!4m7!3m6!1s0x3bae0df9cf25c75d:0x2e64b506864a0426!8m2!3d12.9643036!4d77.7487762!16s%2Fg%2F11bbt3jnl5!19sChIJXcclz_kNrjsRJgRKhga1ZC4?authuser=0&hl=en&rclk=1,https://apollodental.in/?utm_source=GMB&utm_medium=GMBWebsiteButton&utm_campaign=GMBWhitefield,Google Maps
AS Health - Dental clinic in Whitefield | Skin clinic in Whitefield | Hair Clinic in Whitefield,,+91 98801 20961,Varthur Main Rd,4.9,43,Unknown,https://www.google.com/maps/place/AS+Health+-+Dental+clinic+in+Whitefield+%7C+Skin+clinic+in+Whitefield+%7C+Hair+Clinic+in+Whitefield/data=!4m7!3m6!1s0x3bae13b9ce006f79:0x169f269a339429ed!8m2!3d12.9571821!4d77.7355004!16s%2Fg%2F11p_6vxgp2!19sChIJeW8AzrkTrjsR7SmUM5omnxY?authuser=0&hl=en&rclk=1,http://asdentalcare.co.in/,Google Maps
Sabka dentist,,+91 91083 39321,"2nd Floor, Guru Shree Towers, 3rd, Cross Rd, next to Kotak Mahindra Bank",4.6,944,Unknown,https://www.google.com/maps/place/Sabka+dentist/data=!4m7!3m6!1s0x3bae0d847ea67783:0x23b1cc95679d6f92!8m2!3d12.9634357!4d77.7484783!16s%2Fg%2F11h4zgv426!19sChIJg3emfoQNrjsRkm-dZ5XMsSM?authuser=0&hl=en&rclk=1,https://sabkadentist.com/dental-clinics-in-bangalore/whitefield/,Google Maps
Dentally Yours Dental Clinic - Whitefield,,+91 96118 54058,Immadihalli Main Rd,5.0,164,Unknown,https://www.google.com/maps/place/Dentally+Yours+Dental+Clinic+-+Whitefield/data=!4m7!3m6!1s0x3bae0d0010a75b3b:0xe0b395720c2b5612!8m2!3d12.9669254!4d77.7618081!16s%2Fg%2F11w3xm2bgx!19sChIJO1unEAANrjsRElYrDHKVs-A?authuser=0&hl=en&rclk=1,https://www.dentallyyoursclinic.com/,Google Maps
Growing Smiles ® Dental Clinic,,+91 93193 73963,"Ground floor, No 113/3, Nallurahalli Main Rd",4.9,619,Unknown,https://www.google.com/maps/place/Growing+Smiles+%C2%AE+Dental+Clinic/data=!4m7!3m6!1s0x3bae13327c8609b3:0x4a729c70a2462524!8m2!3d12.9618571!4d77.732786!16s%2Fg%2F11h77w542r!19sChIJswmGfDITrjsRJCVGonCccko?authuser=0&hl=en&rclk=1,https://growingsmilesdentists.com/,Google Maps
"Microsmiles Dental Care,",,+91 99160 92992,"17, Varthur Main Rd",4.9,410,Unknown,"https://www.google.com/maps/place/Microsmiles+Dental+Care,/data=!4m7!3m6!1s0x3bae1337a7468019:0xcf66461b0ff5b609!8m2!3d12.9556068!4d77.7190523!16s%2Fg%2F11tc8npkt7!19sChIJGYBGpzcTrjsRCbb1DxtGZs8?authuser=0&hl=en&rclk=1",https://microsmiles.in/,Google Maps
Dentalis Multi-Speciality Dental Clinic Whitefield,,+91 89516 11570,"XQQ5+JQ4, 1st floor, AB Vajpayee Road Maithri Layout, Kadugodi, AB Vajpayee layout",4.8,147,Unknown,https://www.google.com/maps/place/Dentalis+Multi-Speciality+Dental+Clinic+Whitefield/data=!4m7!3m6!1s0x3bae0fad4b710c41:0x8831f0c619341d7e!8m2!3d12.9885124!4d77.7595829!16s%2Fg%2F11h0m3lhqn!19sChIJQQxxS60PrjsRfh00GcbwMYg?authuser=0&hl=en&rclk=1,https://dentalis.in/,Google Maps
You Smile Dental Clinic,,+91 78928 01584,"1st floor, Before Whitefield post office, 271, Borewell Rd, near vivero preschool",4.9,252,Unknown,https://www.google.com/maps/place/You+Smile+Dental+Clinic/data=!4m7!3m6!1s0x3bae0df93beb20c5:0xbe109ce2c7937468!8m2!3d12.9681312!4d77.7487586!16s%2Fg%2F11dxbjqm6v!19sChIJxSDrO_kNrjsRaHSTx-KcEL4?authuser=0&hl=en&rclk=1,https://www.yousmiledentals.com/,Google Maps
32 Smiles Multispeciality Dental Clinics | Advanced Root Canal | Dental Implants | Invisalign & Braces |,,+91 99728 71037,"115, 1st Floor, 5th Main, Channasandra Main Rd",4.7,677,Unknown,https://www.google.com/maps/place/32+Smiles+Multispeciality+Dental+Clinics+%7C+Advanced+Root+Canal+%7C+Dental+Implants+%7C+Invisalign+%26+Braces+%7C/data=!4m7!3m6!1s0x3bae0e0c212a7f49:0x5a39696d143d8d33!8m2!3d12.9826138!4d77.7626174!16s%2Fg%2F11ddx5zm70!19sChIJSX8qIQwOrjsRM409FG1pOVo?authuser=0&hl=en&rclk=1,https://32smilesdentalclinics.com/whitefield/,Google Maps
DENTAL SQUARE,,+91 70226 95195,"23, &, Pattandur Agrahara Village Main Rd, next to Ganesha Temple, opposite FOYER INFINITY",5.0,714,Unknown,https://www.google.com/maps/place/DENTAL+SQUARE/data=!4m7!3m6!1s0x3bae11f0a6c2247f:0xc92db0705b747546!8m2!3d12.9804984!4d77.7335422!16s%2Fg%2F11g00y3_9x!19sChIJfyTCpvARrjsRRnV0W3CwLck?authuser=0&hl=en&rclk=1,http://dentalsquarewhitefield.in/,Google Maps
SmileMax Dental and Aesthetics Studio Whitefield,,+91 90363 65358,"Site No.2, 1st Floor Harikrupa Heights, Borewell Rd, above Medplus Pharmacy, next to Apollo Pharmacy",4.9,120,Unknown,https://www.google.com/maps/place/SmileMax+Dental+and+Aesthetics+Studio+Whitefield/data=!4m7!3m6!1s0x3bae13b32a6119a9:0x17070431d773fbcc!8m2!3d12.9687106!4d77.7450399!16s%2Fg%2F11pv5sd7z6!19sChIJqRlhKrMTrjsRzPtz1zEEBxc?authuser=0&hl=en&rclk=1,https://smilemaxdentalclinic.com/,Google Maps
Oyster Dental Clinic - Multispeciality Dental Clinic in Whitefield,,+91 80 4482 7012,"2nd Floor, CNS Complex, bus stop, 185, Varthur Main Rd, Opposite Thubarahalli",4.6,177,Unknown,https://www.google.com/maps/place/Oyster+Dental+Clinic+-+Multispeciality+Dental+Clinic+in+Whitefield/data=!4m7!3m6!1s0x3bae13ce4c1715f3:0xa51dd69e55ea6393!8m2!3d12.9556003!4d77.7217202!16s%2Fg%2F11h35p3tw8!19sChIJ8xUXTM4TrjsRk2PqVZ7WHaU?authuser=0&hl=en&rclk=1,https://oysterdental.co.in/,Google Maps
Imex Care Clinic,,+91 99162 20121,"Varthur Main Rd, above Sufyan Dry Fruits, opposite DSR VERTEX AND APEX",4.9,1644,Unknown,https://www.google.com/maps/place/Imex+Care+Clinic/data=!4m7!3m6!1s0x3bae123e9af0d743:0x4dc908873ae6d807!8m2!3d12.9557071!4d77.7185825!16s%2Fg%2F11c74fs8b0!19sChIJQ9fwmj4SrjsRB9jmOocIyU0?authuser=0&hl=en&rclk=1,https://careimex.com/,Google Maps
Renuka Cure and Smile Dental Clinic,,+91 98360 64888,"56/6, Borewell Road, Layout, near Victorian View",5.0,188,Unknown,https://www.google.com/maps/place/Renuka+Cure+and+Smile+Dental+Clinic/data=!4m7!3m6!1s0x3bae0fe980793a77:0xdff843e6c29e29ce!8m2!3d12.9690645!4d77.7377125!16s%2Fg%2F11lb2dfcf8!19sChIJdzp5gOkPrjsRzimewuZD-N8?authuser=0&hl=en&rclk=1,https://www.renukacureandsmiledental.com/,Google Maps
"Mico Dental Clinic (A multi speciality dental, implant , Invisalign ® provider ,RCT and wisdom tooth centre )",,+91 96066 92919,"No. 5, Narayana Layout, Vibgyor High School Rd",5.0,179,Unknown,"https://www.google.com/maps/place/Mico+Dental+Clinic+%28A+multi+speciality+dental,+implant+,+Invisalign+%C2%AE+provider+,RCT+and+wisdom+tooth+centre+%29/data=!4m7!3m6!1s0x3bae136eb1f25915:0x56d7ed4211c57d80!8m2!3d12.9539316!4d77.7175157!16s%2Fg%2F11y1xkt0cz!19sChIJFVnysW4TrjsRgH3FEULt11Y?authuser=0&hl=en&rclk=1",https://www.micodentalclinic.com/,Google Maps
Skyline Dental - Multispeciality And Aesthetic Centre,,+91 63630 94125,"1st Floor, 114/119, Nallurahalli Main Rd",4.9,207,Unknown,https://www.google.com/maps/place/Skyline+Dental+-+Multispeciality+And+Aesthetic+Centre/data=!4m7!3m6!1s0x3bae13de756a4a8d:0x8a6cbaea57111f3d!8m2!3d12.9697682!4d77.7341017!16s%2Fg%2F11ld3l44tm!19sChIJjUpqdd4TrjsRPR8RV-q6bIo?authuser=0&hl=en&rclk=1,https://skylinedentalclinics.com/,Google Maps
Dental Elements Clinic,,+91 95910 74680,"1st Floor, Bindu's Arcade, 80ft main road, opp. NVT LIFE SQUARE",5.0,231,Unknown,https://www.google.com/maps/place/Dental+Elements+Clinic/data=!4m7!3m6!1s0x3bae0f90de19c19d:0x752b256d4dbbfc5c!8m2!3d12.9750786!4d77.7650623!16s%2Fg%2F11ssrmlctf!19sChIJncEZ3pAPrjsRXPy7TW0lK3U?authuser=0&hl=en&rclk=1,https://dentalelements.co.in/,Google Maps
Octodent Dentistry: Best Dental Clinic in Whitefield | Dentist Whitefield | Advanced Dental,,+91 85508 66055,"no.135, 4th Floor, Channasandra Main Road, Entrance, next to Balaji AAVAAS, opposite to Maithri Layout",5.0,111,Unknown,https://www.google.com/maps/place/Octodent+Dentistry:+Best+Dental+Clinic+in+Whitefield+%7C+Dentist+Whitefield+%7C+Advanced+Dental/data=!4m7!3m6!1s0x3bae0feeb4c4a5fb:0x45b894470e84d813!8m2!3d12.9829018!4d77.7551035!16s%2Fg%2F11wqd2b1n1!19sChIJ-6XEtO4PrjsRE9iEDkeUuEU?authuser=0&hl=en&rclk=1,https://www.octodent.in/?utm_source=google_profile&utm_campaign=localo&utm_medium=mainlink,Google Maps
The Image Dental and Cosmetic Clinic | Hair Face and Dental specialist in Whitefield | Marathahalli,,+91 87924 56767,"1st Floor, SAS Complex, Nallurahalli Main Rd, beside Hanuman Temple",5.0,22,Unknown,https://www.google.com/maps/place/The+Image+Dental+and+Cosmetic+Clinic+%7C+Hair+Face+and+Dental+specialist+in+Whitefield+%7C+Marathahalli/data=!4m7!3m6!1s0x3bae139bfa0570c7:0x81703e13d393a3da!8m2!3d12.958596!4d77.7320728!16s%2Fg%2F11yrq6gw1_!19sChIJx3AF-psTrjsR2qOT0xM-cIE?authuser=0&hl=en&rclk=1,https://theimagehospital.com/,Google Maps
"Smilax Dental Clinic – Thubrahalli | Best Dentist for Implants, RCT & Teeth Cleaning in Bangalore",,+91 73537 24447,"Bus Stop, No 2, 2nd Floor, Varthur Main Rd, near Thubrahalli",4.8,292,Unknown,"https://www.google.com/maps/place/Smilax+Dental+Clinic+%E2%80%93+Thubrahalli+%7C+Best+Dentist+for+Implants,+RCT+%26+Teeth+Cleaning+in+Bangalore/data=!4m7!3m6!1s0x3bae124020d862d1:0x537bdbb57d4e39dc!8m2!3d12.9556637!4d77.7207164!16s%2Fg%2F11fy4f2sn1!19sChIJ0WLYIEASrjsR3DlOfbXbe1M?authuser=0&hl=en&rclk=1",http://www.drkiranssmilegroup.com/,Google Maps
Sunshine Dental,,+91 80 4215 2929,,4.8,73,Unknown,https://www.google.com/maps/place/Sunshine+Dental/data=!4m7!3m6!1s0x3bae0e0114324f8b:0x92587054e0d7beb5!8m2!3d12.9784997!4d77.7492451!16s%2Fg%2F11c1q8cqx1!19sChIJi08yFAEOrjsRtb7X4FRwWJI?authuser=0&hl=en&rclk=1,http://sunshinedental.co.in/,Google Maps
"NextGen Dental - TMJ Pain Management, Dental Implants and Kids Dentistry",,+91 63640 39528,"1st floor, NextGen Dental, 365, Whitefield Main Rd, opp. BrookeBond",5.0,30,Unknown,"https://www.google.com/maps/place/NextGen+Dental+-+TMJ+Pain+Management,+Dental+Implants+and+Kids+Dentistry/data=!4m7!3m6!1s0x3bae0dd191b38b11:0xa74927662255cb9!8m2!3d12.9635246!4d77.7485982!16s%2Fg%2F11yd9wh1_w!19sChIJEYuzkdENrjsRuVwlYnaSdAo?authuser=0&hl=en&rclk=1",https://www.nextgendental.in/,Google Maps
Smile Experts Dental and Facial Aesthetic Clinic,,+91 72043 21003,"269, Nallurahalli Main Rd",4.9,213,Unknown,https://www.google.com/maps/place/Smile+Experts+Dental+and+Facial+Aesthetic+Clinic/data=!4m7!3m6!1s0x3bae138cf1337ac7:0x6eff10865348dd38!8m2!3d12.9571637!4d77.7312555!16s%2Fg%2F11fw4qfhgn!19sChIJx3oz8YwTrjsRON1IU4YQ_24?authuser=0&hl=en&rclk=1,https://smileexpert.co.in/,Google Maps
WhiteTooth Dental Clinic,,+91 91480 61568,"Shop 2, No 261, Nallurahalli Main Rd, opposite NEELADRI DEO BLISS",4.9,64,Unknown,https://www.google.com/maps/place/WhiteTooth+Dental+Clinic/data=!4m7!3m6!1s0x3bae130618b03f1b:0xf5d3209839a18b9!8m2!3d12.9594478!4d77.7320079!16s%2Fg%2F11n3lck69n!19sChIJGz-wGAYTrjsRuRiagwkyXQ8?authuser=0&hl=en&rclk=1,https://whitetooth.in/,Google Maps
Dantshaala Paediatric and Family Dental Clinic,,+91 72044 10452,"Ground Floor, VB nilaya, Hagadur Main Rd",4.8,64,Unknown,https://www.google.com/maps/place/Dantshaala+Paediatric+and+Family+Dental+Clinic/data=!4m7!3m6!1s0x3bae0dc9d091bb7d:0x4f7cac6b65c342e4!8m2!3d12.9649818!4d77.7577786!16s%2Fg%2F11vx3hgbrf!19sChIJfbuR0MkNrjsR5ELDZWusfE8?authuser=0&hl=en&rclk=1,http://www.dantshaala.co.in/,Google Maps
"Happiest Pearls - Family Dental Care, Whitefield",,+91 87488 88874,"No.66/1, Ground floor , Shop No.13, Miraya Rose By UKN, Varthur Main Rd",5.0,8,Unknown,"https://www.google.com/maps/place/Happiest+Pearls+-+Family+Dental+Care,+Whitefield/data=!4m7!3m6!1s0x3bae1398c7748e95:0x2f5ccc6a7cc55475!8m2!3d12.9568492!4d77.7321556!16s%2Fg%2F11n5868sj5!19sChIJlY50x5gTrjsRdVTFfGrMXC8?authuser=0&hl=en&rclk=1",https://clinics.happiesthealth.com/clinics/happiest-pearls-whitefield,Google Maps
Aadya Dental & Aesthetics,,+91 63663 60115,"1st Floor, 66/2, Nallurahalli Main Rd, above Paper & Pie Cafe, next to HP Petrol Bunk",4.9,99,Unknown,https://www.google.com/maps/place/Aadya+Dental+%26+Aesthetics/data=!4m7!3m6!1s0x3bae13194da84361:0xda2450167617cd7e!8m2!3d12.9652263!4d77.7325724!16s%2Fg%2F11xny0z6dt!19sChIJYUOoTRkTrjsRfs0XdhZQJNo?authuser=0&hl=en&rclk=1,https://aadyadental.in/,Google Maps
"ELV Dental Clinic - Teeth Whitening & Cleaning | Braces | Implants | Invisalign | Root Canal Care in Whitefield, Bangalore",,+91 95352 64855,"1, Ground Floor, Springdale Layout Rd",4.8,39,Unknown,"https://www.google.com/maps/place/ELV+Dental+Clinic+-+Teeth+Whitening+%26+Cleaning+%7C+Braces+%7C+Implants+%7C+Invisalign+%7C+Root+Canal+Care+in+Whitefield,+Bangalore/data=!4m7!3m6!1s0x3bae0f45257f3813:0x9b3f6eb089bb8266!8m2!3d12.9762327!4d77.7584507!16s%2Fg%2F11t_sg9_06!19sChIJEzh_JUUPrjsRZoK7ibBuP5s?authuser=0&hl=en&rclk=1",https://elvhealthcare.com/,Google Maps
"Invisalign Provider - Whitefield, Bangalore",,+91 73385 49494,near D Mart_siddapura,5.0,62,Unknown,"https://www.google.com/maps/place/Invisalign+Provider+-+Whitefield,+Bangalore/data=!4m7!3m6!1s0x3bae13f75e1440f9:0xc7cb12b0e3d27e4b!8m2!3d12.9557422!4d77.7301022!16s%2Fg%2F11yb_07j7g!19sChIJ-UAUXvcTrjsRS37S47ASy8c?authuser=0&hl=en&rclk=1",https://invisiblealignersbangalore.com/,Google Maps
KidsDentist ® : Whitefield | Sedation dentistry for kids,,+91 74117 56644,"Second Floor, Prime Square, Whitefield Main Rd, above Simpli Namdhari's",4.9,334,Unknown,https://www.google.com/maps/place/KidsDentist+%C2%AE+:+Whitefield+%7C+Sedation+dentistry+for+kids/data=!4m7!3m6!1s0x3bae16bae09a4497:0x770df9da74906ea7!8m2!3d12.9727707!4d77.7505267!16s%2Fg%2F11f3r2dv9l!19sChIJl0Sa4LoWrjsRp26QdNr5DXc?authuser=0&hl=en&rclk=1,http://kidsdentist.in/,Google Maps
Impressions Dental Clinic,,+91 98441 31756,Whitefield Main Rd,4.6,33,Unknown,https://www.google.com/maps/place/Impressions+Dental+Clinic/data=!4m7!3m6!1s0x3bae0e06cb8ed53b:0xc41268c3161f4087!8m2!3d12.9785859!4d77.7511655!16s%2Fg%2F11b6y1rggj!19sChIJO9WOywYOrjsRh0AfFsNoEsQ?authuser=0&hl=en&rclk=1,https://www.impressionsdentalclinic.com/,Google Maps
SmileNest Dental Clinic,,+91 90364 27576,"2nd floor, Swathi Sapphire Commercial Complex, Borewell Rd, beside Union Bank",5.0,21,Unknown,https://www.google.com/maps/place/SmileNest+Dental+Clinic/data=!4m7!3m6!1s0x3bae13c4fdb8402b:0x79f8007a26d4774a!8m2!3d12.9694191!4d77.735928!16s%2Fg%2F11mf3zbmtq!19sChIJK0C4_cQTrjsRSnfUJnoA-Hk?authuser=0&hl=en&rclk=1,https://www.smilenestclinic.com/,Google Maps
Invisalign Braces Smile Centre Bangalore - Whitefield,,+91 96329 73966,Whitefield Main Rd,5.0,30,Unknown,https://www.google.com/maps/place/Invisalign+Braces+Smile+Centre+Bangalore+-+Whitefield/data=!4m7!3m6!1s0x3bae0f669703aff3:0x8be3c74f5b741006!8m2!3d12.9764073!4d77.7512738!16s%2Fg%2F11yq2l18mh!19sChIJ868Dl2YPrjsRBhB0W0_H44s?authuser=0&hl=en&rclk=1,https://invisalignalignersbangalore.com/,Google Maps
"Dreamlet Kids Dentistry, Whitefield Bengaluru",,+91 87920 16969,"Garden of Eden by UKn, B002/2, Whitefield Main Rd, behind Fab India",5.0,139,Unknown,"https://www.google.com/maps/place/Dreamlet+Kids+Dentistry,+Whitefield+Bengaluru/data=!4m7!3m6!1s0x3bae0f7b39386061:0x484760b2de9d7358!8m2!3d12.9803671!4d77.7507068!16s%2Fg%2F11lv51mzx5!19sChIJYWA4OXsPrjsRWHOd3rJgR0g?authuser=0&hl=en&rclk=1",https://dreamletkidsdentistry.com/,Google Maps
"Dr. Vivek Aithal - Best Orthodontist and Invisalign Provider in Whitefield, Bangalore",,+91 96329 73966,"2nd Floor, Whitefield Main Rd, opposite St Joseph's Convent School",5.0,80,Unknown,"https://www.google.com/maps/place/Dr.+Vivek+Aithal+-+Best+Orthodontist+and+Invisalign+Provider+in+Whitefield,+Bangalore/data=!4m7!3m6!1s0x3bae0fcbccc92983:0x2a33acd6b093dfa6!8m2!3d12.976376!4d77.7511632!16s%2Fg%2F11xvxdfbld!19sChIJgynJzMsPrjsRpt-TsNasMyo?authuser=0&hl=en&rclk=1",https://hkdentalclinic.com/dr-vivek-aithal/,Google Maps
Mouth Marvels Dental and Implant Centre,,+91 90351 14060,"No 183, Sri Sai Harsha towers, Whitefield Main Rd, opp. forum value mall",5.0,26,Unknown,https://www.google.com/maps/place/Mouth+Marvels+Dental+and+Implant+Centre/data=!4m7!3m6!1s0x3bae0d8f44fe7aa5:0x30a323ade637e5d0!8m2!3d12.9591733!4d77.7463842!16s%2Fg%2F11w3n1t6nt!19sChIJpXr-RI8NrjsR0OU35q0jozA?authuser=0&hl=en&rclk=1,https://mouthmarvelsdental.in/,Google Maps
Smile Kin Dental Care,,+91 99021 18598,"No.8, HAL Old Airport Rd",4.9,63,Unknown,https://www.google.com/maps/place/Smile+Kin+Dental+Care/data=!4m7!3m6!1s0x3bae133e30703d77:0xfd4faf2f3dbb7635!8m2!3d12.9557087!4d77.7295153!16s%2Fg%2F11h2pk73ns!19sChIJdz1wMD4TrjsRNXa7PS-vT_0?authuser=0&hl=en&rclk=1,https://www.smilekindentalcare.in/,Google Maps
Milk Tooth,,+91 72599 89709,"Second Floor, POLICE STATION, Whitefield Main Rd, beside whitefield, opposite ST. Joseph scroll",5.0,7,Unknown,https://www.google.com/maps/place/Milk+Tooth/data=!4m7!3m6!1s0x3bae0f7f41b1416d:0x4afd3a9f0b9a0df6!8m2!3d12.9761398!4d77.7510043!16s%2Fg%2F11yt7rzz1j!19sChIJbUGxQX8PrjsR9g2aC586_Uo?authuser=0&hl=en&rclk=1,https://milktooth.co.in/,Google Maps
"Dental works -Root Canal Specialist, Dental implants and Orthodontic Center Whitefield",,+91 78927 89126,"1st Floor, KLS COMPLEX, No 166, MAIN ROAD, opposite to GOVERNMENT POLYTECHNIC COLLEGE",4.7,148,Unknown,"https://www.google.com/maps/place/Dental+works+-Root+Canal+Specialist,+Dental+implants+and+Orthodontic+Center+Whitefield/data=!4m7!3m6!1s0x3bae0df937b24e3b:0xa873a38926b214d3!8m2!3d12.9797186!4d77.7574851!16s%2Fg%2F1tg6t45q!19sChIJO06yN_kNrjsR0xSyJomjc6g?authuser=0&hl=en&rclk=1",https://drsamuelsantoshdentistry.com/,Google Maps
Dantoon Dental Clinic & Orthodontic Center,,+91 92897 30451,"1st floor, Sai Mahal, Whitefield Main Rd",5.0,41,Unknown,https://www.google.com/maps/place/Dantoon+Dental+Clinic+%26+Orthodontic+Center/data=!4m7!3m6!1s0x3bae0fef3fe76447:0x411efcbb2fa91b05!8m2!3d12.9861474!4d77.7451013!16s%2Fg%2F11vwpqqzrc!19sChIJR2TnP-8PrjsRBRupL7v8HkE?authuser=0&hl=en&rclk=1,https://www.dantoondentalclinic.com/,Google Maps
Tooth Lounge A Multispeciality Dental Clinic,,+91 99961 84345,"10/1, 1st floor Saroj Group Studios,Varthur main road Thubarahalli,Whitefield, near HDFC bank",5.0,97,Unknown,https://www.google.com/maps/place/Tooth+Lounge+A+Multispeciality+Dental+Clinic/data=!4m7!3m6!1s0x3bae123e86655243:0x8add6a6087a8e53d!8m2!3d12.9557588!4d77.7193712!16s%2Fg%2F11cs1gyr3g!19sChIJQ1Jlhj4SrjsRPeWoh2Bq3Yo?authuser=0&hl=en&rclk=1,https://www.toothloungedentalclinic.com/,Google Maps
National Dental Care,,+91 92369 52369,"3rd Floor, Sy No. 220B, ITPL Main Rd, above Tulip Thai Spa, near Manipal Hospital 1",4.9,210,Unknown,https://www.google.com/maps/place/National+Dental+Care/data=!4m7!3m6!1s0x3bae1121c900f275:0x9838a1d327451857!8m2!3d12.9881983!4d77.7297618!16s%2Fg%2F11xp27kc79!19sChIJdfIAySERrjsRVxhFJ9OhOJg?authuser=0&hl=en&rclk=1,https://www.nationaldentalcare.in/,Google Maps
Max Smile Orthodontic & Multispeciality Dental Clinic,,+91 63642 29407,"Venkateswara Sawami, Thubarahalli Ext Road, Sai Baba Temple Rd",4.9,88,Unknown,https://www.google.com/maps/place/Max+Smile+Orthodontic+%26+Multispeciality+Dental+Clinic/data=!4m7!3m6!1s0x3bae13b5b44e4b8b:0xb48d5e4f03c57dde!8m2!3d12.9519286!4d77.721988!16s%2Fg%2F11kbxcg7zj!19sChIJi0tOtLUTrjsR3n3FA09ejbQ?authuser=0&hl=en&rclk=1,https://drnehasingh33263.getmy.clinic/?utm_source=gmb&utm_medium=web&utm_campaign=tu,Google Maps
Smile Needs Dental Group,,+91 80955 55653,"610 First Floor, above Adhitya Restaurant",4.7,158,Unknown,https://www.google.com/maps/place/Smile+Needs+Dental+Group/data=!4m7!3m6!1s0x3bae122382ee4d69:0xba086eb240c2fa78!8m2!3d12.9646568!4d77.7172126!16s%2Fg%2F11cj_k0p57!19sChIJaU3ugiMSrjsRePrCQLJuCLo?authuser=0&hl=en&rclk=1,https://www.smileneedsdental.in/,Google Maps
HealthLand Clinic - Child health care centre in Whitefield,,+91 93640 97115,"66/2, 2nd Main Rd, next to Kai Early Years Pre-school",4.8,557,Unknown,https://www.google.com/maps/place/HealthLand+Clinic+-+Child+health+care+centre+in+Whitefield/data=!4m7!3m6!1s0x3bae13c04420f4a9:0xc897ef9d3c0e45ca!8m2!3d12.9655197!4d77.7325061!16s%2Fg%2F11w4n487z9!19sChIJqfQgRMATrjsRykUOPJ3vl8g?authuser=0&hl=en&rclk=1,https://www.healthlandclinics.com/,Google Maps
Vi-Scan Diagnostics Whitefield (Dental - CBCT | OPG),,+91 96069 80274,"First Floor, whitemist, No, 242/1A, Borewell Rd",5.0,2,Unknown,https://www.google.com/maps/place/Vi-Scan+Diagnostics+Whitefield+%28Dental+-+CBCT+%7C+OPG%29/data=!4m7!3m6!1s0x3bae0d0a543fe70b:0x679d27e8639ddff7!8m2!3d12.9686049!4d77.7449618!16s%2Fg%2F11ygfjb718!19sChIJC-c_VAoNrjsR99-dY-gnnWc?authuser=0&hl=en&rclk=1,https://www.viscandiagnostics.com/,Google Maps
Tooth Buddy Dental Clinic,,+91 83105 67401,"First floor, above Raamex medical, opp. Government Polytechnic College Road",4.8,141,Unknown,https://www.google.com/maps/place/Tooth+Buddy+Dental+Clinic/data=!4m7!3m6!1s0x3bae13e9a9158bfd:0x199d428934d2d6b8!8m2!3d12.9805723!4d77.7576667!16s%2Fg%2F11lgkvgdwk!19sChIJ_YsVqekTrjsRuNbSNIlCnRk?authuser=0&hl=en&rclk=1,https://toothbuddy.dentostack.com/,Google Maps
PriDENT DENTAL CARE,,+91 96630 61808,"first floor, UKN Garden of Eden, B101",5.0,20,Unknown,https://www.google.com/maps/place/PriDENT+DENTAL+CARE/data=!4m7!3m6!1s0x3bae0f00098641dd:0x85d9e4a18fcc67a7!8m2!3d12.9804376!4d77.7507908!16s%2Fg%2F11xd2jh0vr!19sChIJ3UGGCQAPrjsRp2fMj6Hk2YU?authuser=0&hl=en&rclk=1,https://click4appointment.com/clinic-details/pridentdentalcare-4246,Google Maps
Konnect Diagnostics - Bangalore,,+91 87900 01902,2nd Cross Rd,4.7,1439,Unknown,https://www.google.com/maps/place/Konnect+Diagnostics+-+Bangalore/data=!4m7!3m6!1s0x3bae0dcfba89a2b9:0xc6da1266e568ef4d!8m2!3d12.9707053!4d77.7498128!16s%2Fg%2F11srzlrb4w!19sChIJuaKJus8NrjsRTe9o5WYS2sY?authuser=0&hl=en&rclk=1,http://konnectdiagnostics.com/,Google Maps
"SMAYA’s Kids & Teens Dentistry in Whitefield, Bangalore",,+91 72049 49080,"SMAYA’s Kids & Teens Dentistry, HAL Old Airport Rd, opp. Surabhi Furnishing And Furniture",5.0,7,Unknown,"https://www.google.com/maps/place/SMAYA%E2%80%99s+Kids+%26+Teens+Dentistry+in+Whitefield,+Bangalore/data=!4m7!3m6!1s0x3bae130d03d43959:0x615b28528ddabde3!8m2!3d12.9560253!4d77.7302418!16s%2Fg%2F11yk9rx3nl!19sChIJWTnUAw0TrjsR473ajVIoW2E?authuser=0&hl=en&rclk=1",https://smayaskidsdentistry.com/,Google Maps
Vydehi Institute of Dental Sciences and Research Centre,,+91 80 4906 9000,"82, Nallurahalli Main Rd, near BMTC 18th Depot",4.2,277,Unknown,https://www.google.com/maps/place/Vydehi+Institute+of+Dental+Sciences+and+Research+Centre/data=!4m7!3m6!1s0x3bae11f7afd8535d:0xf25d293ea378be7!8m2!3d12.9753127!4d77.7313669!16s%2Fg%2F11c5gcn995!19sChIJXVPYr_cRrjsR54s36pPSJQ8?authuser=0&hl=en&rclk=1,https://vids.ac.in/,Google Maps
Dr. Lokesh Babu KT | Best Dentist in varthur | Manipal Hospital Varthur,,+91 1800 102 4647,"No. 10P & 12P, Room No. 1, Manipal Hospital Survey, Whitefield Main Rd",5.0,1,No,https://www.google.com/maps/place/Dr.+Lokesh+Babu+KT+%7C+Best+Dentist+in+varthur+%7C+Manipal+Hospital+Varthur/data=!4m7!3m6!1s0x3bae0d19545c2a31:0x62cfba5c7ad6620c!8m2!3d12.9581623!4d77.7454139!16s%2Fg%2F11ld953j6k!19sChIJMSpcVBkNrjsRDGLWely6z2I?authuser=0&hl=en&rclk=1,https://www.manipalhospitals.com/varthurroad/hospitals/,Google Maps
ORAL D WHITEFIELD,,+91 80 4211 4509,"XQG2+GFR, SH 35",4.1,10,No,https://www.google.com/maps/place/ORAL+D+WHITEFIELD/data=!4m7!3m6!1s0x3bae0f330afe2e89:0xf7a2f52601e163e9!8m2!3d12.9763547!4d77.7511308!16s%2Fg%2F11vdq25q1p!19sChIJiS7-CjMPrjsR6WPhASb1ovc?authuser=0&hl=en&rclk=1,http://www.oraldimaging.com/,Google Maps
Root Care Dental Clinic,,+91 80568 42222,"70, 17th E Main Rd",4.9,559,Unknown,https://www.google.com/maps/place/Root+Care+Dental+Clinic/data=!4m7!3m6!1s0x3bae15e74c0160a5:0xd4d60544c6f8619c!8m2!3d12.936545!4d77.6228076!16s%2Fg%2F11h18bd04z!19sChIJpWABTOcVrjsRnGH4xkQF1tQ?authuser=0&hl=en&rclk=1,http://rootcaredental.com/,Google Maps
Beyond Smiles Dental Clinic,,+91 98867 24383,"#358, 1st floor, 1st Main Rd",4.9,594,Unknown,https://www.google.com/maps/place/Beyond+Smiles+Dental+Clinic/data=!4m7!3m6!1s0x3bae144e664821fb:0xf5657dd3e1fe34f8!8m2!3d12.9363363!4d77.6147012!16s%2Fg%2F11byyhf540!19sChIJ-yFIZk4UrjsR-DT-4dN9ZfU?authuser=0&hl=en&rclk=1,https://beyondsmiles.co.in/,Google Maps
Sabka dentist,,+91 97422 10044,"S/16, 1st floor, S/15, 80 Feet Rd, opposite to Sapna Book House & Vanheusen Shop, above Titan watch Store",4.5,1148,Unknown,https://www.google.com/maps/place/Sabka+dentist/data=!4m7!3m6!1s0x3bae1446b8b468fd:0xe413d12a6d4e533b!8m2!3d12.9361847!4d77.6163903!16s%2Fg%2F11bxc7jlxj!19sChIJ_Wi0uEYUrjsRO1NObSrRE-Q?authuser=0&hl=en&rclk=1,https://www.sabkadentist.com/dental-clinics-in-bangalore/koramangala/,Google Maps
"V Care Dental Speciality Clinic , Koramangala",,+91 80 4096 5600,"Rassi Nilayam, 104, 2nd Cross Road, 1st Main Rd",4.9,617,Unknown,"https://www.google.com/maps/place/V+Care+Dental+Speciality+Clinic+,+Koramangala/data=!4m7!3m6!1s0x3bae144e5b2ff449:0x60526c5fcf2a7790!8m2!3d12.9346147!4d77.6305547!16s%2Fg%2F11bxf55g_5!19sChIJSfQvW04UrjsRkHcqz19sUmA?authuser=0&hl=en&rclk=1",https://vcaredentist.com/,Google Maps
Dr. Sapna DENTAL CARE,,+91 99017 63361,"4, Ejipura Main Road, Opposite Government High School Diagonally Opposite to Sri Rama Temple Ejipura",5.0,1075,Unknown,https://www.google.com/maps/place/Dr.+Sapna+DENTAL+CARE/data=!4m7!3m6!1s0x3bae144041905d1f:0x70f61d1d85fc3405!8m2!3d12.9447552!4d77.6289214!16s%2Fg%2F12m9bs614!19sChIJH12QQUAUrjsRBTT8hR0d9nA?authuser=0&hl=en&rclk=1,https://sapnadentalcare.com/,Google Maps
JP Dental Clinic | Koramangala |,,+91 70222 47574,"636, Adugodi Main Rd, opposite to Pearl Clinic",4.9,366,Unknown,https://www.google.com/maps/place/JP+Dental+Clinic+%7C+Koramangala+%7C/data=!4m7!3m6!1s0x3bae14491e0b3849:0x9f6aa774c4152209!8m2!3d12.9417338!4d77.6165671!16s%2Fg%2F1hf1nw49y!19sChIJSTgLHkkUrjsRCSIVxHSnap8?authuser=0&hl=en&rclk=1,https://jpdental.co.in/,Google Maps
Smile Dental Clinic,,+91 98451 92325,"31, 1st Main Rd",4.9,385,No,https://www.google.com/maps/place/Smile+Dental+Clinic/data=!4m7!3m6!1s0x3bae1462365414f1:0xa19dc000ba09779f!8m2!3d12.9263713!4d77.6377006!16s%2Fg%2F1tl1lx3k!19sChIJ8RRUNmIUrjsRn3cJugDAnaE?authuser=0&hl=en&rclk=1,https://ddcsmiles.in/,Google Maps
Dr.Sathya's Speciality Dental Care & Implant Centre,,+91 99020 99233,"No. 402, 18th Main Rd, beside Devi Eye Hospital",4.6,171,Unknown,https://www.google.com/maps/place/Dr.Sathya%27s+Speciality+Dental+Care+%26+Implant+Centre/data=!4m7!3m6!1s0x3bae1446bcdabb83:0xde50bfa5aba22a2c!8m2!3d12.9410801!4d77.6237539!16s%2Fg%2F1tykstm0!19sChIJg7vavEYUrjsRLCqiq6W_UN4?authuser=0&hl=en&rclk=1,http://www.drsathyasdentalcare.com/,Google Maps
Ridgetop Dental International | Best dentist in Koramangala,,+91 78468 89900,"Second Block, 52, 100 Feet Rd, near Kendriya Sadan",4.8,801,Unknown,https://www.google.com/maps/place/Ridgetop+Dental+International+%7C+Best+dentist+in+Koramangala/data=!4m7!3m6!1s0x3bae145789abe5db:0x8a58a12d84637c67!8m2!3d12.9252482!4d77.619088!16s%2Fg%2F1hhvm3jwz!19sChIJ2-WriVcUrjsRZ3xjhC2hWIo?authuser=0&hl=en&rclk=1,http://www.ridgetopdental.in/,Google Maps
Dezy Dental Clinic - Koramangala - Implant & Aligner Experts,,+91 76187 92440,"1st floor ,No.474, 80 Feet Rd, above Ather showroom",4.9,226,Unknown,https://www.google.com/maps/place/Dezy+Dental+Clinic+-+Koramangala+-+Implant+%26+Aligner+Experts/data=!4m7!3m6!1s0x3bae15fddf6ded0f:0x568b53e8b9b13621!8m2!3d12.9402441!4d77.6249688!16s%2Fg%2F11x2x9nzsq!19sChIJD-1t3_0VrjsRITaxuehTi1Y?authuser=0&hl=en&rclk=1,https://www.dezy.com/clinics/bangalore/best-dental-clinic-bangalore-koramangala-6th-block,Google Maps
"Vibrant Smiles Dental Clinic | Best Dentist for Implants, Aligners, & Root Canal in Koramangala, Bangalore",,+91 63600 91572,"No 3, ATNT Building, 80 Feet Rd",4.9,70,Unknown,"https://www.google.com/maps/place/Vibrant+Smiles+Dental+Clinic+%7C+Best+Dentist+for+Implants,+Aligners,+%26+Root+Canal+in+Koramangala,+Bangalore/data=!4m7!3m6!1s0x3bae151f4efbd2e5:0x37524d7c2fedb4e7!8m2!3d12.9396289!4d77.625905!16s%2Fg%2F11w832b6tc!19sChIJ5dL7Th8VrjsR57TtL3xNUjc?authuser=0&hl=en&rclk=1",http://www.vibrantsmile.in/,Google Maps
Aadhya Dental Care,,+91 98861 20415,"#146, 1st floor",4.9,92,Unknown,https://www.google.com/maps/place/Aadhya+Dental+Care/data=!4m7!3m6!1s0x3bae144487a5485f:0x337ba502e5ceef2e!8m2!3d12.9369897!4d77.6198134!16s%2Fg%2F11b90m6f6j!19sChIJX0ilh0QUrjsRLu_O5QKlezM?authuser=0&hl=en&rclk=1,https://aadhyadentalcare.com/,Google Maps
"Clove Dental Clinic - Koramangala ST, Bangalore",,+91 40 3824 5711,"1st Floor, Shankar Plaza, 80 Feet Rd, above La Pino's Pizza",4.7,606,Unknown,"https://www.google.com/maps/place/Clove+Dental+Clinic+-+Koramangala+ST,+Bangalore/data=!4m7!3m6!1s0x3bae14670916b98b:0x930c0787862a1876!8m2!3d12.932532!4d77.6319172!16s%2Fg%2F11d_ylvvnb!19sChIJi7kWCWcUrjsRdhgqhocHDJM?authuser=0&hl=en&rclk=1",https://clovedental.in/dentist-near-me/bengaluru/koramangala?utm_source=website&utm_medium=gmb&utm_campaign=Koramangala_ST_GMB,Google Maps
Dental De Care | Dr Pramod KM | Invisalign & Orthodontic Centre | Koramangala,,+91 96111 26244,"3rd Block, 167, 8th A Main Rd",4.8,97,Unknown,https://www.google.com/maps/place/Dental+De+Care+%7C+Dr+Pramod+KM+%7C+Invisalign+%26+Orthodontic+Centre+%7C+Koramangala/data=!4m7!3m6!1s0x3bae145e0ca71e85:0x93c63ab87e847483!8m2!3d12.9289153!4d77.6294069!16s%2Fg%2F1tgdgf76!19sChIJhR6nDF4UrjsRg3SEfrg6xpM?authuser=0&hl=en&rclk=1,https://www.dentaldecare.com/,Google Maps
"Partha Dental Clinic - Koramangala, Bangalore| Invisalign Provider | Braces, Root Canal & Dental Implants",,+91 88857 42392,"80 Feet Rd, above Mega IT, beside Namdhari Fresh",4.6,146,Unknown,"https://www.google.com/maps/place/Partha+Dental+Clinic+-+Koramangala,+Bangalore%7C+Invisalign+Provider+%7C+Braces,+Root+Canal+%26+Dental+Implants/data=!4m7!3m6!1s0x3bae15fed48f849b:0xb081aa430636b519!8m2!3d12.9381544!4d77.6260465!16s%2Fg%2F11ryq__czg!19sChIJm4SP1P4VrjsRGbU2BkOqgbA?authuser=0&hl=en&rclk=1",https://parthadental.com/skin-hair-dental-clinic-koramangala/?utm_source=google&utm_medium=gmb&utm_campaign=koramangala,Google Maps
Dr Sheetal Shetty's Dental care | Dentist In Koramangala,,+91 63667 43749,"1st, 542c, 8th Main Rd",5.0,42,Unknown,https://www.google.com/maps/place/Dr+Sheetal+Shetty%27s+Dental+care+%7C+Dentist+In+Koramangala/data=!4m7!3m6!1s0x3bae1500494cd295:0x16b59ccd74c1a1e7!8m2!3d12.9307332!4d77.6293193!16s%2Fg%2F11njd_sxhy!19sChIJldJMSQAVrjsR56HBdM2ctRY?authuser=0&hl=en&rclk=1,https://www.findlocales.com/bangalore/bcontacts/all/details/9029/sky-dental-clinic---dentist-in-koramangala.html,Google Maps
Dochome,,+91 89104 70711,"1st Floor, GM Arcade Jyoti Nivas, No.58, College Road",4.8,59,Unknown,https://www.google.com/maps/place/Dochome/data=!4m7!3m6!1s0x3bae13e3a3c520c5:0x7a37dde238819776!8m2!3d12.9336445!4d77.6156666!16s%2Fg%2F11v6mx82rr!19sChIJxSDFo-MTrjsRdpeBOOLdN3o?authuser=0&hl=en&rclk=1,https://dochomeindia.in/,Google Maps
"Apollo Dental Clinic, Koramangala | Best Dental Clinic in Bengaluru | Root Canals, Aligners, Implants, Crowns",,+91 80500 27075,"51, Jyoti Nivas College Rd",4.7,325,Unknown,"https://www.google.com/maps/place/Apollo+Dental+Clinic,+Koramangala+%7C+Best+Dental+Clinic+in+Bengaluru+%7C+Root+Canals,+Aligners,+Implants,+Crowns/data=!4m7!3m6!1s0x3bae1451d1b9c205:0x5d2a7153de9f5fbd!8m2!3d12.9340819!4d77.6164345!16s%2Fg%2F11b_2q6yg5!19sChIJBcK50VEUrjsRvV-f3lNxKl0?authuser=0&hl=en&rclk=1",https://apollodental.in/?utm_source=GMB&utm_medium=GMBWebsiteButton&utm_campaign=GMBKoramangala,Google Maps
Elite Dental Care Dental Clinic,,+91 94490 51190,"618, 80 Feet Rd, near Maharaja Signal",5.0,47,Unknown,https://www.google.com/maps/place/Elite+Dental+Care+Dental+Clinic/data=!4m7!3m6!1s0x3bae157bde3c3765:0x3c36845d2c8054e9!8m2!3d12.9349931!4d77.6288311!16s%2Fg%2F11w4tjvytr!19sChIJZTc83nsVrjsR6VSALF2ENjw?authuser=0&hl=en&rclk=1,https://elitedentalcare.my.canva.site/,Google Maps
Dantastra Dental Hub,,+91 90191 24389,"216 ,G-FLOOR, 1st Main Rd",4.9,151,Unknown,https://www.google.com/maps/place/Dantastra+Dental+Hub/data=!4m7!3m6!1s0x89f0e84f49e2536f:0x3f59f860da8ba92!8m2!3d12.936894!4d77.6127948!16s%2Fg%2F11sf51gtz2!19sChIJb1PiSU_o8IkRkrqoDYaf9QM?authuser=0&hl=en&rclk=1,https://www.dantastradentalhub.com/,Google Maps
Jas Dental Jakkasandra,,+91 95911 11177,"First Floor, 96, Sarjapur Main Road, near Shell Petrol Bunk",4.9,496,Unknown,https://www.google.com/maps/place/Jas+Dental+Jakkasandra/data=!4m7!3m6!1s0x3bae1462705818ff:0xeb5f197df40bd0aa!8m2!3d12.9247034!4d77.6383959!16s%2Fg%2F11ckw28rz3!19sChIJ_xhYcGIUrjsRqtAL9H0ZX-s?authuser=0&hl=en&rclk=1,https://jasdental.in/,Google Maps
Dentis Zone,,+91 91104 42603,"598, Basement, 17th Main, 5th Cross Rd",5.0,167,Unknown,https://www.google.com/maps/place/Dentis+Zone/data=!4m7!3m6!1s0x3bae144317ee5fe9:0x16cd953dbfcea799!8m2!3d12.9363582!4d77.6271018!16s%2Fg%2F11ddzdbz22!19sChIJ6V_uF0MUrjsRmafOvz2VzRY?authuser=0&hl=en&rclk=1,https://www.dentiszone.com/,Google Maps
Ethicura Dental,,+91 98457 28378,"No.15, 1st Floor, 19th Main Road, 60 Feet Rd",5.0,76,Unknown,https://www.google.com/maps/place/Ethicura+Dental/data=!4m7!3m6!1s0x3bae1584c4f3a10d:0x156856fe9e9c2695!8m2!3d12.9376036!4d77.6191825!16s%2Fg%2F11nhxmr1wj!19sChIJDaHzxIQVrjsRlSacnv5WaBU?authuser=0&hl=en&rclk=1,https://www.ethicuradental.in/,Google Maps
Best Smiles Dental - Advanced Aesthetics and Implant Centre,,+91 90082 84481,"no-1, K.R garden, 80 Feet Rd",5.0,214,Unknown,https://www.google.com/maps/place/Best+Smiles+Dental+-+Advanced+Aesthetics+and+Implant+Centre/data=!4m7!3m6!1s0x3bae151866a35565:0xedf4d8016be0619!8m2!3d12.9440495!4d77.6208108!16s%2Fg%2F11sv7djfvc!19sChIJZVWjZhgVrjsRGQa-FoBN3w4?authuser=0&hl=en&rclk=1,https://bestsmilesdentalkoramangala.com/,Google Maps
Aditi Oro Dental Care-Pediatric Dentist in Koramangala-Pediatric Dental Clinic Koramangala,,+91 87970 31132,"Building No 30, First Floor, 1st Main Rd, above Axis Bank",4.9,78,Unknown,https://www.google.com/maps/place/Aditi+Oro+Dental+Care-Pediatric+Dentist+in+Koramangala-Pediatric+Dental+Clinic+Koramangala/data=!4m7!3m6!1s0x3bae1502d6283d71:0x1daefefcea3eb563!8m2!3d12.9285976!4d77.635888!16s%2Fg%2F11s9vvdcqs!19sChIJcT0o1gIVrjsRY7U-6vz-rh0?authuser=0&hl=en&rclk=1,http://www.aditiorodentalcare.com/,Google Maps
Zen Dental and Health Care,,+91 91089 18009,"#649, Mezzanine floor, Outer Ring Rd",4.9,130,Unknown,https://www.google.com/maps/place/Zen+Dental+and+Health+Care/data=!4m7!3m6!1s0x3bae14430c1915a9:0xe43a0a7d0bf9cdf3!8m2!3d12.9372652!4d77.6267166!16s%2Fg%2F11f03py76g!19sChIJqRUZDEMUrjsR8835C30KOuQ?authuser=0&hl=en&rclk=1,http://zendental.in/,Google Maps
"OrthoSquare Dental Clinic - Jakkasandra Extension, Bengaluru",,+91 8071 820 858,"First Block, 96, Sarjapur - Marathahalli Rd, nearby Shell Petrol Pump",4.9,395,Unknown,"https://www.google.com/maps/place/OrthoSquare+Dental+Clinic+-+Jakkasandra+Extension,+Bengaluru/data=!4m7!3m6!1s0x3bae15474b121fc9:0x673d7c5bc2721f14!8m2!3d12.9248396!4d77.6381852!16s%2Fg%2F11llyjbtff!19sChIJyR8SS0cVrjsRFB9ywlt8PWc?authuser=0&hl=en&rclk=1",https://dental-clinics.orthosquare.com/near-me/bengaluru/jakkasandra-extension/orthosquare-dental-clinic-in-jakkasandra-extension-bengaluru--7AqUA7/home,Google Maps
Smile Dental Orthodontic & Implant Clinic,,+91 99809 23724,"73/A, 17th E Main Rd",5.0,27,Unknown,https://www.google.com/maps/place/Smile+Dental+Orthodontic+%26+Implant+Clinic/data=!4m7!3m6!1s0x3bae1445bc172b99:0x1ed1c9cd5bee7930!8m2!3d12.9363875!4d77.6226641!16s%2Fg%2F12m9gdhsn!19sChIJmSsXvEUUrjsRMHnuW83J0R4?authuser=0&hl=en&rclk=1,https://click4appointment.com/clinic-details/smiledentalorthodonticimplantclinic-2687,Google Maps
Dr.Kishor’s Dentistry - Invisalign Centre,,+91 99948 40000,"1st Floor, No.36, TVS Signal, above Titan World",4.7,78,Unknown,https://www.google.com/maps/place/Dr.Kishor%E2%80%99s+Dentistry+-+Invisalign+Centre/data=!4m7!3m6!1s0x3bae15f0d6ba453b:0x2a1778d0f065b7fd!8m2!3d12.9351308!4d77.6240524!16s%2Fg%2F11yv_9jnc2!19sChIJO0W61vAVrjsR_bdl8NB4Fyo?authuser=0&hl=en&rclk=1,https://kishorsdentistry.com/,Google Maps
Priya dental clinic,,+91 95914 40337,"534/A, 7th Cross Rd",4.4,67,Unknown,https://www.google.com/maps/place/Priya+dental+clinic/data=!4m7!3m6!1s0x3bae145b91fd1641:0x496c15bbc79d66c5!8m2!3d12.930031!4d77.630062!16s%2Fg%2F1hfc61_jx!19sChIJQRb9kVsUrjsRxWadx7sVbEk?authuser=0&hl=en&rclk=1,https://priyadental.com/,Google Maps
Expressions Multi Speciality Dental Clinic | Dr. Rajeev Kumar G - Koramangala,,+91 63640 00643,"1st Floor, 474",4.9,50,Unknown,https://www.google.com/maps/place/Expressions+Multi+Speciality+Dental+Clinic+%7C+Dr.+Rajeev+Kumar+G+-+Koramangala/data=!4m7!3m6!1s0x3bae144effffffeb:0x64b9b701c0999ef!8m2!3d12.9338404!4d77.619591!16s%2Fg%2F1xgrlcvd!19sChIJ6____04UrjsR75kJHHCbSwY?authuser=0&hl=en&rclk=1,https://expressionsdc.in/,Google Maps
Sparkling Smiles Dental Clinic,,+91 78995 61720,"20, 1st Main Rd, opp. Nayara Petrol Pump",4.9,54,Unknown,https://www.google.com/maps/place/Sparkling+Smiles+Dental+Clinic/data=!4m7!3m6!1s0x3bae1580e487bb17:0x20b1e69a3250ee9e!8m2!3d12.9279175!4d77.6370711!16s%2Fg%2F11w3hj8_kg!19sChIJF7uH5IAVrjsRnu5QMprmsSA?authuser=0&hl=en&rclk=1,https://sparklingsmiles.in/treatment.php,Google Maps
RR Dental Hospital,,+91 95000 17242,"murugan temple, Landmark :Opposite to Hotel Ambika Empire, 98, Jawaharlal Nehru Salai, behind vadapalani",4.9,1888,Unknown,https://www.google.com/maps/place/RR+Dental+Hospital/data=!4m7!3m6!1s0x3a5266e71bb212cd:0x6cac6199ab130f6a!8m2!3d13.0550966!4d80.2117063!16s%2Fg%2F1tfqjtgl!19sChIJzRKyG-dmUjoRag8Tq5lhrGw?authuser=0&hl=en&rclk=1,http://www.rrdentalhospital.com/,Google Maps
Malligai Dental Hospital,,+91 80150 22207,"Post Office Building, 107, Lake View Rd",4.9,1419,Unknown,https://www.google.com/maps/place/Malligai+Dental+Hospital/data=!4m7!3m6!1s0x3a5266fc492b0f39:0xee089442a0dbc03a!8m2!3d13.0356256!4d80.2205721!16s%2Fg%2F1hm2ykv8t!19sChIJOQ8rSfxmUjoROsDboEKUCO4?authuser=0&hl=en&rclk=1,https://www.malligaidental.com/,Google Maps
Oasis Dental Care - Dr Deepa Shamej | Multispeciality Dental Clinic and Orthodontic Centre,,+91 72001 53589,"First Floor, No: 3/10, TSD Nagar 1st Main Road, Valluvar Salai, behind SBI",4.9,269,Unknown,https://www.google.com/maps/place/Oasis+Dental+Care+-+Dr+Deepa+Shamej+%7C+Multispeciality+Dental+Clinic+and+Orthodontic+Centre/data=!4m7!3m6!1s0x3a52673fa07fd9f9:0xbb4ab176328d57d1!8m2!3d13.0731966!4d80.2043049!16s%2Fg%2F11n8dm0sjr!19sChIJ-dl_oD9nUjoR0VeNMnaxSrs?authuser=0&hl=en&rclk=1,https://oasisdentalcare.co.in/,Google Maps
"Clove Dental Clinic in Shanthi Colony, Chennai",,+91 40 6926 0044,"4th Ave, opposite to Fab India",4.9,1066,Unknown,"https://www.google.com/maps/place/Clove+Dental+Clinic+in+Shanthi+Colony,+Chennai/data=!4m7!3m6!1s0x3a526420e34ee3a9:0xdfee00bdb8054a99!8m2!3d13.0825132!4d80.2134968!16s%2Fg%2F11g9nl8172!19sChIJqeNO4yBkUjoRmUoFuL0A7t8?authuser=0&hl=en&rclk=1",https://clovedental.in/dentist-near-me/chennai/shanthi-colony?utm_source=website&utm_medium=gmb&utm_campaign=Shanthi_Colony_GMB_Chennai,Google Maps
Dr.Gupta's Dental Specialities Centre,,+91 98841 28209,"A2, Maruthi Apts, 87, Alagappa Rd, adj. to Indian bank, opp. to Lady MCTM School",4.9,1567,Unknown,https://www.google.com/maps/place/Dr.Gupta%27s+Dental+Specialities+Centre/data=!4m7!3m6!1s0x3a5265df88045e25:0x4703ce1f09d8afdd!8m2!3d13.0820221!4d80.2535947!16s%2Fg%2F1tt0pk3q!19sChIJJV4EiN9lUjoR3a_YCR_OA0c?authuser=0&hl=en&rclk=1,http://drguptadentalcare.com/,Google Maps
Supreme Multi Speciality Dental Centre,,+91 95511 18120,"1/5, Kodambakkam, Saidapet Rd",4.7,453,Unknown,https://www.google.com/maps/place/Supreme+Multi+Speciality+Dental+Centre/data=!4m7!3m6!1s0x3a5266e90ea7d323:0x6bd4df877aa94fb5!8m2!3d13.0500269!4d80.2134602!16s%2Fg%2F12hl63539!19sChIJI9OnDulmUjoRtU-peoff1Gs?authuser=0&hl=en&rclk=1,https://www.supremedental.clinic/,Google Maps
Yash Dental - IIT Madras Branch,,+91 90942 77000,"IIT Hospital, 1st Cross Street, IIT, Campus",4.9,503,Unknown,https://www.google.com/maps/place/Yash+Dental+-+IIT+Madras+Branch/data=!4m7!3m6!1s0x3a5267cf71b41579:0x4b4a426586d2c2be!8m2!3d12.9932621!4d80.2317085!16s%2Fg%2F11sytv02ch!19sChIJeRW0cc9nUjoRvsLShmVCSks?authuser=0&hl=en&rclk=1,http://www.yashdental.com/,Google Maps
MM Dental Care,,+91 94440 71251,"No.20A, 3rd Main Rd",4.9,266,Unknown,https://www.google.com/maps/place/MM+Dental+Care/data=!4m7!3m6!1s0x3a5267b5205b4c35:0x39cc01e85fe8c739!8m2!3d13.0345755!4d80.2517597!16s%2Fg%2F11f2wfddl3!19sChIJNUxbILVnUjoROcfoX-gBzDk?authuser=0&hl=en&rclk=1,http://www.24hoursdentist.in/,Google Maps
"Best Dental Clinic - Dr.N.Deenadayalan in Pondy Bazzar , T Nagar Chennai",,+91 91235 35930,"G-4, Sri Devi Apartment, 3, Lakshmikanthan St",4.9,75,Unknown,"https://www.google.com/maps/place/Best+Dental+Clinic+-+Dr.N.Deenadayalan+in+Pondy+Bazzar+,+T+Nagar+Chennai/data=!4m7!3m6!1s0x3a526653e962bfb7:0xfd2622cfb7b83496!8m2!3d13.0400676!4d80.238832!16s%2Fg%2F11f2gslnqd!19sChIJt79i6VNmUjoRljS4t88iJv0?authuser=0&hl=en&rclk=1",https://bestdentalclinicchennai.com/,Google Maps
"Dr.Dilip Dental Centre | TMJ, Migraine, Sleep, Braces, Implant in Chennai",,+91 98845 20520,"GF-3, Ground Floor, vasanth apartments, TF6, near Velammal hall",4.9,1134,Unknown,"https://www.google.com/maps/place/Dr.Dilip+Dental+Centre+%7C+TMJ,+Migraine,+Sleep,+Braces,+Implant+in+Chennai/data=!4m7!3m6!1s0x3a5263df21d80caf:0x695ec84bb6f56151!8m2!3d13.0809417!4d80.1608519!16s%2Fg%2F11b7q1l6l7!19sChIJrwzYId9jUjoRUWH1tkvIXmk?authuser=0&hl=en&rclk=1",https://drdilipdentalcentre.com/,Google Maps
Dr. Shaik's Dental Clinic & Implant Center,,+91 90807 64508,"98, 180, Prakasam Road",5.0,786,Unknown,https://www.google.com/maps/place/Dr.+Shaik%27s+Dental+Clinic+%26+Implant+Center/data=!4m7!3m6!1s0x3a526fb8b929fc25:0x79fbe029db3b84ac!8m2!3d13.0964145!4d80.2865631!16s%2Fg%2F11r9djp720!19sChIJJfwpubhvUjoRrIQ72yng-3k?authuser=0&hl=en&rclk=1,https://drshaiksdentalclinicandimplantce.website3.me/,Google Maps
Acharya Dental,,+91 44 4950 1100,"14/5, Thirumoorthi Nagar 6th St",4.8,1082,Unknown,https://www.google.com/maps/place/Acharya+Dental/data=!4m7!3m6!1s0x3a52664260c81d0f:0x9e6e70cac37f4480!8m2!3d13.0571702!4d80.2462184!16s%2Fg%2F1tg4jtdr!19sChIJDx3IYEJmUjoRgER_w8pwbp4?authuser=0&hl=en&rclk=1,https://www.acharyadental.com/,Google Maps
Blue Dental,,+91 78711 92939,"5, 3rd Ave",4.9,1162,Unknown,https://www.google.com/maps/place/Blue+Dental/data=!4m7!3m6!1s0x3a52642503b72a13:0x2f905ef38f227e08!8m2!3d13.089183!4d80.218447!16s%2Fg%2F11g9j4rc0w!19sChIJEyq3AyVkUjoRCH4ij_NekC8?authuser=0&hl=en&rclk=1,https://bluedental.in/,Google Maps
"Apollo Dental Clinic, Kilpauk | Best Dental Clinic in Chennai | Root Canals, Aligners, Implants, Crowns",,+91 40 6906 3461,"Apollo First Med Hospital, 154, Poonamallee High Rd Near Egmore Railway Station Checkpet, Flyover",4.9,197,Unknown,"https://www.google.com/maps/place/Apollo+Dental+Clinic,+Kilpauk+%7C+Best+Dental+Clinic+in+Chennai+%7C+Root+Canals,+Aligners,+Implants,+Crowns/data=!4m7!3m6!1s0x3a5267d6bf531817:0x6ccc0900885faf63!8m2!3d13.0777085!4d80.2459621!16s%2Fg%2F11p5jv7lr8!19sChIJFxhTv9ZnUjoRY69fiAAJzGw?authuser=0&hl=en&rclk=1",https://apollodental.in/?utm_source=GMB&utm_medium=GMBWebsiteButton&utm_campaign=GMBKilpauk,Google Maps
Rajan Dental,,+91 44 4010 5050,"121/46, Dr Radha Krishnan Salai",4.8,808,Unknown,https://www.google.com/maps/place/Rajan+Dental/data=!4m7!3m6!1s0x3a526629153e1e85:0x55f757673d39e704!8m2!3d13.0437136!4d80.2738952!16s%2Fg%2F1w0p416_!19sChIJhR4-FSlmUjoRBOc5PWdX91U?authuser=0&hl=en&rclk=1,https://rajandental.com/,Google Maps
Pulp Dental Hospital,,+91 91762 10077,"#128 Rosewood Office, Nungambakkam High Rd",4.9,206,Unknown,https://www.google.com/maps/place/Pulp+Dental+Hospital/data=!4m7!3m6!1s0x3a5266416ee8eed9:0x835c3c919906317c!8m2!3d13.0546317!4d80.2499584!16s%2Fg%2F11g6_055xw!19sChIJ2e7obkFmUjoRfDEGmZE8XIM?authuser=0&hl=en&rclk=1,https://pulpdentalhospital.com/?utm_campaign=gmb&utm_medium=organic&utm_source=google,Google Maps
"Partha Dental Clinic -Vadapalani, Chennai | Invisalign Provider | Braces, Root Canal & Dental Implants",,+91 93929 45846,"Bus Stop, Jawaharlal Nehru Salai, beside Vasanta Bhavan, near Thiru Nagar",4.9,307,Unknown,"https://www.google.com/maps/place/Partha+Dental+Clinic+-Vadapalani,+Chennai+%7C+Invisalign+Provider+%7C+Braces,+Root+Canal+%26+Dental+Implants/data=!4m7!3m6!1s0x3a52671c5f18a32f:0x7f414a156c2ffeb1!8m2!3d13.0574864!4d80.2118075!16s%2Fg%2F11ptnjgp4f!19sChIJL6MYXxxnUjoRsf4vbBVKQX8?authuser=0&hl=en&rclk=1",https://parthadental.com/dental-skin-hair-clinic-vadapalani/?utm_source=google&utm_medium=gmb&utm_campaign=vadapalani,Google Maps
