Business Name,Contact Person,Phone Number,Location,Google Rating,Review Count,Profile Claimed?,Google Maps URL,Website URL,Source
Vistaero Furnished Apartments,,+27 116434954,,0.0,0,Unknown,,https://daisy-furnished-basic-apartments.johannesburgbesthotels.com/,OpenStreetMap
Strathavon Bed and Breakfast,,+27114444205,34 Dion Close,0.0,0,Unknown,,https://strathavon-bed-and-breakfast.johannesburgsouthafricahotels.com/,OpenStreetMap
Sandton Executive Suites - Hydro Park,,+27117840777,86 Grayston Drive Sandton,0.0,0,Unknown,,https://sandton-executive-suites-hydro-park-johannesburg.johannesburgcityhotels.com/en/,OpenStreetMap
Breena BnB,,+27 74 198 2097,29 Breena Street,0.0,0,Unknown,,https://www.breenabnb.co.za/,OpenStreetMap
Johannesburg Marriott Hotel Melrose Arch,,+27 10 495 4200,,4.6,1465,Unknown,https://www.google.com/maps/place/Johannesburg+Marriott+Hotel+Melrose+Arch/data=!4m10!3m9!1s0x1e950de078d3d86d:0x39110a7f47b5ec38!5m2!4m1!1i2!8m2!3d-26.1314988!4d28.0672341!16s%2Fg%2F11j4d228c9!19sChIJbdjTeOANlR4ROOy1R38KETk?authuser=0&hl=en&rclk=1,https://www.marriott.com/en-us/hotels/jnbmc-johannesburg-marriott-hotel-melrose-arch/overview/?scid=f2ae0541-1279-4f24-b197-a979c79310b0,Google Maps
"Four Seasons Hotel The Westcliff, Johannesburg",,+27 11 481 6000,,4.6,4554,Unknown,"https://www.google.com/maps/place/Four+Seasons+Hotel+The+Westcliff,+Johannesburg/data=!4m10!3m9!1s0x1e950c6fad42f5ff:0xad5b2a20113e3708!5m2!4m1!1i2!8m2!3d-26.1700269!4d28.0323992!16s%2Fg%2F11s38hkz1v!19sChIJ__VCrW8MlR4RCDc-ESAqW60?authuser=0&hl=en&rclk=1",https://www.fourseasons.com/johannesburg/?utm_source=google&utm_medium=organicsearch&utm_campaign=tor-jbg-hre-mid-seo-na&utm_content=na-na&utm_term=na,Google Maps
Holiday Inn Johannesburg - Rosebank by IHG,,+27 11 218 6000,,4.4,1499,Unknown,https://www.google.com/maps/place/Holiday+Inn+Johannesburg+-+Rosebank+by+IHG/data=!4m10!3m9!1s0x1e950cf2bd9ce9eb:0x31e29317139327cc!5m2!4m1!1i2!8m2!3d-26.1444059!4d28.0435516!16s%2Fg%2F1tkzjt5_!19sChIJ6-mcvfIMlR4RzCeTExeT4jE?authuser=0&hl=en&rclk=1,https://www.ihg.com/holidayinn/hotels/gb/en/johannesburg/jnbhi/hoteldetail?cm_mmc=GoogleMaps-_-HI-_-ZA-_-JNBHI,Google Maps
"The Houghton Hotel, An SLH Hotel",,+27 11 032 5500,,4.6,3728,Unknown,"https://www.google.com/maps/place/The+Houghton+Hotel,+An+SLH+Hotel/data=!4m10!3m9!1s0x1e950db6e7686899:0xcc06a54a28e7b6b8!5m2!4m1!1i2!8m2!3d-26.1667762!4d28.074236!16s%2Fg%2F11b7ll_bf8!19sChIJmWho57YNlR4RuLbnKEqlBsw?authuser=0&hl=en&rclk=1",http://thehoughtonhotel.com/,Google Maps
Gold Reef City Hotel,,+27 11 248 5152,,4.4,568,Unknown,https://www.google.com/maps/place/Gold+Reef+City+Hotel/data=!4m10!3m9!1s0x1e95092df83ff873:0x68ffdb3252129c8a!5m2!4m1!1i2!8m2!3d-26.2387282!4d28.0127827!16s%2Fg%2F11by_xwqjs!19sChIJc_g_-C0JlR4RipwSUjLb_2g?authuser=0&hl=en&rclk=1,https://www.tsogosun.com/hotel/gold-reef-city-hotel/,Google Maps
Hyatt House Johannesburg Rosebank,,+27 10 476 1234,,4.4,472,Unknown,https://www.google.com/maps/place/Hyatt+House+Johannesburg+Rosebank/data=!4m10!3m9!1s0x1e950d495bc73945:0x92dfc08ebf1ccf86!5m2!4m1!1i2!8m2!3d-26.1432801!4d28.0454573!16s%2Fg%2F11pv7_s34n!19sChIJRTnHW0kNlR4Rhs8cv47A35I?authuser=0&hl=en&rclk=1,https://www.hyatt.com/hyatt-house/en-US/johxr-hyatt-house-johannesburg-rosebank?src=corp_lclb_google_seo_johxr&utm_source=google&utm_medium=organic&utm_campaign=lmr,Google Maps
Businessburg Hotel,,+27 63 457 4961,Modest hotel near the fashion district,3.6,464,Unknown,https://www.google.com/maps/place/Businessburg+Hotel/data=!4m10!3m9!1s0x1e950e9e63a60a7d:0xd358269a2c1d82d3!5m2!4m1!1i2!8m2!3d-26.2004389!4d28.0469624!16s%2Fg%2F11cn5q9f4_!19sChIJfQqmY54OlR4R04IdLJomWNM?authuser=0&hl=en&rclk=1,https://businessburghotel.co.za/,Google Maps
The Parktonian All - Suite Hotel,,+27 11 403 5740,,4.3,2645,Unknown,https://www.google.com/maps/place/The+Parktonian+All+-+Suite+Hotel/data=!4m10!3m9!1s0x1e950c18d898c961:0xb06d8070b2be9687!5m2!4m1!1i2!8m2!3d-26.1934705!4d28.0393276!16s%2Fg%2F1tg9vzwd!19sChIJYcmY2BgMlR4Rh5a-snCAbbA?authuser=0&hl=en&rclk=1,http://www.parktonian.co.za/,Google Maps
Radisson RED Johannesburg Rosebank,,+27 10 023 3580,,4.7,3448,Unknown,https://www.google.com/maps/place/Radisson+RED+Johannesburg+Rosebank/data=!4m10!3m9!1s0x1e950dfd873c0383:0x3e1891531bc03820!5m2!4m1!1i2!8m2!3d-26.1417628!4d28.0428136!16s%2Fg%2F11rft27z3h!19sChIJgwM8h_0NlR4RIDjAG1ORGD4?authuser=0&hl=en&rclk=1,https://www.radissonhotels.com/en-us/hotels/radisson-red-johannesburg-rosebank?cid=a:se+b:gmb+c:emea+i:local+e:rdr+d:mea+h:ZAJNBROS,Google Maps
The Parkwood,,+27 11 880 1748,,4.8,127,Unknown,https://www.google.com/maps/place/The+Parkwood/data=!4m10!3m9!1s0x1e950cf50538ffff:0x10a059849f1ed325!5m2!4m1!1i2!8m2!3d-26.1530406!4d28.0442863!16s%2Fg%2F11s9097zty!19sChIJ__84BfUMlR4RJdMen4RZoBA?authuser=0&hl=en&rclk=1,http://theparkwood.com/,Google Maps
Hyde Johannesburg Rosebank,,+27 10 023 2600,,4.8,375,Unknown,https://www.google.com/maps/place/Hyde+Johannesburg+Rosebank/data=!4m10!3m9!1s0x1e950d66d20900dd:0xe816df03ce5011ed!5m2!4m1!1i2!8m2!3d-26.1453262!4d28.0423534!16s%2Fg%2F11kkcbqsgt!19sChIJ3QAJ0mYNlR4R7RFQzgPfFug?authuser=0&hl=en&rclk=1,https://hydehotels.com/home/johannesburg/,Google Maps
Southern Sun Rosebank,,+27 11 448 3600,,4.3,2379,Unknown,https://www.google.com/maps/place/Southern+Sun+Rosebank/data=!4m10!3m9!1s0x1e950dc5d221433f:0x917ccfa978c48df4!5m2!4m1!1i2!8m2!3d-26.1446149!4d28.0388066!16s%2Fg%2F11j2fnb472!19sChIJP0Mh0sUNlR4R9I3EeKnPfJE?authuser=0&hl=en&rclk=1,https://www.southernsun.com/southern-sun-rosebank?utm_source=google&utm_medium=businesslisting&utm_campaign=hotel_southern-sun-rosebank,Google Maps
The Catalyst,,+27 10 110 1100,,4.4,902,Unknown,https://www.google.com/maps/place/The+Catalyst/data=!4m10!3m9!1s0x1e950d98eff4e2f9:0x53ab897e917dfaa3!5m2!4m1!1i2!8m2!3d-26.1094738!4d28.0637738!16s%2Fg%2F11lkz5f2jt!19sChIJ-eL075gNlR4Ro_p9kX6Jq1M?authuser=0&hl=en&rclk=1,https://newmarkhotels.com/places/residences/the-catalyst/,Google Maps
"African Pride Melrose Arch, Autograph Collection®",,+27 11 214 6666,,4.6,1391,Unknown,"https://www.google.com/maps/place/African+Pride+Melrose+Arch,+Autograph+Collection%C2%AE/data=!4m10!3m9!1s0x1e950cf3a6b4afe7:0x59e3b2fef67bda5c!5m2!4m1!1i2!8m2!3d-26.1336131!4d28.0676215!16s%2Fg%2F1tdg0992!19sChIJ56-0pvMMlR4RXNp79v6y41k?authuser=0&hl=en&rclk=1",https://www.marriott.com/en-us/hotels/jnbma-african-pride-melrose-arch-autograph-collection/overview/?scid=f2ae0541-1279-4f24-b197-a979c79310b0,Google Maps
Garden Court Milpark,,+27 10 219 1000,,4.2,1998,Unknown,https://www.google.com/maps/place/Garden+Court+Milpark/data=!4m10!3m9!1s0x1e950c0ae89b6e33:0xe04b3ce4a457019f!5m2!4m1!1i2!8m2!3d-26.1834101!4d28.0192328!16s%2Fg%2F1tl5_g3d!19sChIJM26b6AoMlR4RnwFXpOQ8S-A?authuser=0&hl=en&rclk=1,https://www.southernsun.com/garden-court-milpark?utm_source=google&utm_medium=businesslisting&utm_campaign=hotel_garden-court-milpark,Google Maps
Legacy Guest Lodge,,+27 11 718 3061,,3.9,406,Unknown,https://www.google.com/maps/place/Legacy+Guest+Lodge/data=!4m10!3m9!1s0x1e950c2d8d052e2f:0x2e1a18ede267e9ed!5m2!4m1!1i2!8m2!3d-26.1846377!4d28.0611208!16s%2Fg%2F11b73kkdtb!19sChIJLy4FjS0MlR4R7eln4u0YGi4?authuser=0&hl=en&rclk=1,https://legacy-guest-lodge.johannesburgsouthafricahotels.com/en/,Google Maps
Inn & Out Sandton Park,,+27 11 786 8636,,3.5,219,No,https://www.google.com/maps/place/Inn+%26+Out+Sandton+Park/data=!4m10!3m9!1s0x1e950d3bb547d861:0xd49525fc441ac36d!5m2!4m1!1i2!8m2!3d-26.1169607!4d28.0812194!16s%2Fg%2F1pzsbx9qf!19sChIJYdhHtTsNlR4RbcMaRPwlldQ?authuser=0&hl=en&rclk=1,https://www.innandout-sandtonpark.co.za/,Google Maps
Ecomotel Park Station,,+27 11 720 2111,,3.7,675,Unknown,https://www.google.com/maps/place/Ecomotel+Park+Station/data=!4m10!3m9!1s0x1e950c18479e9195:0xbc39e68de146fb2d!5m2!4m1!1i2!8m2!3d-26.1960781!4d28.0414237!16s%2Fg%2F1tdhh980!19sChIJlZGeRxgMlR4RLftG4Y3mObw?authuser=0&hl=en&rclk=1,https://ecomotel.co.za/parkstation/,Google Maps
Reef Hotel,,+27 11 689 1000,,4.1,2232,Unknown,https://www.google.com/maps/place/Reef+Hotel/data=!4m10!3m9!1s0x1e950ea29718efe3:0x97741e77cd312421!5m2!4m1!1i2!8m2!3d-26.2083206!4d28.0412044!16s%2Fg%2F1thlkgpg!19sChIJ4-8Yl6IOlR4RISQxzXcedJc?authuser=0&hl=en&rclk=1,https://www.reefhotel.co.za/,Google Maps
Rosebank Lodge Guest House by Claire's,,+27 11 880 1747,,4.7,122,Unknown,https://www.google.com/maps/place/Rosebank+Lodge+Guest+House+by+Claire%27s/data=!4m10!3m9!1s0x1e950cf4f17ccfc9:0xbc2ef419a529a5e7!5m2!4m1!1i2!8m2!3d-26.1515642!4d28.0445009!16s%2Fg%2F1tf90w9t!19sChIJyc988fQMlR4R56UppRn0Lrw?authuser=0&hl=en&rclk=1,http://www.rosebanklodge.co.za/,Google Maps
Rosebank Backpackers Johannesburg and Hostel South Africa,,+27 11 023 8747,,2.7,129,Unknown,https://www.google.com/maps/place/Rosebank+Backpackers+Johannesburg+and+Hostel+South+Africa/data=!4m10!3m9!1s0x1e950c91431906e9:0x28a9d29a8a4a0bdf!5m2!4m1!1i2!8m2!3d-26.141863!4d28.0352999!16s%2Fg%2F11gb3tt0y3!19sChIJ6QYZQ5EMlR4R3wtKiprSqSg?authuser=0&hl=en&rclk=1,http://www.rosebanklodgeandbackpacker.co.za/,Google Maps
Ascot Hotel,,+27 11 568 0229,,4.1,403,Unknown,https://www.google.com/maps/place/Ascot+Hotel/data=!4m10!3m9!1s0x1e950dafe5e87545:0x9fe46552a134814!5m2!4m1!1i2!8m2!3d-26.1588771!4d28.0760201!16s%2Fg%2F1tkhfdjm!19sChIJRXXo5a8NlR4RFEgTKlVG_gk?authuser=0&hl=en&rclk=1,http://www.ascothotel.co.za/,Google Maps
HAYAT HOTEL,,+27 10 206 9091,,4.4,30,Unknown,https://www.google.com/maps/place/HAYAT+HOTEL/data=!4m10!3m9!1s0x1e950d4addfeb4d9:0x4153308ff4224cff!5m2!4m1!1i2!8m2!3d-26.1945175!4d28.0368617!16s%2Fg%2F11md2t30f_!19sChIJ2bT-3UoNlR4R_0wi9I8wU0E?authuser=0&hl=en&rclk=1,https://hayat.johannesburgcityhotels.com/en/,Google Maps
MINT Express Sandton View & Residences,,+27 68 563 1581,,4.0,577,Unknown,https://www.google.com/maps/place/MINT+Express+Sandton+View+%26+Residences/data=!4m10!3m9!1s0x1e950de9bbd1d207:0xd29937a2fdabae91!5m2!4m1!1i2!8m2!3d-26.1162541!4d28.0827561!16s%2Fg%2F11qp2ytsyf!19sChIJB9LRu-kNlR4Rka6r_aI3mdI?authuser=0&hl=en&rclk=1,http://www.minthotels.co.za/sandton-view,Google Maps
The Bannister Hotel,,+27 11 403 6888,,4.0,1726,Unknown,https://www.google.com/maps/place/The+Bannister+Hotel/data=!4m10!3m9!1s0x1e950c1b94c1d37b:0x882a83e15187d828!5m2!4m1!1i2!8m2!3d-26.1940358!4d28.0346007!16s%2Fg%2F1pzr6wrpf!19sChIJe9PBlBsMlR4RKNiHUeGDKog?authuser=0&hl=en&rclk=1,http://www.bannisterhotel.co.za/,Google Maps
Central Lodge Hotels,,+27 11 718 3061,,3.7,209,Unknown,https://www.google.com/maps/place/Central+Lodge+Hotels/data=!4m10!3m9!1s0x1e950dcb18edd249:0x4062fd467e142bb7!5m2!4m1!1i2!8m2!3d-26.1751647!4d28.0670418!16s%2Fg%2F11fqssnwh2!19sChIJSdLtGMsNlR4RtysUfkb9YkA?authuser=0&hl=en&rclk=1,https://centrallodges.hotels-johannesburg.com/en/,Google Maps
"Royal Majestic Hotel, Rosebank Johannesburg",,+27 10 019 0000,,4.4,62,Unknown,"https://www.google.com/maps/place/Royal+Majestic+Hotel,+Rosebank+Johannesburg/data=!4m10!3m9!1s0x1e950d83e5e49ac3:0xd14a676520d2bd57!5m2!4m1!1i2!8m2!3d-26.1436528!4d28.043309!16s%2Fg%2F11ykwbzhv_!19sChIJw5rk5YMNlR4RV73SIGVnStE?authuser=0&hl=en&rclk=1",https://www.royalmajestichotel.co.za/,Google Maps
Inn & Out Plus Rosebank,,+27 66 362 2326,,3.5,55,Unknown,https://www.google.com/maps/place/Inn+%26+Out+Plus+Rosebank/data=!4m10!3m9!1s0x1e950ddec9c66859:0x51cbf113bb668d10!5m2!4m1!1i2!8m2!3d-26.1462347!4d28.0372339!16s%2Fg%2F11vpkyr19_!19sChIJWWjGyd4NlR4REI1muxPxy1E?authuser=0&hl=en&rclk=1,https://www.innandoutplus.co.za/,Google Maps
Valley View Lodge,,+27 11 624 0477,,4.1,1301,Unknown,https://www.google.com/maps/place/Valley+View+Lodge/data=!4m10!3m9!1s0x1e950dd717f3400d:0x327e2bfa36c24c36!5m2!4m1!1i2!8m2!3d-26.1877642!4d28.074925!16s%2Fg%2F1pzt4vsh5!19sChIJDUDzF9cNlR4RNkzCNvorfjI?authuser=0&hl=en&rclk=1,https://valleyviewlodgegp.co.za/,Google Maps
St Andrews Hotel and Spa,,+27 11 453 4242,,4.1,787,Unknown,https://www.google.com/maps/place/St+Andrews+Hotel+and+Spa/data=!4m10!3m9!1s0x1e9512115bfc6239:0xa22324a06040831!5m2!4m1!1i2!8m2!3d-26.16477!4d28.12876!16s%2Fg%2F1tkhfdk6!19sChIJOWL8WxESlR4RMQgEBkoyIgo?authuser=0&hl=en&rclk=1,https://st-andrewshotel.co.za/,Google Maps
Yeoville Hotel,,+27 73 981 3947,,4.0,482,Unknown,https://www.google.com/maps/place/Yeoville+Hotel/data=!4m10!3m9!1s0x1e950dcc8c883ff1:0x550f82ec1a39edee!5m2!4m1!1i2!8m2!3d-26.1781091!4d28.0679521!16s%2Fg%2F11fx8blscr!19sChIJ8T-IjMwNlR4R7u05GuyCD1U?authuser=0&hl=en&rclk=1,https://yeovillehotel.co.za/,Google Maps
Courtyard Hotel Rosebank,,+27 11 880 2989,,4.3,578,Unknown,https://www.google.com/maps/place/Courtyard+Hotel+Rosebank/data=!4m10!3m9!1s0x1e950cf2b9539419:0x444fe6cd98179890!5m2!4m1!1i2!8m2!3d-26.1442947!4d28.044352!16s%2Fg%2F1tnmc0p0!19sChIJGZRTufIMlR4RkJgXmM3mT0Q?authuser=0&hl=en&rclk=1,https://citylodgehotels.com/our-hotels/courtyard-hotel-rosebank,Google Maps
Royal Crown Guesthouse,,+27 74 227 1000,,3.7,219,Unknown,https://www.google.com/maps/place/Royal+Crown+Guesthouse/data=!4m10!3m9!1s0x1e950c32766bfe73:0x5df03b9cab74a506!5m2!4m1!1i2!8m2!3d-26.18394!4d28.06149!16s%2Fg%2F11hb37_kvg!19sChIJc_5rdjIMlR4RBqV0q5w78F0?authuser=0&hl=en&rclk=1,https://guesthouseroyalcrownjohannesburg.ohotel.net.za/,Google Maps
Lilian Lofts Hotel & Spa,,+27 10 109 7788,,4.4,273,Unknown,https://www.google.com/maps/place/Lilian+Lofts+Hotel+%26+Spa/data=!4m10!3m9!1s0x1e950f8649638a4d:0xb95668a07c5a30d3!5m2!4m1!1i2!8m2!3d-26.204826!4d28.023075!16s%2Fg%2F11mw0vwb9j!19sChIJTYpjSYYPlR4R0zBafKBoVrk?authuser=0&hl=en&rclk=1,http://www.lilianlofts.com/,Google Maps
Home Suite Hotels Rosebank,,+27 66 370 8226,,4.8,468,Unknown,https://www.google.com/maps/place/Home+Suite+Hotels+Rosebank/data=!4m10!3m9!1s0x1e950c8a8bd5b4c7:0xdefe372ab970f58c!5m2!4m1!1i2!8m2!3d-26.1536851!4d28.0453925!16s%2Fg%2F11fjwzr07_!19sChIJx7TVi4oMlR4RjPVwuSo3_t4?authuser=0&hl=en&rclk=1,http://www.homesuitehotels.com/,Google Maps
The Residence hotel,,+27 11 853 2480,,4.7,542,Unknown,https://www.google.com/maps/place/The+Residence+hotel/data=!4m10!3m9!1s0x1e950c4e7690ffff:0x3d1e382815b82bf7!5m2!4m1!1i2!8m2!3d-26.1647444!4d28.0592962!16s%2Fg%2F11t6r72nyz!19sChIJ__-Qdk4MlR4R9yu4FSg4Hj0?authuser=0&hl=en&rclk=1,http://residencecollection.co.za/,Google Maps
Mercure Johannesburg Bedfordview Hotel,,+27 11 622 1556,,3.9,1691,Unknown,https://www.google.com/maps/place/Mercure+Johannesburg+Bedfordview+Hotel/data=!4m10!3m9!1s0x1e951203d1f10ea9:0xa6fcc46e68250b7b!5m2!4m1!1i2!8m2!3d-26.1797672!4d28.1194358!16s%2Fg%2F1tj5t9k_!19sChIJqQ7x0QMSlR4RewslaG7E_KY?authuser=0&hl=en&rclk=1,https://all.accor.com/lien_externe.svlt?goto=fiche_hotel&code_hotel=2919&merchantid=seo-maps-ZA-2919&sourceid=aw-cen&utm_medium=seo%20maps&utm_source=google%20Maps&utm_campaign=seo%20maps,Google Maps
G&G Guesthouse,,+27 74 259 0664,,3.6,380,Unknown,https://www.google.com/maps/place/G%26G+Guesthouse/data=!4m10!3m9!1s0x1e950c2add6d9c67:0x69234495a6f5c17a!5m2!4m1!1i2!8m2!3d-26.1921751!4d28.0640688!16s%2Fg%2F11bw4s0hs4!19sChIJZ5xt3SoMlR4ResH1ppVEI2k?authuser=0&hl=en&rclk=1,https://www.ggguesthouse.co.za/,Google Maps
Houghton Guest House,,+27 11 483 0311,,3.7,80,Unknown,https://www.google.com/maps/place/Houghton+Guest+House/data=!4m10!3m9!1s0x1e950d39ba175e35:0xcaf5eee461c16390!5m2!4m1!1i2!8m2!3d-26.1601007!4d28.0751012!16s%2Fg%2F1tf04rn7!19sChIJNV4XujkNlR4RkGPBYeTu9co?authuser=0&hl=en&rclk=1,https://houghtonguesthouse.co.za/,Google Maps
City Lodge Hotel Eastgate,,+27 11 622 8436,,4.4,419,Unknown,https://www.google.com/maps/place/City+Lodge+Hotel+Eastgate/data=!4m10!3m9!1s0x1e950dfc080efb09:0x63af91f2ebf48e8e!5m2!4m1!1i2!8m2!3d-26.1804164!4d28.1058095!16s%2Fg%2F1v_x6vbv!19sChIJCfsOCPwNlR4Rjo706_KRr2M?authuser=0&hl=en&rclk=1,https://citylodgehotels.com/our-hotels/city-lodge-hotel-eastgate,Google Maps
Ten Bompas Hotel - Space Conference Centre - Winehouse Restaurant,,+27 11 325 2442,,4.5,546,Unknown,https://www.google.com/maps/place/Ten+Bompas+Hotel+-+Space+Conference+Centre+-+Winehouse+Restaurant/data=!4m10!3m9!1s0x1e950cbc8ee90075:0x74a643cc070de675!5m2!4m1!1i2!8m2!3d-26.1312706!4d28.0328283!16s%2Fg%2F1tgfsq26!19sChIJdQDpjrwMlR4RdeYNB8xDpnQ?authuser=0&hl=en&rclk=1,https://tenbompas.com/,Google Maps
One Rosebank Executive Apartment Hotel,,+27 60 695 8632,,3.7,18,Unknown,https://www.google.com/maps/place/One+Rosebank+Executive+Apartment+Hotel/data=!4m10!3m9!1s0x1e950d37c1205471:0x776649139aa73740!5m2!4m1!1i2!8m2!3d-26.1413705!4d28.0411522!16s%2Fg%2F11whlh_lvk!19sChIJcVQgwTcNlR4RQDenmhNJZnc?authuser=0&hl=en&rclk=1,https://eahg.co.za/,Google Maps
MINT Hotel 84 on Katherine & Residences,,+27 79 038 9597,,4.4,1175,Unknown,https://www.google.com/maps/place/MINT+Hotel+84+on+Katherine+%26+Residences/data=!4m10!3m9!1s0x1e950cd4b5c8237b:0x6881a081c712edaf!5m2!4m1!1i2!8m2!3d-26.1084566!4d28.0609792!16s%2Fg%2F11hflx56yk!19sChIJeyPItdQMlR4Rr-0Sx4GggWg?authuser=0&hl=en&rclk=1,http://www.minthotels.co.za/84katherine,Google Maps
De Bliss Lodge,,+27 63 224 5828,,3.6,39,Unknown,https://www.google.com/maps/place/De+Bliss+Lodge/data=!4m10!3m9!1s0x1e950fbb1692bec3:0x1433934b7f1a59b4!5m2!4m1!1i2!8m2!3d-26.2019762!4d28.0341692!16s%2Fg%2F11vwdp8n1n!19sChIJw76SFrsPlR4RtFkaf0uTMxQ?authuser=0&hl=en&rclk=1,https://de-bliss-lodge.johannesburgcityhotels.com/en/,Google Maps
Mapungubwe Apartments,,+27 61 566 6035,,4.2,1195,Unknown,https://www.google.com/maps/place/Mapungubwe+Apartments/data=!4m10!3m9!1s0x1e950f427729822b:0xb24c2b0d246714b7!5m2!4m1!1i2!8m2!3d-26.2082317!4d28.0369685!16s%2Fg%2F11p687r5x5!19sChIJK4Ipd0IPlR4RtxRnJA0rTLI?authuser=0&hl=en&rclk=1,http://mapungubweapartments.com/?utm_source=gmb&utm_medium=referral,Google Maps
Saint Lucia Guest House,,+27 64 018 6650,,4.5,4,Unknown,https://www.google.com/maps/place/Saint+Lucia+Guest+House/data=!4m10!3m9!1s0x1e950ff790559c81:0x7fd79b9480320068!5m2!4m1!1i2!8m2!3d-26.243039!4d28.0448523!16s%2Fg%2F11yfsdystg!19sChIJgZxVkPcPlR4RaAAygJSb138?authuser=0&hl=en&rclk=1,https://house-saint-lucia.johannesburgsouthafricahotels.com/,Google Maps
Palm Continental Hotel,,+27 81 066 3334,,4.0,1535,Unknown,https://www.google.com/maps/place/Palm+Continental+Hotel/data=!4m10!3m9!1s0x1e950956e85df71b:0xdf9db0327fc32b3c!5m2!4m1!1i2!8m2!3d-26.2149631!4d28.009337!16s%2Fg%2F11cmd0yw0f!19sChIJG_dd6FYJlR4RPCvDfzKwnd8?authuser=0&hl=en&rclk=1,http://www.palmcontinentalhotel.co.za/,Google Maps
"La Casa Blanca - Emmarentia, Johannesburg",,+27 82 335 2818,,4.4,54,Unknown,"https://www.google.com/maps/place/La+Casa+Blanca+-+Emmarentia,+Johannesburg/data=!4m10!3m9!1s0x1e950b71751e379d:0x1fc2dece651f536e!5m2!4m1!1i2!8m2!3d-26.1713012!4d28.0128014!16s%2Fg%2F11lf6jxx6d!19sChIJnTcedXELlR4RblMfZc7ewh8?authuser=0&hl=en&rclk=1",https://book.nightsbridge.com/37521,Google Maps
Protea Hotel Fire & Ice! Johannesburg Melrose Arch,,+27 11 218 4000,,4.4,3203,Unknown,https://www.google.com/maps/place/Protea+Hotel+Fire+%26+Ice!+Johannesburg+Melrose+Arch/data=!4m10!3m9!1s0x1e950d1e4e7bcef9:0x92fb6b5227d44d0a!5m2!4m1!1i2!8m2!3d-26.1318729!4d28.0673485!16s%2Fg%2F12m935t74!19sChIJ-c57Th4NlR4RCk3UJ1Jr-5I?authuser=0&hl=en&rclk=1,https://www.marriott.com/en-us/hotels/jnbmr-protea-hotel-fire-and-ice-johannesburg-melrose-arch/overview/?scid=f2ae0541-1279-4f24-b197-a979c79310b0,Google Maps
Mira Lodge - Home Away,,+27 64 531 2742,,4.8,8,No,https://www.google.com/maps/place/Mira+Lodge+-+Home+Away/data=!4m10!3m9!1s0x1e950f1b9587abe1:0xeb7307804038e9b5!5m2!4m1!1i2!8m2!3d-26.2474537!4d28.0495401!16s%2Fg%2F11n8l4x49w!19sChIJ4auHlRsPlR4Rtek4QIAHc-s?authuser=0&hl=en&rclk=1,http://miralodge.co.za/,Google Maps
MIRATON LODGE HOTEL,,+27 82 667 2020,,4.0,289,Unknown,https://www.google.com/maps/place/MIRATON+LODGE+HOTEL/data=!4m10!3m9!1s0x1e950dd2def69723:0xb0a79a35cdc9667f!5m2!4m1!1i2!8m2!3d-26.1852991!4d28.0665921!16s%2Fg%2F11c3k6dqtb!19sChIJI5f23tINlR4Rf2bJzTWap7A?authuser=0&hl=en&rclk=1,https://miraton-guest-lodge.johannesburg-hotels-za.com/en/,Google Maps
La Orchard hotel,,+27 78 724 7610,,4.1,367,Unknown,https://www.google.com/maps/place/La+Orchard+hotel/data=!4m10!3m9!1s0x1e950da4a2dc0e79:0x47df42f096b9c5a7!5m2!4m1!1i2!8m2!3d-26.1567732!4d28.0823482!16s%2Fg%2F11hdsyllkm!19sChIJeQ7coqQNlR4Rp8W5lvBC30c?authuser=0&hl=en&rclk=1,http://www.laorchard.co.za/,Google Maps
Ecomotel Louis Botha,,+27 60 314 9266,,4.5,51,Unknown,https://www.google.com/maps/place/Ecomotel+Louis+Botha/data=!4m10!3m9!1s0x1e950d91ddb219cd:0x797a356a30c8f0ca!5m2!4m1!1i2!8m2!3d-26.1460435!4d28.0870223!16s%2Fg%2F11k3d2ngvx!19sChIJzRmy3ZENlR4RyvDIMGo1enk?authuser=0&hl=en&rclk=1,https://ecomotel.co.za/louis-botha/,Google Maps
MINT Hotel Rosebank,,+27 10 501 0051,,4.2,437,Unknown,https://www.google.com/maps/place/MINT+Hotel+Rosebank/data=!4m10!3m9!1s0x1e950c93ca86c699:0x2cc55af02b065789!5m2!4m1!1i2!8m2!3d-26.1424033!4d28.0374151!16s%2Fg%2F11c6tyr0yv!19sChIJmcaGypMMlR4RiVcGK_BaxSw?authuser=0&hl=en&rclk=1,https://www.minthotels.co.za/stay/mint-hotel-rosebank,Google Maps
Ararat Haven,,+27 73 635 5777,,4.8,18,Unknown,https://www.google.com/maps/place/Ararat+Haven/data=!4m10!3m9!1s0x1e950b693363d74d:0xc80d27b7fdb574da!5m2!4m1!1i2!8m2!3d-26.1818483!4d27.9902556!16s%2Fg%2F11mdpg3s9w!19sChIJTddjM2kLlR4R2nS1_bcnDcg?authuser=0&hl=en&rclk=1,http://carestembnb.com/,Google Maps
MINT Express Melrose View & Residences,,+27 10 025 2418,,4.2,454,Unknown,https://www.google.com/maps/place/MINT+Express+Melrose+View+%26+Residences/data=!4m10!3m9!1s0x1e950dac766f0149:0xc3728d9eae09d187!5m2!4m1!1i2!8m2!3d-26.1275952!4d28.0740831!16s%2Fg%2F11rb4rr5sq!19sChIJSQFvdqwNlR4Rh9EJrp6NcsM?authuser=0&hl=en&rclk=1,http://www.minthotels.co.za/melrose-view,Google Maps
ANGEL GUEST HOUSE SA,,+27 11 615 0408,,4.1,130,Unknown,https://www.google.com/maps/place/ANGEL+GUEST+HOUSE+SA/data=!4m10!3m9!1s0x1e950f1aae34bd0f:0x870905b8edcdf383!5m2!4m1!1i2!8m2!3d-26.1888035!4d28.0928984!16s%2Fg%2F11f7qz_fbx!19sChIJD700rhoPlR4Rg_PN7bgFCYc?authuser=0&hl=en&rclk=1,https://angelguesthousesa.co.za/,Google Maps
StayEasy Eastgate,,+27 11 622 0060,,4.0,861,Unknown,https://www.google.com/maps/place/StayEasy+Eastgate/data=!4m10!3m9!1s0x1e950dff6ab69ac5:0x486cfd5a5ec87f6c!5m2!4m1!1i2!8m2!3d-26.1805083!4d28.1108434!16s%2Fg%2F1tcwbsc3!19sChIJxZq2av8NlR4RbH_IXlr9bEg?authuser=0&hl=en&rclk=1,https://www.southernsun.com/stayeasy-eastgate?utm_source=google&utm_medium=businesslisting&utm_campaign=hotel_stayeasy-eastgate,Google Maps
The Franklin,,+27 83 445 2992,,4.2,24,No,https://www.google.com/maps/place/The+Franklin/data=!4m10!3m9!1s0x1e950ea138274959:0xd94b417f8dce4680!5m2!4m1!1i2!8m2!3d-26.20402!4d28.03691!16s%2Fg%2F1thzxzqt!19sChIJWUknOKEOlR4RgEbOjX9BS9k?authuser=0&hl=en&rclk=1,http://thefranklin.co.za/,Google Maps
The Monarch Hotel,,+27 10 025 8838,,4.6,192,Unknown,https://www.google.com/maps/place/The+Monarch+Hotel/data=!4m10!3m9!1s0x1e950cf2e6a68d05:0xe727e704f47a0395!5m2!4m1!1i2!8m2!3d-26.1468088!4d28.0438456!16s%2Fg%2F1td0kdcg!19sChIJBY2m5vIMlR4RlQN69ATnJ-c?authuser=0&hl=en&rclk=1,http://www.themonarchhotel.co.za/,Google Maps
Gold Crown Self-catering Apartment,,+27 78 650 2768,,5.0,3,Unknown,https://www.google.com/maps/place/Gold+Crown+Self-catering+Apartment/data=!4m10!3m9!1s0x1e950f6b868609f1:0x23e133d641db7695!5m2!4m1!1i2!8m2!3d-26.2383293!4d28.06425!16s%2Fg%2F11yd6r1dp6!19sChIJ8QmGhmsPlR4RlXbbQdYz4SM?authuser=0&hl=en&rclk=1,https://www.goldcrowninternationalhotel.co.za/,Google Maps
New Felling Guest House,,+27 74 993 5572,,3.8,25,Unknown,https://www.google.com/maps/place/New+Felling+Guest+House/data=!4m10!3m9!1s0x1e950d540dfc92f5:0x968a43c81c057c1d!5m2!4m1!1i2!8m2!3d-26.1815413!4d28.0603706!16s%2Fg%2F11g0lf28h7!19sChIJ9ZL8DVQNlR4RHXwFHMhDipY?authuser=0&hl=en&rclk=1,https://house-newfelling.johannesburgbesthotels.com/,Google Maps
Newlands Comfortable Abode,,+27 73 635 5777,,4.5,19,Unknown,https://www.google.com/maps/place/Newlands+Comfortable+Abode/data=!4m10!3m9!1s0x1e950baee29bbfa9:0xe2f1121e39e18f5!5m2!4m1!1i2!8m2!3d-26.1766405!4d27.9570039!16s%2Fg%2F11w2_817pn!19sChIJqb-b4q4LlR4R9Rie4yERLw4?authuser=0&hl=en&rclk=1,http://carestembnb.com/,Google Maps
Villa Simonne Boutique Hotel,,+27 11 728 2001,,4.5,474,Unknown,https://www.google.com/maps/place/Villa+Simonne+Boutique+Hotel/data=!4m10!3m9!1s0x1e950c4efb128341:0x5799b724344b2916!5m2!4m1!1i2!8m2!3d-26.1666346!4d28.0572392!16s%2Fg%2F113gxww9w!19sChIJQYMS-04MlR4RFilLNCS3mVc?authuser=0&hl=en&rclk=1,http://villasimonne.co.za/,Google Maps
The Peech Hotel,,+27 11 537 9797,,4.7,617,Unknown,https://www.google.com/maps/place/The+Peech+Hotel/data=!4m10!3m9!1s0x1e950ce408f844ff:0xfa5c9389028bd645!5m2!4m1!1i2!8m2!3d-26.1365367!4d28.0588544!16s%2Fg%2F1tj93tpg!19sChIJ_0T4COQMlR4RRdaLAomTXPo?authuser=0&hl=en&rclk=1,https://thepeech.co.za/,Google Maps
CAG The Vantage Rosebank,,+27 10 593 6791,,4.3,120,Unknown,https://www.google.com/maps/place/CAG+The+Vantage+Rosebank/data=!4m10!3m9!1s0x1e950df1bd973dbb:0xd1d820e156230795!5m2!4m1!1i2!8m2!3d-26.14491!4d28.04106!16s%2Fg%2F11hrhshfkl!19sChIJuz2XvfENlR4RlQcjVuEg2NE?authuser=0&hl=en&rclk=1,https://tcagroup.co.za/the-vantage-rosebank/,Google Maps
ARCON ACCOMMODATION,,+27 60 558 3445,,3.5,15,Unknown,https://www.google.com/maps/place/ARCON+ACCOMMODATION/data=!4m10!3m9!1s0x1e950dac2dbc231f:0x6239adba27c3e1bb!5m2!4m1!1i2!8m2!3d-26.1777411!4d28.1035005!16s%2Fg%2F11wwdwctkm!19sChIJHyO8LawNlR4Ru-HDJ7qtOWI?authuser=0&hl=en&rclk=1,http://www.arconaccommodation.com/,Google Maps
Clico Boutique Hotel and Restaurant,,+27 11 252 3300,,4.5,121,Unknown,https://www.google.com/maps/place/Clico+Boutique+Hotel+and+Restaurant/data=!4m10!3m9!1s0x1e950d36012fff21:0x9f2d18d7694cf9db!5m2!4m1!1i2!8m2!3d-26.1427146!4d28.0378431!16s%2Fg%2F11sk6gv6rr!19sChIJIf8vATYNlR4R2_lMadcYLZ8?authuser=0&hl=en&rclk=1,https://clico.co.za/,Google Maps
CURIOCITY Backpackers Johannesburg,,+27 11 614 0163,,4.3,855,Unknown,https://www.google.com/maps/place/CURIOCITY+Backpackers+Johannesburg/data=!4m10!3m9!1s0x1e950e86440f7f7d:0xb27cdda1b59a5612!5m2!4m1!1i2!8m2!3d-26.2039804!4d28.0614543!16s%2Fg%2F11sv1zw4zt!19sChIJfX8PRIYOlR4RElaataHdfLI?authuser=0&hl=en&rclk=1,http://www.curiocity.africa/,Google Maps
Sanctuary Mandela,,+27 10 035 0368,,4.8,348,Unknown,https://www.google.com/maps/place/Sanctuary+Mandela/data=!4m10!3m9!1s0x1e950d5238e9d557:0x3ec372cf607dba8c!5m2!4m1!1i2!8m2!3d-26.1535609!4d28.0595196!16s%2Fg%2F11rsp7sw77!19sChIJV9XpOFINlR4RjLp9YM9ywz4?authuser=0&hl=en&rclk=1,http://www.sanctuarymandela.com/,Google Maps
Royal Stina Hotel-style,,+27 81 339 3300,,3.1,20,No,https://www.google.com/maps/place/Royal+Stina+Hotel-style/data=!4m10!3m9!1s0x1e950f085718130f:0x6bad0f162e6a6d8a!5m2!4m1!1i2!8m2!3d-26.2050835!4d28.058961!16s%2Fg%2F11rwrlqwz5!19sChIJDxMYVwgPlR4Rim1qLhYPrWs?authuser=0&hl=en&rclk=1,https://royalstinastyle.cheaphotels.me/,Google Maps
GUEST HOUSE ON BARNES,,+27 73 231 1295,,3.3,7,Unknown,https://www.google.com/maps/place/GUEST+HOUSE+ON+BARNES/data=!4m10!3m9!1s0x1e950bd8412263c1:0xc56d60b5ea2216d2!5m2!4m1!1i2!8m2!3d-26.1911743!4d27.9986345!16s%2Fg%2F11ycssfrrf!19sChIJwWMiQdgLlR4R0hYi6rVgbcU?authuser=0&hl=en&rclk=1,https://house-on-barnes.johannesburg-hotels-za.com/en/,Google Maps
Chisam Guest Lodge,,+27 60 358 9216,,3.9,353,No,https://www.google.com/maps/place/Chisam+Guest+Lodge/data=!4m10!3m9!1s0x1e950c2d23c8b9a7:0x8d81b8fdab08af71!5m2!4m1!1i2!8m2!3d-26.1857739!4d28.0642005!16s%2Fg%2F11c3k6cktc!19sChIJp7nIIy0MlR4Rca8Iq_24gY0?authuser=0&hl=en&rclk=1,https://chisamguestlodge.co.za/,Google Maps
Royal Mansion Lodge,,+27 78 537 1311,,4.3,17,Unknown,https://www.google.com/maps/place/Royal+Mansion+Lodge/data=!4m10!3m9!1s0x1e950fb9629070cf:0x777694c907856f68!5m2!4m1!1i2!8m2!3d-26.2545316!4d28.0327177!16s%2Fg%2F11rtmb9w_4!19sChIJz3CQYrkPlR4RaG-FB8mUdnc?authuser=0&hl=en&rclk=1,https://royal-mansion-lodge-johannesburg.hotelmix.ro/,Google Maps
The Max Hotel Sandton,,+27 11 058 3100,,4.4,108,Unknown,https://www.google.com/maps/place/The+Max+Hotel+Sandton/data=!4m10!3m9!1s0x1e950cc40a7bf54b:0x8a1116d09433dd56!5m2!4m1!1i2!8m2!3d-26.1270479!4d28.0490736!16s%2Fg%2F11btyyf4b8!19sChIJS_V7CsQMlR4RVt0zlNAWEYo?authuser=0&hl=en&rclk=1,https://www.themaxhotelsandton.com/,Google Maps
BlackBrick Bedford,,+27 10 001 8080,,4.6,145,Unknown,https://www.google.com/maps/place/BlackBrick+Bedford/data=!4m10!3m9!1s0x1e95136dae705629:0x85f3a8786475a5d2!5m2!4m1!1i2!8m2!3d-26.1611966!4d28.1305291!16s%2Fg%2F11rpq8ncxx!19sChIJKVZwrm0TlR4R0qV1ZHio84U?authuser=0&hl=en&rclk=1,https://blackbrickhotels.com/,Google Maps
Valley Center Guest House,,+27 73 144 5006,,3.9,80,Unknown,https://www.google.com/maps/place/Valley+Center+Guest+House/data=!4m10!3m9!1s0x1e950a7d47898553:0x25bc3cc9641c731c!5m2!4m1!1i2!8m2!3d-26.1902331!4d28.0875494!16s%2Fg%2F11f_gr_g12!19sChIJU4WJR30KlR4RHHMcZMk8vCU?authuser=0&hl=en&rclk=1,https://house-valley-center.johannesburgcityhotels.com/en/,Google Maps
The Nicol Hotel Bedfordview,,+27 10 023 0504,,4.1,1384,Unknown,https://www.google.com/maps/place/The+Nicol+Hotel+Bedfordview/data=!4m10!3m9!1s0x1e95138429631c05:0x9a6e82d1d19911c4!5m2!4m1!1i2!8m2!3d-26.1791535!4d28.1338449!16s%2Fg%2F11h92gdz_f!19sChIJBRxjKYQTlR4RxBGZ0dGCbpo?authuser=0&hl=en&rclk=1,https://www.thenicol.co.za/,Google Maps
Stars Guesthouse in Johannesburg,,+27 73 679 1211,,5.0,1,Unknown,https://www.google.com/maps/place/Stars+Guesthouse+in+Johannesburg/data=!4m10!3m9!1s0x1e950daa614ada27:0x40a547ce17910c5f!5m2!4m1!1i2!8m2!3d-26.143251!4d28.084188!16s%2Fg%2F11yjkx7n3w!19sChIJJ9pKYaoNlR4RXwyRF85HpUA?authuser=0&hl=en&rclk=1,https://stars-guesthouse.johannesburgcityhotels.com/en/,Google Maps
Rose Road Manor,,+27 82 967 4037,,4.7,7,Unknown,https://www.google.com/maps/place/Rose+Road+Manor/data=!4m10!3m9!1s0x1e950d6da35c01d7:0xc25e4bda2aba5c0!5m2!4m1!1i2!8m2!3d-26.1735473!4d28.0589047!16s%2Fg%2F11vdrxt6ph!19sChIJ1wFco20NlR4RwKWror3kJQw?authuser=0&hl=en&rclk=1,https://roseroadmanor.com/,Google Maps
De Fountain Guesthouse,,+27 74 088 7241,,3.4,19,Unknown,https://www.google.com/maps/place/De+Fountain+Guesthouse/data=!4m10!3m9!1s0x1e950d8954f17693:0x8a02ffc4a37a26f6!5m2!4m1!1i2!8m2!3d-26.1804209!4d28.0593751!16s%2Fg%2F11hdsj00cg!19sChIJk3bxVIkNlR4R9iZ6o8T_Aoo?authuser=0&hl=en&rclk=1,https://defountain-guest-house.johannesburgcityhotels.com/en/,Google Maps
KMG Apartments,,+27 11 822 0588,,4.9,16,Unknown,https://www.google.com/maps/place/KMG+Apartments/data=!4m10!3m9!1s0x1e950c8e635b2a63:0xcd7fd943f9a13bc8!5m2!4m1!1i2!8m2!3d-26.1478289!4d28.0356105!16s%2Fg%2F11t4mk2fby!19sChIJYypbY44MlR4RyDuh-UPZf80?authuser=0&hl=en&rclk=1,http://kmgapartments.co.za/,Google Maps
The Lakewood Hotel,,+27 76 202 1450,,3.1,11,Unknown,https://www.google.com/maps/place/The+Lakewood+Hotel/data=!4m10!3m9!1s0x1e950922900b750b:0x241027675a7c2391!5m2!4m1!1i2!8m2!3d-26.243164!4d27.995936!16s%2Fg%2F11xlgln689!19sChIJC3ULkCIJlR4RkSN8WmcnECQ?authuser=0&hl=en&rclk=1,https://the-lakewood.johannesburghotel24.com/,Google Maps
Kensington Guest House Accomodation,,+27 81 003 0755,,4.4,28,Unknown,https://www.google.com/maps/place/Kensington+Guest+House+Accomodation/data=!4m10!3m9!1s0x1e950f3f225ebd89:0x1906496817504f9c!5m2!4m1!1i2!8m2!3d-26.1941371!4d28.0795472!16s%2Fg%2F11w8dm_793!19sChIJib1eIj8PlR4RnE9QF2hJBhk?authuser=0&hl=en&rclk=1,https://kensingtonbnb.co.za/,Google Maps
Melrose hideout B&B/ spa,,+27 65 674 0919,,5.0,2,Unknown,https://www.google.com/maps/place/Melrose+hideout+B%26B%2F+spa/data=!4m10!3m9!1s0x1e950ddd03e76b49:0xcec071b3a51f1d6d!5m2!4m1!1i2!8m2!3d-26.1278082!4d28.0696201!16s%2Fg%2F11sqcv5klc!19sChIJSWvnA90NlR4RbR0fpbNxwM4?authuser=0&hl=en&rclk=1,http://www.melrosehideout.co.za/,Google Maps
Reign Residence Guesthouse Auckland Park,,+27 78 894 3348,,5.0,2,Unknown,https://www.google.com/maps/place/Reign+Residence+Guesthouse+Auckland+Park/data=!4m10!3m9!1s0x1e950b717e1c6511:0xaa3ae73a312f5b03!5m2!4m1!1i2!8m2!3d-26.1800316!4d27.9995645!16s%2Fg%2F11mt84f67k!19sChIJEWUcfnELlR4RA1svMTrnOqo?authuser=0&hl=en&rclk=1,http://www.mbobolegacystays.co.za/,Google Maps
Gold Rush Lodge,,+27 63 061 4550,,3.3,6,Unknown,https://www.google.com/maps/place/Gold+Rush+Lodge/data=!4m10!3m9!1s0x1e950d876326b893:0x6bd8badfabd323e6!5m2!4m1!1i2!8m2!3d-26.1697488!4d28.0746246!16s%2Fg%2F11x_4xw7lj!19sChIJk7gmY4cNlR4R5iPTq9-62Gs?authuser=0&hl=en&rclk=1,https://www.goldrushoasis.co.za/,Google Maps
M & J HOTEL,,+27 83 481 5385,,5.0,1,Unknown,https://www.google.com/maps/place/M+%26+J+HOTEL/data=!4m10!3m9!1s0x1e950f0b2a67b377:0xef10600c0a11b8f1!5m2!4m1!1i2!8m2!3d-26.1925795!4d28.1059077!16s%2Fg%2F11yr7ylgjv!19sChIJd7NnKgsPlR4R8bgRCgxgEO8?authuser=0&hl=en&rclk=1,https://mjhotel.co.za/,Google Maps
The Jack Rose,,+27 10 824 0876,,3.8,239,No,https://www.google.com/maps/place/The+Jack+Rose/data=!4m10!3m9!1s0x1e950d5ba23b26ab:0x9c0319de3e4e9a06!5m2!4m1!1i2!8m2!3d-26.1460052!4d28.0376976!16s%2Fg%2F11fr5t6dg7!19sChIJqyY7olsNlR4RBppOPt4ZA5w?authuser=0&hl=en&rclk=1,https://jackroseinn.hotels-johannesburg.com/,Google Maps
Nu Oasis guest house,,+27 83 218 9502,,4.3,11,Unknown,https://www.google.com/maps/place/Nu+Oasis+guest+house/data=!4m10!3m9!1s0x1e9512bd3c8fb4cb:0x1bfb14c714aee4c0!5m2!4m1!1i2!8m2!3d-26.114555!4d28.125126!16s%2Fg%2F11xkm7dkmh!19sChIJy7SPPL0SlR4RwOSuFMcU-xs?authuser=0&hl=en&rclk=1,https://www.nuoasis.co.za/,Google Maps
Westmoreland Lodge,,+27 11 615 3878,,4.0,266,Unknown,https://www.google.com/maps/place/Westmoreland+Lodge/data=!4m10!3m9!1s0x1e950e021d5d95c9:0xab4a4138266f7bea!5m2!4m1!1i2!8m2!3d-26.18976!4d28.11145!16s%2Fg%2F11c0xrn7ld!19sChIJyZVdHQIOlR4R6ntvJjhBSqs?authuser=0&hl=en&rclk=1,https://www.westmorelandlodge.co.za/,Google Maps
Jozi Corner Rooms & GuestHouse,,+27 63 450 1442,,5.0,1,Unknown,https://www.google.com/maps/place/Jozi+Corner+Rooms+%26+GuestHouse/data=!4m10!3m9!1s0x1e950d12b8d0425f:0x48f4814f616f5bd0!5m2!4m1!1i2!8m2!3d-26.1812115!4d28.0606183!16s%2Fg%2F11z7rw55h4!19sChIJX0LQuBINlR4R0FtvYU-B9Eg?authuser=0&hl=en&rclk=1,https://www.jozicorner.co.za/,Google Maps
Monarchy Guest House,,+27 74 688 9816,,3.7,130,No,https://www.google.com/maps/place/Monarchy+Guest+House/data=!4m10!3m9!1s0x1e950c2d79f5b9d9:0x994b76c4e8ec33d8!5m2!4m1!1i2!8m2!3d-26.1843524!4d28.0629116!16s%2Fg%2F11dfgp8mm8!19sChIJ2bn1eS0MlR4R2DPs6MR2S5k?authuser=0&hl=en&rclk=1,https://monarchyguesthouse.hotels-johannesburg.com/,Google Maps
Kilimanjaro lodge Bed & Breakfast,,+27 60 395 3803,,3.6,5,Unknown,https://www.google.com/maps/place/Kilimanjaro+lodge+Bed+%26+Breakfast/data=!4m10!3m9!1s0x1e95137cd0fd79fd:0xf39d47c972983431!5m2!4m1!1i2!8m2!3d-26.1763561!4d28.1184875!16s%2Fg%2F11m5hy7ybl!19sChIJ_Xn90HwTlR4RMTSYcslHnfM?authuser=0&hl=en&rclk=1,https://kilimanjarolodge.co.za/,Google Maps
Tau Golden Mane,,+27 77 274 4555,,4.8,54,Unknown,https://www.google.com/maps/place/Tau+Golden+Mane/data=!4m10!3m9!1s0x1e950d2c80da7ecd:0xc253ef58a3b51049!5m2!4m1!1i2!8m2!3d-26.1461472!4d28.0826549!16s%2Fg%2F11x_3rbrdr!19sChIJzX7agCwNlR4RSRC1o1jvU8I?authuser=0&hl=en&rclk=1,https://taugoldenmane.com/,Google Maps
GSpot94-Garden Spot on 94,,+27 82 891 5386,,4.5,102,Unknown,https://www.google.com/maps/place/GSpot94-Garden+Spot+on+94/data=!4m10!3m9!1s0x1e950e0150a31b33:0x4f4d3f9a9a58b0f5!5m2!4m1!1i2!8m2!3d-26.1902354!4d28.1071266!16s%2Fg%2F11t5fwty5t!19sChIJMxujUAEOlR4R9bBYmpo_TU8?authuser=0&hl=en&rclk=1,http://www.gspot94.com/,Google Maps
LifeGate Guest House,,+27 72 287 6508,,5.0,5,Unknown,https://www.google.com/maps/place/LifeGate+Guest+House/data=!4m10!3m9!1s0x1e950b29cb0013ef:0x91f8020ee508e689!5m2!4m1!1i2!8m2!3d-26.1793529!4d27.9811747!16s%2Fg%2F11y51slllt!19sChIJ7xMAyykLlR4RieYI5Q4C-JE?authuser=0&hl=en&rclk=1,https://house-lifegate.johannesburgsouthafricahotels.com/,Google Maps
Garden Top Hotel,,+27 11 042 9032,,4.2,121,Unknown,https://www.google.com/maps/place/Garden+Top+Hotel/data=!4m10!3m9!1s0x1e950dbfcc290769:0x7166460d98f0198d!5m2!4m1!1i2!8m2!3d-26.18828!4d28.09267!16s%2Fg%2F11g4d_hlpc!19sChIJaQcpzL8NlR4RjRnwmA1GZnE?authuser=0&hl=en&rclk=1,http://www.gardentophotel.com/,Google Maps
Derrick's Guest House & Luxury Apartments,,+27 83 289 4089,,4.6,30,Unknown,https://www.google.com/maps/place/Derrick%27s+Guest+House+%26+Luxury+Apartments/data=!4m10!3m9!1s0x1e950d35b995150d:0x55563e1e2bb345b2!5m2!4m1!1i2!8m2!3d-26.1388627!4d28.0856873!16s%2Fg%2F11f8jk6kkl!19sChIJDRWVuTUNlR4RskWzKx4-VlU?authuser=0&hl=en&rclk=1,https://derricksproperties.co.za/,Google Maps
CLOUDS 52 LODGE,,+27 66 491 9270,,4.5,20,Unknown,https://www.google.com/maps/place/CLOUDS+52+LODGE/data=!4m10!3m9!1s0x1e950d323a088075:0x7132eebdd9d9940f!5m2!4m1!1i2!8m2!3d-26.1752082!4d28.1047475!16s%2Fg%2F11whgw70wb!19sChIJdYAIOjINlR4RD5TZ2b3uMnE?authuser=0&hl=en&rclk=1,https://cloud52lodge.co.za/,Google Maps
Yellow Stars Guesthouse Ltd Pty,,+27 73 520 4144,,3.8,19,Unknown,https://www.google.com/maps/place/Yellow+Stars+Guesthouse+Ltd+Pty/data=!4m10!3m9!1s0x1e950d0b352ce4fd:0x78e5408444431b11!5m2!4m1!1i2!8m2!3d-26.1453309!4d28.0854542!16s%2Fg%2F11x11w8bf_!19sChIJ_eQsNQsNlR4RERtDRIRA5Xg?authuser=0&hl=en&rclk=1,https://yellow-stars-guesthouse-pty.johannesburgbesthotels.com/,Google Maps
Outerspaces - 1 bedroom Luxurious Apartment in Sandton,,+27 76 558 5160,,4.7,20,Unknown,https://www.google.com/maps/place/Outerspaces+-+1+bedroom+Luxurious+Apartment+in+Sandton/data=!4m10!3m9!1s0x1e956d5e18331799:0x73cd31db75ce7d41!5m2!4m1!1i2!8m2!3d-26.0873643!4d28.1352788!16s%2Fg%2F11wgxsytxn!19sChIJmRczGF5tlR4RQX3OddsxzXM?authuser=0&hl=en&rclk=1,https://1-bedroom-self-catering-apartment-in-rivonia.johannesburgsouthafricahotels.com/,Google Maps
Table Mountain Lodge,,+27 21 423 0042,,0.0,0,Unknown,,https://visittablemountain.com/,OpenStreetMap
Ocean View House,,+27 21 4381982,33 Victoria Road,0.0,0,Unknown,,https://oceanview-house.com/romantic-getaways-in-cape-town/,OpenStreetMap
Sea Point Holiday Hotel,,+27 21 439 4433,,0.0,0,Unknown,,https://www.seapointholidayhotel.co.za/,OpenStreetMap
The Lenox,,+27214653118,2 Mill Street Cape Town,0.0,0,Unknown,,https://thelenox.co.za/,OpenStreetMap
Hyatt Regency Cape Town,,+27 21 214 1234,,4.5,963,Unknown,https://www.google.com/maps/place/Hyatt+Regency+Cape+Town/data=!4m10!3m9!1s0x1dcc67e9420b94ed:0x6ca7fa4ce1e67760!5m2!4m1!1i2!8m2!3d-33.9216571!4d18.4158535!16s%2Fg%2F11lgl031p9!19sChIJ7ZQLQulnzB0RYHfm4Uz6p2w?authuser=0&hl=en&rclk=1,https://www.hyatt.com/hyatt-regency/en-US/cptrc-hyatt-regency-cape-town?src=corp_lclb_google_seo_cptrc&utm_source=google&utm_medium=organic&utm_campaign=lmr,Google Maps
Mojo Hotel,,+27 87 940 7474,,4.1,2235,Unknown,https://www.google.com/maps/place/Mojo+Hotel/data=!4m10!3m9!1s0x1dcc67222874b343:0x9e1c2a4f978fc4a3!5m2!4m1!1i2!8m2!3d-33.9193213!4d18.3856174!16s%2Fg%2F11cky02w8x!19sChIJQ7N0KCJnzB0Ro8SPl08qHJ4?authuser=0&hl=en&rclk=1,https://www.themojohotel.com/,Google Maps
"Mount Nelson, A Belmond Hotel, Cape Town",,+27 21 483 1000,,4.7,3406,Unknown,"https://www.google.com/maps/place/Mount+Nelson,+A+Belmond+Hotel,+Cape+Town/data=!4m10!3m9!1s0x1dcc67711ea099d9:0x8c90297be5ceb239!5m2!4m1!1i2!8m2!3d-33.932065!4d18.411655!16s%2Fm%2F011jq39m!19sChIJ2ZmgHnFnzB0RObLO5XspkIw?authuser=0&hl=en&rclk=1",https://www.belmond.com/hotels/africa/south-africa/cape-town/belmond-mount-nelson-hotel/?utm_source=local_search&utm_medium=link&utm_campaign=google_business,Google Maps
Holiday Inn Express Cape Town City Centre by IHG,,+27 21 480 8300,,4.2,1620,Unknown,https://www.google.com/maps/place/Holiday+Inn+Express+Cape+Town+City+Centre+by+IHG/data=!4m10!3m9!1s0x1dcc6764604893df:0x19449a374d218f9!5m2!4m1!1i2!8m2!3d-33.9237515!4d18.4202494!16s%2Fg%2F1vk4r77h!19sChIJ35NIYGRnzB0R-RjSdKNJlAE?authuser=0&hl=en&rclk=1,https://www.ihg.com/holidayinnexpress/hotels/gb/en/cape-town/cptst/hoteldetail?cm_mmc=GoogleMaps-_-EX-_-ZA-_-CPTST,Google Maps
"Radisson Collection Hotel, Waterfront Cape Town",,+27 21 441 3000,,4.6,4601,Unknown,"https://www.google.com/maps/place/Radisson+Collection+Hotel,+Waterfront+Cape+Town/data=!4m10!3m9!1s0x1dcc6917a8d51e8d:0xb9963fc61c93a655!5m2!4m1!1i2!8m2!3d-33.8992879!4d18.4124603!16s%2Fg%2F1hc5wqy4n!19sChIJjR7VqBdpzB0RVaaTHMY_lrk?authuser=0&hl=en&rclk=1",https://www.radissonhotels.com/en-us/hotels/radisson-collection-cape-town-waterfront?cid=a:se+b:gmb+c:emea+i:local+e:rco+d:mea+h:ZACPTWTR,Google Maps
One&Only Cape Town,,+27 21 431 5888,,4.7,3569,Unknown,https://www.google.com/maps/place/One%26Only+Cape+Town/data=!4m10!3m9!1s0x1dcc675b39ed6e6f:0xe5de8ba08d3c1f32!5m2!4m1!1i2!8m2!3d-33.9086313!4d18.4162905!16s%2Fg%2F1tdhppzq!19sChIJb27tOVtnzB0RMh88jaCL3uU?authuser=0&hl=en&rclk=1,https://www.oneandonlyresorts.com/cape-town?utm_medium=organic-search&utm_source=gbp&utm_campaign=gbp_ao_y_ooct_row_wt__ao__kz&utm_content=__&utm_term=one-and-only-cape-town&utm_id=hj9x2d,Google Maps
InterContinental Table Bay Cape Town by IHG,,+27 21 406 5000,,4.5,2342,Unknown,https://www.google.com/maps/place/InterContinental+Table+Bay+Cape+Town+by+IHG/data=!4m10!3m9!1s0x1dcc6757301d79a5:0xe24f6ba1ad1f0dfd!5m2!4m1!1i2!8m2!3d-33.9022893!4d18.4224459!16s%2Fg%2F1tmv0gyp!19sChIJpXkdMFdnzB0R_Q0fraFrT-I?authuser=0&hl=en&rclk=1,https://www.ihg.com/intercontinental/hotels/gb/en/cape-town/cpttb/hoteldetail?cm_mmc=GoogleMaps-_-IC-_-ZA-_-CPTTB,Google Maps
Fountains Hotel Cape Town,,+27 21 443 1100,,3.9,2526,Unknown,https://www.google.com/maps/place/Fountains+Hotel+Cape+Town/data=!4m10!3m9!1s0x1dcc678f210ffb99:0x84a97a225fa71d9f!5m2!4m1!1i2!8m2!3d-33.9197614!4d18.4248152!16s%2Fg%2F1tfvw6zp!19sChIJmfsPIY9nzB0Rnx2nXyJ6qYQ?authuser=0&hl=en&rclk=1,https://book.neighbourgood.co/stay/listing/neighbourgood-1st-georges-mall-fountains,Google Maps
DoubleTree by Hilton Cape Town - Upper Eastside,,+27 21 404 0570,,4.4,3214,Unknown,https://www.google.com/maps/place/DoubleTree+by+Hilton+Cape+Town+-+Upper+Eastside/data=!4m10!3m9!1s0x1dcc5d3bfc674c01:0x476c7c4f32457682!5m2!4m1!1i2!8m2!3d-33.9352956!4d18.4573116!16s%2Fg%2F1tg3dc81!19sChIJAUxn_DtdzB0RgnZFMk98bEc?authuser=0&hl=en&rclk=1,https://www.hilton.com/en/hotels/cptuedi-doubletree-cape-town-upper-eastside/?SEO_id=GMB-EMEA-DI-CPTUEDI,Google Maps
Ellerman House,,+27 21 430 3200,,4.8,471,Unknown,https://www.google.com/maps/place/Ellerman+House/data=!4m10!3m9!1s0x1dcc66e2369bfea9:0x5a8f16f7dd1994c0!5m2!4m1!1i2!8m2!3d-33.9290366!4d18.3778794!16s%2Fg%2F1tjx0zrn!19sChIJqf6bNuJmzB0RwJQZ3fcWj1o?authuser=0&hl=en&rclk=1,http://www.ellerman.co.za/,Google Maps
Lagoon Beach Hotel & Spa,,+27 21 528 2000,,4.2,7732,Unknown,https://www.google.com/maps/place/Lagoon+Beach+Hotel+%26+Spa/data=!4m10!3m9!1s0x1dcc5c2ed4759665:0xe4c965c5195298f9!5m2!4m1!1i2!8m2!3d-33.8925909!4d18.4832667!16s%2Fg%2F11h565fllm!19sChIJZZZ11C5czB0R-ZhSGcVlyeQ?authuser=0&hl=en&rclk=1,http://www.lagoonbeachhotel.co.za/,Google Maps
Victoria & Alfred Hotel,,+27 21 419 6677,,4.6,2430,Unknown,https://www.google.com/maps/place/Victoria+%26+Alfred+Hotel/data=!4m10!3m9!1s0x1dcc675a6bd6698d:0xb24c430afb70241f!5m2!4m1!1i2!8m2!3d-33.9061079!4d18.4201401!16s%2Fg%2F1n0bxq0r3!19sChIJjWnWa1pnzB0RHyRw-wpDTLI?authuser=0&hl=en&rclk=1,https://newmarkhotels.com/accommodation/the-victoria-alfred-hotel,Google Maps
Hotel Sky Cape Town,,+27 21 879 5040,,4.3,2803,Unknown,https://www.google.com/maps/place/Hotel+Sky+Cape+Town/data=!4m10!3m9!1s0x1dcc67604206bc2f:0x700f7b7e311544ca!5m2!4m1!1i2!8m2!3d-33.9164!4d18.4261!16s%2Fg%2F11lszx1drj!19sChIJL7wGQmBnzB0RykQVMX57D3A?authuser=0&hl=en&rclk=1,https://www.hotelsky.co.za/home-cape-town,Google Maps
Urban Elephant Hotels 16 on Bree,,+27 21 300 1044,,4.5,212,Unknown,https://www.google.com/maps/place/Urban+Elephant+Hotels+16+on+Bree/data=!4m10!3m9!1s0x1dcc6760cd3588a5:0xacf07cc7b8dc22c8!5m2!4m1!1i2!8m2!3d-33.9177813!4d18.4215771!16s%2Fg%2F11fyzfn6sw!19sChIJpYg1zWBnzB0RyCLcuMd88Kw?authuser=0&hl=en&rclk=1,https://urbanelephant.co.za/properties/16-on-bree?utm_source=google-business&utm_medium=organic&utm_campaign=16-on-bree,Google Maps
Radisson Hotel Cape Town Foreshore,,+27 21 427 4800,,4.4,2782,Unknown,https://www.google.com/maps/place/Radisson+Hotel+Cape+Town+Foreshore/data=!4m10!3m9!1s0x1dcc6761b84ffd8f:0x6a08c013add4611c!5m2!4m1!1i2!8m2!3d-33.9189126!4d18.4259466!16s%2Fg%2F1tk4hnv7!19sChIJj_1PuGFnzB0RHGHUrRPACGo?authuser=0&hl=en&rclk=1,https://www.radissonhotels.com/en-us/hotels/radisson-cape-town-foreshore?cid=a:se+b:gmb+c:emea+i:local+e:rad+d:mea+h:ZACPTFOR,Google Maps
Southern Sun Waterfront Cape Town,,+27 21 409 4000,,4.5,4498,Unknown,https://www.google.com/maps/place/Southern+Sun+Waterfront+Cape+Town/data=!4m10!3m9!1s0x1dcc67726de49c37:0x965440d6edbea4c6!5m2!4m1!1i2!8m2!3d-33.9157633!4d18.4234956!16s%2Fg%2F1tcy_93f!19sChIJN5zkbXJnzB0RxqS-7dZAVJY?authuser=0&hl=en&rclk=1,https://www.southernsun.com/southern-sun-waterfront-cape-town?utm_source=google&utm_medium=businesslisting&utm_campaign=hotel_southern-sun-waterfront-cape-town,Google Maps
AC Hotel Cape Town Waterfront,,+27 21 137 1100,,4.4,1179,Unknown,https://www.google.com/maps/place/AC+Hotel+Cape+Town+Waterfront/data=!4m10!3m9!1s0x1dcc6756021be499:0xaca4950bff7e9692!5m2!4m1!1i2!8m2!3d-33.9126144!4d18.4247516!16s%2Fg%2F11fb1hbrkp!19sChIJmeQbAlZnzB0RkpZ-_wuVpKw?authuser=0&hl=en&rclk=1,https://www.marriott.com/en-us/hotels/cptar-ac-hotel-cape-town-waterfront/overview/?scid=f2ae0541-1279-4f24-b197-a979c79310b0,Google Maps
Cape Town Lodge Hotel,,+27 21 422 0030,,4.1,2578,Unknown,https://www.google.com/maps/place/Cape+Town+Lodge+Hotel/data=!4m10!3m9!1s0x1dcc676f561fc007:0x4ef121fd2e4ee486!5m2!4m1!1i2!8m2!3d-33.9224601!4d18.4155973!16s%2Fg%2F1tdf3m5x!19sChIJB8AfVm9nzB0RhuROLv0h8U4?authuser=0&hl=en&rclk=1,http://www.capetownlodge.co.za/,Google Maps
Radisson RED Cape Town V&A Waterfront,,+27 87 086 1578,,4.6,4608,Unknown,https://www.google.com/maps/place/Radisson+RED+Cape+Town+V%26A+Waterfront/data=!4m10!3m9!1s0x1dcc67590d140de3:0xe3ab819f219df558!5m2!4m1!1i2!8m2!3d-33.9085964!4d18.422704!16s%2Fg%2F11dynwkhm3!19sChIJ4w0UDVlnzB0RWPWdIZ-Bq-M?authuser=0&hl=en&rclk=1,https://www.radissonhotels.com/en-us/hotels/radisson-red-cape-town-va-waterfront?cid=a:se+b:gmb+c:emea+i:local+e:rdr+d:mea+h:ZACPTVAA,Google Maps
Road Lodge Cape Town International Airport,,+27 21 934 7303,,3.8,1736,Unknown,https://www.google.com/maps/place/Road+Lodge+Cape+Town+International+Airport/data=!4m10!3m9!1s0x1dcc4538cbf61df7:0x58bd1b9d549bb33e!5m2!4m1!1i2!8m2!3d-33.9697506!4d18.5918197!16s%2Fg%2F1tk4hnsk!19sChIJ9x32yzhFzB0RPrObVJ0bvVg?authuser=0&hl=en&rclk=1,https://citylodgehotels.com/our-hotels/road-lodge-cape-town-international-airport,Google Maps
The Bantry Aparthotel by Totalstay,,+27 21 434 8448,,4.6,1170,Unknown,https://www.google.com/maps/place/The+Bantry+Aparthotel+by+Totalstay/data=!4m10!3m9!1s0x1dcc66e00e726af9:0x6f920fffd452629b!5m2!4m1!1i2!8m2!3d-33.9228284!4d18.3799718!16s%2Fg%2F1w8g3gpg!19sChIJ-WpyDuBmzB0Rm2JS1P8Pkm8?authuser=0&hl=en&rclk=1,https://www.bantryaparthotel.co.za/?utm_source=google&utm_medium=organic&utm_campaign=gbp&utm_content=the_bantry,Google Maps
The Vineyard,,+27 21 657 4500,,4.6,4935,Unknown,https://www.google.com/maps/place/The+Vineyard/data=!4m10!3m9!1s0x1dcc42cc3e5dbf5b:0x30d6688ee2a58ed6!5m2!4m1!1i2!8m2!3d-33.979044!4d18.4586993!16s%2Fg%2F1tfm40sd!19sChIJW79dPsxCzB0R1o6l4o5o1jA?authuser=0&hl=en&rclk=1,http://www.vineyard.co.za/,Google Maps
The Peninsula All-Suite Hotel,,+27 21 430 7777,,4.5,2168,Unknown,https://www.google.com/maps/place/The+Peninsula+All-Suite+Hotel/data=!4m10!3m9!1s0x1dcc6767f7b8991d:0x45fc1f5a6e7968af!5m2!4m1!1i2!8m2!3d-33.9217774!4d18.3796382!16s%2Fg%2F11bbrhlt84!19sChIJHZm492dnzB0Rr2h5blof_EU?authuser=0&hl=en&rclk=1,http://www.peninsula.co.za/,Google Maps
City Lodge Hotel V&A Waterfront,,+27 21 419 9450,,4.3,1771,Unknown,https://www.google.com/maps/place/City+Lodge+Hotel+V%26A+Waterfront/data=!4m10!3m9!1s0x1dcc675e6afd5a17:0x32b0af8d41141168!5m2!4m1!1i2!8m2!3d-33.9138407!4d18.4223246!16s%2Fg%2F1tvbgq8y!19sChIJF1r9al5nzB0RaBEUQY2vsDI?authuser=0&hl=en&rclk=1,https://citylodgehotels.com/our-hotels/city-lodge-hotel-v&a-waterfront,Google Maps
Cape Grace - A Fairmont Managed Hotel,,+27 21 410 7100,,4.7,1521,Unknown,https://www.google.com/maps/place/Cape+Grace+-+A+Fairmont+Managed+Hotel/data=!4m10!3m9!1s0x1dcc6750d053ad01:0x830e8cfd5209dee6!5m2!4m1!1i2!8m2!3d-33.9091271!4d18.4207475!16s%2Fg%2F12cn_946j!19sChIJAa1T0FBnzB0R5t4JUv2MDoM?authuser=0&hl=en&rclk=1,https://all.accor.com/lien_externe.svlt?goto=fiche_hotel&code_hotel=C014&merchantid=seo-maps-ZA-C014&sourceid=aw-cen&utm_medium=seo%20maps&utm_source=google%20Maps&utm_campaign=seo%20maps,Google Maps
Pullman Cape Town City Centre,,+27 21 467 4000,,4.4,687,Unknown,https://www.google.com/maps/place/Pullman+Cape+Town+City+Centre/data=!4m10!3m9!1s0x1dcc6761310a258f:0xacae1382c98e908c!5m2!4m1!1i2!8m2!3d-33.9191531!4d18.4221961!16s%2Fg%2F11vf1g6t3_!19sChIJjyUKMWFnzB0RjJCOyYITrqw?authuser=0&hl=en&rclk=1,https://all.accor.com/lien_externe.svlt?goto=fiche_hotel&code_hotel=C0H1&merchantid=seo-maps-ZA-C0H1&sourceid=aw-cen&utm_medium=seo%20maps&utm_source=google%20Maps&utm_campaign=seo%20maps,Google Maps
POD Camps Bay by The Oyster Collection,,+27 21 438 8550,,4.7,345,Unknown,https://www.google.com/maps/place/POD+Camps+Bay+by+The+Oyster+Collection/data=!4m10!3m9!1s0x1dcc665355dc3df3:0xf1879edd306b1651!5m2!4m1!1i2!8m2!3d-33.9491885!4d18.3797591!16s%2Fg%2F11c2pm_71b!19sChIJ8z3cVVNmzB0RURZrMN2eh_E?authuser=0&hl=en&rclk=1,http://www.pod.co.za/,Google Maps
The Capital 15 On Orange Hotel & Spa Cape Town CBD,,+27 21 469 8000,,4.6,2172,Unknown,https://www.google.com/maps/place/The+Capital+15+On+Orange+Hotel+%26+Spa+Cape+Town+CBD/data=!4m10!3m9!1s0x1dcc677026c60249:0x5c6be4757a37d13!5m2!4m1!1i2!8m2!3d-33.9285105!4d18.4138816!16s%2Fg%2F1tfljhzh!19sChIJSQLGJnBnzB0RE32jV0e-xgU?authuser=0&hl=en&rclk=1,https://thecapital.co.za/15-on-orange/,Google Maps
O’Two Hotels,,+27 21 180 4433,,4.6,401,Unknown,https://www.google.com/maps/place/O%E2%80%99Two+Hotels/data=!4m10!3m9!1s0x1dcc674a42274197:0x22b70867b4bb04d3!5m2!4m1!1i2!8m2!3d-33.9003769!4d18.4054338!16s%2Fg%2F11fn8nww0t!19sChIJl0EnQkpnzB0R0wS7tGcItyI?authuser=0&hl=en&rclk=1,https://www.otwohotels.com/,Google Maps
Hotel Verde - Cape Town Airport,,+27 21 380 5500,,4.4,2569,Unknown,https://www.google.com/maps/place/Hotel+Verde+-+Cape+Town+Airport/data=!4m10!3m9!1s0x1dcc453fc6e532c9:0xad6bdce00529892f!5m2!4m1!1i2!8m2!3d-33.9741116!4d18.5921157!16s%2Fg%2F12vt5gf2l!19sChIJyTLlxj9FzB0RL4kpBeDca60?authuser=0&hl=en&rclk=1,https://hotelverde.com/,Google Maps
The Capetonian,,+27 21 405 5670,,4.0,2739,Unknown,https://www.google.com/maps/place/The+Capetonian/data=!4m10!3m9!1s0x1dcc6761cca039ab:0xc06da1cc10cb0436!5m2!4m1!1i2!8m2!3d-33.9177547!4d18.4265104!16s%2Fg%2F11b6y3c6wm!19sChIJqzmgzGFnzB0RNgTLEMyhbcA?authuser=0&hl=en&rclk=1,http://capetonian.co.za/,Google Maps
Cresta Grande Cape Town,,+27 21 431 7500,,4.3,1121,Unknown,https://www.google.com/maps/place/Cresta+Grande+Cape+Town/data=!4m10!3m9!1s0x1dcc67cc2f2b04d5:0x97125b45140f14b7!5m2!4m1!1i2!8m2!3d-33.9199674!4d18.4209391!16s%2Fg%2F11r35j2db6!19sChIJ1QQrL8xnzB0RtxQPFEVbEpc?authuser=0&hl=en&rclk=1,http://www.crestagrandehotel.com/,Google Maps
BlackBrick Foreshore,,+27 21 137 1712,,4.0,331,Unknown,https://www.google.com/maps/place/BlackBrick+Foreshore/data=!4m10!3m9!1s0x1dcc6772e2c8cf73:0x4c37702a79bee1fe!5m2!4m1!1i2!8m2!3d-33.92043!4d18.42341!16s%2Fg%2F11n72rzddv!19sChIJc8_I4nJnzB0R_uG-eSpwN0w?authuser=0&hl=en&rclk=1,https://blackbrickhotels.com/,Google Maps
Pavilion Hotel,,+27 31 337 7366,,3.9,4730,Unknown,https://www.google.com/maps/place/Pavilion+Hotel/data=!4m10!3m9!1s0x1ef7a83376ab5673:0xcd8a6b2acd610804!5m2!4m1!1i2!8m2!3d-29.8504366!4d31.0360425!16s%2Fg%2F1xtdzzr4!19sChIJc1ardjOo9x4RBAhhzSpris0?authuser=0&hl=en&rclk=1,http://www.pavilionhotel.co.za/,Google Maps
Riverside Hotel Durban,,+27 31 563 0600,,4.3,4291,Unknown,https://www.google.com/maps/place/Riverside+Hotel+Durban/data=!4m10!3m9!1s0x1ef70701009063bf:0xb9fc916c57b2fc50!5m2!4m1!1i2!8m2!3d-29.806827!4d31.0329207!16s%2Fg%2F1jglv_bk7!19sChIJv2OQAAEH9x4RUPyyV2yR_Lk?authuser=0&hl=en&rclk=1,http://www.riversidehotel.co.za/,Google Maps
Blue Waters Hotel,,+27 31 327 7000,,4.2,9046,Unknown,https://www.google.com/maps/place/Blue+Waters+Hotel/data=!4m10!3m9!1s0x1ef7a82b4227a2f3:0x25bed71a4926a835!5m2!4m1!1i2!8m2!3d-29.8401283!4d31.0348796!16s%2Fg%2F1tp6lx0x!19sChIJ86InQiuo9x4RNagmSRrXviU?authuser=0&hl=en&rclk=1,http://www.bluewatershotel.co.za/,Google Maps
Southern Sun Elangeni & Maharani,,+27 31 362 1300,,4.4,11145,Unknown,https://www.google.com/maps/place/Southern+Sun+Elangeni+%26+Maharani/data=!4m10!3m9!1s0x1ef7a82d69bf53b7:0xcd41e2079cc07558!5m2!4m1!1i2!8m2!3d-29.8458568!4d31.0348732!16s%2Fg%2F1tkmvqdp!19sChIJt1O_aS2o9x4RWHXAnAfiQc0?authuser=0&hl=en&rclk=1,https://www.southernsun.com/southern-sun-elangeni-maharani?utm_source=google&utm_medium=businesslisting&utm_campaign=hotel_southern-sun-elangeni-maharani,Google Maps
Garden Court South Beach,,+27 31 337 2231,,4.2,5101,Unknown,https://www.google.com/maps/place/Garden+Court+South+Beach/data=!4m10!3m9!1s0x1ef7a84a270c1841:0x1d9a603028f4e700!5m2!4m1!1i2!8m2!3d-29.8575526!4d31.0392475!16s%2Fg%2F1trl7vt5!19sChIJQRgMJ0qo9x4RAOf0KDBgmh0?authuser=0&hl=en&rclk=1,https://www.southernsun.com/garden-court-south-beach?utm_source=google&utm_medium=businesslisting&utm_campaign=hotel_garden-court-south-beach,Google Maps
ONOMO Hotel Durban,,+27 31 492 3917,,4.2,2083,Unknown,https://www.google.com/maps/place/ONOMO+Hotel+Durban/data=!4m10!3m9!1s0x1ef7a9cccfd6b653:0xa4f37f5f0a83b467!5m2!4m1!1i2!8m2!3d-29.8499176!4d31.0324184!16s%2Fg%2F11h9x256b1!19sChIJU7bWz8yp9x4RZ7SDCl9_86Q?authuser=0&hl=en&rclk=1,https://www.onomohotels.com/,Google Maps
The Balmoral,,+27 31 368 8220,,4.1,1731,Unknown,https://www.google.com/maps/place/The+Balmoral/data=!4m10!3m9!1s0x1ef7a835e55237d3:0x7a2ba1a2d9a3b085!5m2!4m1!1i2!8m2!3d-29.855027!4d31.038648!16s%2Fg%2F1tjvt9mv!19sChIJ0zdS5TWo9x4RhbCj2aKhK3o?authuser=0&hl=en&rclk=1,https://www.balmoralhotel.co.za/,Google Maps
The Royal Hotel by Coastlands Hotels & Resorts,,+27 31 333 6000,,4.0,3406,Unknown,https://www.google.com/maps/place/The+Royal+Hotel+by+Coastlands+Hotels+%26+Resorts/data=!4m10!3m9!1s0x1ef7a9b624dde675:0xad9e7e43ad3ba0c7!5m2!4m1!1i2!8m2!3d-29.8593541!4d31.0258585!16s%2Fm%2F0wfhpyp!19sChIJdebdJLap9x4Rx6A7rUN-nq0?authuser=0&hl=en&rclk=1,http://www.coastlands.co.za/,Google Maps
The Edward,,+27 31 337 3681,,4.3,2428,Unknown,https://www.google.com/maps/place/The+Edward/data=!4m10!3m9!1s0x1ef7a835dcd90ef5:0x6805c339ddbb89fc!5m2!4m1!1i2!8m2!3d-29.8542895!4d31.038498!16s%2Fg%2F1tmwkmvl!19sChIJ9Q7Z3DWo9x4R_Im73TnDBWg?authuser=0&hl=en&rclk=1,https://www.southernsun.com/the-edward?utm_source=google&utm_medium=businesslisting&utm_campaign=hotel_the-edward,Google Maps
Suncoast Hotel and Towers,,+27 31 314 7878,,4.4,1485,Unknown,https://www.google.com/maps/place/Suncoast+Hotel+and+Towers/data=!4m10!3m9!1s0x1ef7077f40af149f:0x73b12bf937389f6a!5m2!4m1!1i2!8m2!3d-29.836744!4d31.035057!16s%2Fg%2F1tf5ypw6!19sChIJnxSvQH8H9x4Rap84N_krsXM?authuser=0&hl=en&rclk=1,https://www.tsogosun.com/hotel/suncoast-towers-hotel/?utm_source=google&utm_medium=businesslisting&utm_campaign=hotel_suncoast-towers,Google Maps
City Lodge Hotel Durban,,+27 31 332 1447,,4.2,1702,Unknown,https://www.google.com/maps/place/City+Lodge+Hotel+Durban/data=!4m10!3m9!1s0x1ef7a9cccbaba883:0xbf287ccf1ff08650!5m2!4m1!1i2!8m2!3d-29.8513456!4d31.0330244!16s%2Fg%2F1tfx75pv!19sChIJg6iry8yp9x4RUIbwH898KL8?authuser=0&hl=en&rclk=1,https://citylodgehotels.com/our-hotels/city-lodge-hotel-durban,Google Maps
Parade Hotel,,+27 31 337 4565,,4.0,1946,No,https://www.google.com/maps/place/Parade+Hotel/data=!4m10!3m9!1s0x1ef7a8343f317d57:0x3a58fa0b77b4a7b2!5m2!4m1!1i2!8m2!3d-29.8523205!4d31.0377387!16s%2Fg%2F1vb9gbsg!19sChIJV30xPzSo9x4Rsqe0dwv6WDo?authuser=0&hl=en&rclk=1,http://www.paradehotel.co.za/,Google Maps
Durban Manor Hotel and Conference Centre,,+27 31 100 0762,,3.7,1102,Unknown,https://www.google.com/maps/place/Durban+Manor+Hotel+and+Conference+Centre/data=!4m10!3m9!1s0x1ef7a9b7dabab059:0xbed46aab62763720!5m2!4m1!1i2!8m2!3d-29.8610311!4d31.0243!16s%2Fg%2F1tg974g8!19sChIJWbC62rep9x4RIDd2Yqtq1L4?authuser=0&hl=en&rclk=1,https://sites.google.com/view/durban-manor-hotel-conference/,Google Maps
Durban Spa,,+27 31 332 9366,,4.0,3523,No,https://www.google.com/maps/place/Durban+Spa/data=!4m10!3m9!1s0x1ef7a84987168a39:0x8823174b27f7e5d2!5m2!4m1!1i2!8m2!3d-29.8578501!4d31.0393226!16s%2Fg%2F1tfhpx5l!19sChIJOYoWh0mo9x4R0uX3J0sXI4g?authuser=0&hl=en&rclk=1,https://www.durbanspa.co.za/,Google Maps
Gooderson Tropicana Hotel,,+27 31 368 1511,,4.0,2366,Unknown,https://www.google.com/maps/place/Gooderson+Tropicana+Hotel/data=!4m10!3m9!1s0x1ef7a84a1e0eaaa5:0x8358d38bc670c52b!5m2!4m1!1i2!8m2!3d-29.8566946!4d31.0391063!16s%2Fg%2F1tdgxpvc!19sChIJpaoOHkqo9x4RK8VwxovTWIM?authuser=0&hl=en&rclk=1,https://www.tropicanahotel.co.za/,Google Maps
Road Lodge Durban,,+27 31 304 8202,,3.9,1204,Unknown,https://www.google.com/maps/place/Road+Lodge+Durban/data=!4m10!3m9!1s0x1ef7a9c49d380205:0x53f0339b6ca501d8!5m2!4m1!1i2!8m2!3d-29.8526488!4d31.0218353!16s%2Fg%2F1thv1ndq!19sChIJBQI4ncSp9x4R2AGlbJsz8FM?authuser=0&hl=en&rclk=1,https://citylodgehotels.com/our-hotels/road-lodge-durban,Google Maps
The Palace,,+27 31 332 8351,,4.2,2267,Unknown,https://www.google.com/maps/place/The+Palace/data=!4m10!3m9!1s0x1ef7a8346b8e3d07:0xe08cbd6a69710b52!5m2!4m1!1i2!8m2!3d-29.8517866!4d31.0377061!16s%2Fg%2F1yl47_wkh!19sChIJBz2OazSo9x4RUgtxaWq9jOA?authuser=0&hl=en&rclk=1,https://www.firstgroup-sa.co.za/the-palace,Google Maps
SUN1 Durban,,+27 31 301 1551,,3.6,1222,Unknown,https://www.google.com/maps/place/SUN1+Durban/data=!4m10!3m9!1s0x1ef70773ec0ee90f:0xccc38e69c9b9857e!5m2!4m1!1i2!8m2!3d-29.8462294!4d31.0248297!16s%2Fg%2F1v7y01pf!19sChIJD-kO7HMH9x4RfoW5yWmOw8w?authuser=0&hl=en&rclk=1,https://www.southernsun.com/sun1-durban?utm_source=google&utm_medium=businesslisting&utm_campaign=hotel_sun1-durban,Google Maps
Riviera Hotel,,+27 31 301 3681,,3.5,930,Unknown,https://www.google.com/maps/place/Riviera+Hotel/data=!4m10!3m9!1s0x1ef7a9b81a727fe3:0xaac6b2d82e0e0719!5m2!4m1!1i2!8m2!3d-29.8614577!4d31.0213347!16s%2Fg%2F1thlwvxl!19sChIJ439yGrip9x4RGQcOLtiyxqo?authuser=0&hl=en&rclk=1,http://www.rivierahoteldurban.co.za/,Google Maps
Albany Hotel,,+27 31 304 4381,,3.4,2476,Unknown,https://www.google.com/maps/place/Albany+Hotel/data=!4m10!3m9!1s0x1ef7a9b6065b89fb:0x623f0a339952dd96!5m2!4m1!1i2!8m2!3d-29.8591276!4d31.0275256!16s%2Fg%2F1v0bw0jy!19sChIJ-4lbBrap9x4Rlt1SmTMKP2I?authuser=0&hl=en&rclk=1,http://www.albanyhotel.co.za/,Google Maps
BAYSIDE HOTEL 116 WEST STREET,,+27 31 332 0460,,4.0,1909,Unknown,https://www.google.com/maps/place/BAYSIDE+HOTEL+116+WEST+STREET/data=!4m10!3m9!1s0x1ef7a9caa95a3d65:0x9dc4b91cccc908!5m2!4m1!1i2!8m2!3d-29.856583!4d31.032974!16s%2Fg%2F1tf21h5t!19sChIJZT1aqcqp9x4RCMnMHLnEnQA?authuser=0&hl=en&rclk=1,https://www.baysidegroup.co.za/116-west-street/,Google Maps
Beach Hotel,,+27 31 337 4222,,3.7,1118,No,https://www.google.com/maps/place/Beach+Hotel/data=!4m10!3m9!1s0x1ef7a84a0084b2c9:0xd3a0721bb97b4fbd!5m2!4m1!1i2!8m2!3d-29.8555697!4d31.0387411!16s%2Fg%2F1pzphwmn5!19sChIJybKEAEqo9x4RvU97uRtyoNM?authuser=0&hl=en&rclk=1,http://www.goodersonleisure.co.za/,Google Maps
Luxe on Ridge Boutique Hotel,,+27 31 493 2455,,4.5,97,Unknown,https://www.google.com/maps/place/Luxe+on+Ridge+Boutique+Hotel/data=!4m10!3m9!1s0x1ef7070d5c3ca55b:0x9a078e3c8ec7129!5m2!4m1!1i2!8m2!3d-29.8397096!4d30.9973419!16s%2Fg%2F11t0r8j27j!19sChIJW6U8XA0H9x4RKXHsyON4oAk?authuser=0&hl=en&rclk=1,http://www.luxeonridge.co.za/,Google Maps
Hotel Cube,,+27 31 303 2097,,3.5,799,Unknown,https://www.google.com/maps/place/Hotel+Cube/data=!4m10!3m9!1s0x10bc0375cb4093d:0x73ffd146c81548d3!5m2!4m1!1i2!8m2!3d-29.8247339!4d31.0198685!16s%2Fg%2F11b6nxb_5v!19sChIJPQm0XDfACwER00gVyEbR_3M?authuser=0&hl=en&rclk=1,http://www.hotelcube.co.za/,Google Maps
The St James on Venice,,+27 71 429 6907,,4.2,575,Unknown,https://www.google.com/maps/place/The+St+James+on+Venice/data=!4m10!3m9!1s0x1ef7076e87340b45:0xd77edb085f0a1862!5m2!4m1!1i2!8m2!3d-29.8246842!4d31.0190676!16s%2Fg%2F1tg_6w_h!19sChIJRQs0h24H9x4RYhgKXwjbftc?authuser=0&hl=en&rclk=1,https://www.stjamesonvenice.co.za/,Google Maps
Coastlands Durban Self Catering Holiday Apartments,,+27 31 335 5000,,3.7,2073,Unknown,https://www.google.com/maps/place/Coastlands+Durban+Self+Catering+Holiday+Apartments/data=!4m10!3m9!1s0x1ef7a9c83f374877:0x66ca1889130e1f79!5m2!4m1!1i2!8m2!3d-29.8563594!4d31.0371756!16s%2Fg%2F1262m1vbb!19sChIJd0g3P8ip9x4ReR8OE4kYymY?authuser=0&hl=en&rclk=1,https://www.coastlands.co.za/,Google Maps
Bayside Hotel Pine Street,,+27 31 332 4715,,4.0,391,Unknown,https://www.google.com/maps/place/Bayside+Hotel+Pine+Street/data=!4m10!3m9!1s0x1ef7a8351500752b:0xf72ab861e08cbf47!5m2!4m1!1i2!8m2!3d-29.8552772!4d31.0350254!16s%2Fg%2F11cs3299yd!19sChIJK3UAFTWo9x4RR7-M4GG4Kvc?authuser=0&hl=en&rclk=1,http://www.baysidegroup.co.za/,Google Maps
Grange Gardens Hotel,,+27 31 312 9918,,3.8,454,Unknown,https://www.google.com/maps/place/Grange+Gardens+Hotel/data=!4m10!3m9!1s0x1ef7076ff9cc357b:0xd48fadfc54f9f3e4!5m2!4m1!1i2!8m2!3d-29.8227816!4d31.0256992!16s%2Fg%2F1thqd4hf!19sChIJezXM-W8H9x4R5PP5VPytj9Q?authuser=0&hl=en&rclk=1,http://www.grangegardens.co.za/,Google Maps
The Quarters Hotel,,+27 31 303 5246,,4.4,263,Unknown,https://www.google.com/maps/place/The+Quarters+Hotel/data=!4m10!3m9!1s0x1ef70766ba86b989:0xb6bec1710d22ed68!5m2!4m1!1i2!8m2!3d-29.8352193!4d31.0179579!16s%2Fg%2F1tzfvjc4!19sChIJibmGumYH9x4RaO0iDXHBvrY?authuser=0&hl=en&rclk=1,http://www.quarters.co.za/,Google Maps
Royal Ushaka Hotel Morningside,,+27 31 316 5383,,4.1,201,No,https://www.google.com/maps/place/Royal+Ushaka+Hotel+Morningside/data=!4m10!3m9!1s0x1ef7079aa4761687:0xb198d98a858d8ed4!5m2!4m1!1i2!8m2!3d-29.8179988!4d31.0244648!16s%2Fg%2F11j2mfyln3!19sChIJhxZ2pJoH9x4R1I6NhYrZmLE?authuser=0&hl=en&rclk=1,http://www.royalushakamorningside.co.za/,Google Maps
"Solrand Hotel, Durban",,+27 31 332 0204,,3.7,392,Unknown,"https://www.google.com/maps/place/Solrand+Hotel,+Durban/data=!4m10!3m9!1s0x1ef7a9ca76c4b155:0xf615993faeec4d52!5m2!4m1!1i2!8m2!3d-29.857792!4d31.029701!16s%2Fg%2F11f4wvm34y!19sChIJVbHEdsqp9x4RUk3srj-ZFfY?authuser=0&hl=en&rclk=1",https://hotelsolranddurban.ohotel.net.za/,Google Maps
Luxe Suites Hotel,,+27 31 492 4589,,4.5,98,Unknown,https://www.google.com/maps/place/Luxe+Suites+Hotel/data=!4m10!3m9!1s0x1ef7073817d4a8dd:0x25ca8c6b7f6a8ca9!5m2!4m1!1i2!8m2!3d-29.8317115!4d31.0171872!16s%2Fg%2F11js3w86s7!19sChIJ3ajUFzgH9x4RqYxqf2uMyiU?authuser=0&hl=en&rclk=1,http://www.luxesuites.co.za/,Google Maps
Mandalay Bed & Breakfast and Conference,,+27 87 138 3603,,4.3,87,Unknown,https://www.google.com/maps/place/Mandalay+Bed+%26+Breakfast+and+Conference/data=!4m10!3m9!1s0x1ef707a78f3cb613:0xbb18b8d59eb72ceb!5m2!4m1!1i2!8m2!3d-29.7999886!4d31.0283481!16s%2Fg%2F1tkzjtj1!19sChIJE7Y8j6cH9x4R6yy3ntW4GLs?authuser=0&hl=en&rclk=1,https://www.mandalay.co.za/,Google Maps
Palace Lodge,,+27 31 276 2389,,4.5,88,No,https://www.google.com/maps/place/Palace+Lodge/data=!4m10!3m9!1s0x1ef7012db0181c87:0x3b93a93a98e7d1da!5m2!4m1!1i2!8m2!3d-29.805055!4d30.964107!16s%2Fg%2F11j31vxj81!19sChIJhxwYsC0B9x4R2tHnmDqpkzs?authuser=0&hl=en&rclk=1,https://palace-lodge-durban.ohotel.net.za/,Google Maps
illi boutique guesthouse,,+27 83 671 1515,,4.8,4,Unknown,https://www.google.com/maps/place/illi+boutique+guesthouse/data=!4m10!3m9!1s0x1ef7a956726cf2d3:0x3a7140428db800bc!5m2!4m1!1i2!8m2!3d-29.8617946!4d30.9884488!16s%2Fg%2F11mzmv1d03!19sChIJ0_Jsclap9x4RvAC4jUJAcTo?authuser=0&hl=en&rclk=1,http://www.illiboutiqueguesthouse.co.za/,Google Maps
"The Concierge Boutique Bungalows, Freedom Cafe & Queen of Sheba. Hidden Gems...",,+27 84 242 5712,,4.2,145,Unknown,"https://www.google.com/maps/place/The+Concierge+Boutique+Bungalows,+Freedom+Cafe+%26+Queen+of+Sheba.+Hidden+Gems.../data=!4m10!3m9!1s0x1ef707628f99df09:0x3af2159ec95c255f!5m2!4m1!1i2!8m2!3d-29.8387015!4d31.0193697!16s%2Fg%2F1tf8b923!19sChIJCd-Zj2IH9x4RXyVcyZ4V8jo?authuser=0&hl=en&rclk=1",http://www.the-conciergehotel.co.za/,Google Maps
Florida Palms Guesthouse,,+27 63 634 0480,,4.3,12,Unknown,https://www.google.com/maps/place/Florida+Palms+Guesthouse/data=!4m10!3m9!1s0x1ef707c6e1c81ee1:0x26c8b5ddd7de5f3f!5m2!4m1!1i2!8m2!3d-29.8290155!4d31.0118076!16s%2Fg%2F11vwqvhrg4!19sChIJ4R7I4cYH9x4RP1_e1921yCY?authuser=0&hl=en&rclk=1,http://floridapalms.co.za/,Google Maps
Zet on 9th Avenue,,+27 73 486 6343,,4.0,6,No,https://www.google.com/maps/place/Zet+on+9th+Avenue/data=!4m10!3m9!1s0x1ef707484d035ac5:0xf9b9d2b2a03d8066!5m2!4m1!1i2!8m2!3d-29.8325063!4d31.0177541!16s%2Fg%2F11kpt7xd65!19sChIJxVoDTUgH9x4RZoA9oLLSufk?authuser=0&hl=en&rclk=1,http://zeton9thavenue.com/,Google Maps
SilverOaks Boutique Hotel,,+27 31 201 1614,,3.9,165,Unknown,https://www.google.com/maps/place/SilverOaks+Boutique+Hotel/data=!4m10!3m9!1s0x1ef7a9e354980a2b:0xf6f0e7b4663f4d75!5m2!4m1!1i2!8m2!3d-29.8504165!4d30.9990494!16s%2Fg%2F1tf2p019!19sChIJKwqYVOOp9x4RdU0_ZrTn8PY?authuser=0&hl=en&rclk=1,http://www.silveroaks.co.za/,Google Maps
Bayside Hotel 97 Joseph Nduli Street,,+27 31 307 4651,,4.0,402,Unknown,https://www.google.com/maps/place/Bayside+Hotel+97+Joseph+Nduli+Street/data=!4m10!3m9!1s0x1ef7a9c0d96cec77:0x2c3c2b3c6d7ec9ef!5m2!4m1!1i2!8m2!3d-29.8610735!4d31.0155893!16s%2Fg%2F1pzrfvm0p!19sChIJd-xs2cCp9x4R78l-bTwrPCw?authuser=0&hl=en&rclk=1,http://www.baysidegroup.co.za/,Google Maps
Britannia Hotel,,+27 31 303 2266,,4.1,3858,Unknown,https://www.google.com/maps/place/Britannia+Hotel/data=!4m10!3m9!1s0x1ef707c9041d535d:0x22e18ca8265d852a!5m2!4m1!1i2!8m2!3d-29.8120411!4d31.018818!16s%2Fg%2F1v_qrc6t!19sChIJXVMdBMkH9x4RKoVdJqiM4SI?authuser=0&hl=en&rclk=1,http://www.hotelbrits.co.za/,Google Maps
Tudor House Hotel,,+27 31 337 7328,,3.6,548,No,https://www.google.com/maps/place/Tudor+House+Hotel/data=!4m10!3m9!1s0x1ef7a9ca7399e931:0xb63c7d6d85de54fd!5m2!4m1!1i2!8m2!3d-29.8577488!4d31.0294113!16s%2Fg%2F1vgn53sf!19sChIJMemZc8qp9x4R_VTehW19PLY?authuser=0&hl=en&rclk=1,http://www.hoteltudor.co.za/,Google Maps
Architects View Self Catering Guest House,,+27 72 482 6555,,4.9,112,Unknown,https://www.google.com/maps/place/Architects+View+Self+Catering+Guest+House/data=!4m10!3m9!1s0x1ef7073aa6462369:0xb0ca3a31d8ecca00!5m2!4m1!1i2!8m2!3d-29.8217112!4d31.0229491!16s%2Fg%2F11qg15q08z!19sChIJaSNGpjoH9x4RAMrs2DE6yrA?authuser=0&hl=en&rclk=1,https://book.nightsbridge.com/38648,Google Maps
Bayside Suites,,+27 31 521 0098,,2.9,21,Unknown,https://www.google.com/maps/place/Bayside+Suites/data=!4m10!3m9!1s0x1ef7a9b5a63a2115:0x6a49454a21b2bdc7!5m2!4m1!1i2!8m2!3d-29.8572391!4d31.0330797!16s%2Fg%2F11w23f207v!19sChIJFSE6prWp9x4Rx72yIUpFSWo?authuser=0&hl=en&rclk=1,https://www.baysidegroup.co.za/,Google Maps
Florida Park Hotel,,+27 31 303 1146,,4.0,433,Unknown,https://www.google.com/maps/place/Florida+Park+Hotel/data=!4m10!3m9!1s0x1ef707642c600633:0xd73896192bcbc264!5m2!4m1!1i2!8m2!3d-29.8328047!4d31.0168972!16s%2Fg%2F1tgfsqd5!19sChIJMwZgLGQH9x4RZMLLKxmWONc?authuser=0&hl=en&rclk=1,http://www.floridaparkhotel.co.za/,Google Maps
Holland House Bed and Breakfast,,+27 31 303 7156,,4.8,138,Unknown,https://www.google.com/maps/place/Holland+House+Bed+and+Breakfast/data=!4m10!3m9!1s0x1ef70768f0bd565d:0x77894f6d50c2cfc5!5m2!4m1!1i2!8m2!3d-29.8290751!4d31.0137919!16s%2Fg%2F11bxdd9zr9!19sChIJXVa98GgH9x4Rxc_CUG1PiXc?authuser=0&hl=en&rclk=1,http://www.hollandhousebnb.com/,Google Maps
Durban Beachfront Self catering Apartments SOUTH BEACH,,+27 31 100 2434,,3.7,363,Unknown,https://www.google.com/maps/place/Durban+Beachfront+Self+catering+Apartments+SOUTH+BEACH/data=!4m10!3m9!1s0x1ef7a84966984f71:0xdbf97ff2b18b937d!5m2!4m1!1i2!8m2!3d-29.8589825!4d31.0400508!16s%2Fg%2F1pzrl9f6q!19sChIJcU-YZkmo9x4RfZOLsfJ_-ds?authuser=0&hl=en&rclk=1,http://www.holidayflatsdbn.co.za/,Google Maps
Bayside Self Catering,,+27 31 332 0727,,4.2,466,Unknown,https://www.google.com/maps/place/Bayside+Self+Catering/data=!4m10!3m9!1s0x1ef7a9caad9bf531:0x133ea6335fa0e842!5m2!4m1!1i2!8m2!3d-29.8564533!4d31.0333083!16s%2Fg%2F11f_xmgq6v!19sChIJMfWbrcqp9x4RQuigXzOmPhM?authuser=0&hl=en&rclk=1,https://www.baysidegroup.co.za/110-west-str/,Google Maps
Essenwood House,,+27 81 446 7836,,3.4,189,Unknown,https://www.google.com/maps/place/Essenwood+House/data=!4m10!3m9!1s0x1ef707433f2a9ad9:0xfe34a00122cc2286!5m2!4m1!1i2!8m2!3d-29.8322737!4d31.0068449!16s%2Fg%2F1thknstf!19sChIJ2ZoqP0MH9x4RhiLMIgGgNP4?authuser=0&hl=en&rclk=1,http://www.essenwoodhouse.com/,Google Maps
Smith's Cottage,,+27 31 564 6313,,4.6,86,Unknown,https://www.google.com/maps/place/Smith%27s+Cottage/data=!4m10!3m9!1s0x1ef707d124fcf16d:0xc17c7ae35e3fc9ec!5m2!4m1!1i2!8m2!3d-29.805395!4d31.0165085!16s%2Fg%2F1v_swqvk!19sChIJbfH8JNEH9x4R7Mk_XuN6fME?authuser=0&hl=en&rclk=1,https://smithscottage.durbanahotel.com/,Google Maps
Emakhosini Boutique Hotel,,+27 31 203 4500,,4.2,816,Unknown,https://www.google.com/maps/place/Emakhosini+Boutique+Hotel/data=!4m10!3m9!1s0x1ef7076aa2ec9bd3:0xf9be094974721a79!5m2!4m1!1i2!8m2!3d-29.8224028!4d31.0111427!16s%2Fg%2F1vtt_07z!19sChIJ05vsomoH9x4ReRpydEkJvvk?authuser=0&hl=en&rclk=1,https://www.emakhosinigroup.com/,Google Maps
The Crescent Guesthouse,,+27 83 703 2232,,2.7,238,Unknown,https://www.google.com/maps/place/The+Crescent+Guesthouse/data=!4m10!3m9!1s0x1ef700ab6dbccc11:0x79837cb0f40503d2!5m2!4m1!1i2!8m2!3d-29.8447588!4d30.9854781!16s%2Fg%2F1tdjtdzn!19sChIJEcy8basA9x4R0gMF9LB8g3k?authuser=0&hl=en&rclk=1,http://www.thecrescentbnb.net/,Google Maps
Musgrave Avenue Guest Lodge,,+27 31 201 1625,,4.3,138,Unknown,https://www.google.com/maps/place/Musgrave+Avenue+Guest+Lodge/data=!4m10!3m9!1s0x1ef7a9e4bb8aaadf:0xe6bd509b3ace3f82!5m2!4m1!1i2!8m2!3d-29.8510039!4d31.0001777!16s%2Fg%2F11b5vsw981!19sChIJ36qKu-Sp9x4Rgj_OOptQveY?authuser=0&hl=en&rclk=1,http://www.musgraveavenue.co.za/,Google Maps
SolSands Hotel & Self Catering,,+27 83 790 4313,,3.6,49,Unknown,https://www.google.com/maps/place/SolSands+Hotel+%26+Self+Catering/data=!4m10!3m9!1s0x1ef7a90042f6a9cf:0xd159932c08bb0bfe!5m2!4m1!1i2!8m2!3d-29.8656629!4d31.0436712!16s%2Fg%2F11yfvqxbdf!19sChIJz6n2QgCp9x4R_gu7CCyTWdE?authuser=0&hl=en&rclk=1,https://solsands.co.za/,Google Maps
PLM Palace Lodge,,+27 31 307 7730,,3.9,197,Unknown,https://www.google.com/maps/place/PLM+Palace+Lodge/data=!4m10!3m9!1s0x1ef7a9bf2a563e47:0xe109c38824ab394d!5m2!4m1!1i2!8m2!3d-29.8640538!4d31.0161298!16s%2Fg%2F1tmmb7xs!19sChIJRz5WKr-p9x4RTTmrJIjDCeE?authuser=0&hl=en&rclk=1,https://plmlodge.co.za/plm-palace-lodge/,Google Maps
Palace Lodge Seacowlake,,+27 31 577 0076,,4.1,136,Unknown,https://www.google.com/maps/place/Palace+Lodge+Seacowlake/data=!4m10!3m9!1s0x1ef7012c54a35803:0xdc8a9d3fcb38a6dc!5m2!4m1!1i2!8m2!3d-29.799446!4d30.9843437!16s%2Fg%2F11b6xk6q_q!19sChIJA1ijVCwB9x4R3KY4yz-ditw?authuser=0&hl=en&rclk=1,http://palacelodge.co.za/,Google Maps
Palace Lodge Morningside,,+27 31 309 5647,,4.2,212,Unknown,https://www.google.com/maps/place/Palace+Lodge+Morningside/data=!4m10!3m9!1s0x1ef707628779e36d:0x639ba3acdb2f4589!5m2!4m1!1i2!8m2!3d-29.8394503!4d31.0191832!16s%2Fg%2F11fzf05f0n!19sChIJbeN5h2IH9x4RiUUv26yjm2M?authuser=0&hl=en&rclk=1,http://www.palacelodge.co.za/,Google Maps
Pastel Guest house bed and breakfast self catering,,+27 83 700 0189,,3.8,57,Unknown,https://www.google.com/maps/place/Pastel+Guest+house+bed+and+breakfast+self+catering/data=!4m10!3m9!1s0x1ef7a9e3f33b231f:0xc95b3768bb537f5e!5m2!4m1!1i2!8m2!3d-29.848731!4d31.0033077!16s%2Fg%2F11b7cbmrw3!19sChIJHyM78-Op9x4RXn9Tu2g3W8k?authuser=0&hl=en&rclk=1,https://book.nightsbridge.com/18781?nbid=952&startdate=2023-02-04&enddate=2023-02-05,Google Maps
Albion Manor Guest House,,+27 31 313 9700,,4.5,66,Unknown,https://www.google.com/maps/place/Albion+Manor+Guest+House/data=!4m10!3m9!1s0x1ef70741c3bd2653:0x48338773cee966e1!5m2!4m1!1i2!8m2!3d-29.8253856!4d31.0104049!16s%2Fg%2F11b73m7gyw!19sChIJUya9w0EH9x4R4WbpznOHM0g?authuser=0&hl=en&rclk=1,https://albion-manor-guest-house.durban-hotels-za.com/,Google Maps
PLM Golden Lodge,,+27 31 201 3901,,4.3,17,Unknown,https://www.google.com/maps/place/PLM+Golden+Lodge/data=!4m10!3m9!1s0x1ef7a9671f4f1c11:0x7cdac680191ac12c!5m2!4m1!1i2!8m2!3d-29.8646435!4d30.9954364!16s%2Fg%2F11ycbfh86c!19sChIJERxPH2ep9x4RLMEaGYDG2nw?authuser=0&hl=en&rclk=1,https://plmlodge.co.za/plm-golden-lodge/,Google Maps
ARUM LILY,,+27 83306906,687 Wekker Street pretoria,0.0,0,Unknown,,https://arumlily.co.za/,OpenStreetMap
Southern Sun Pretoria,,+27 12 444 5500,"Cnr. Steve Biko and, Pretorius St",4.2,2713,Unknown,https://www.google.com/maps/place/Southern+Sun+Pretoria/data=!4m7!3m6!1s0x1e95621da6648abd:0x217ae8c099ff1a8f!8m2!3d-25.7460702!4d28.2041168!16s%2Fg%2F1tgl5_sd!19sChIJvYpkph1ilR4Rjxr_mcDoeiE?authuser=0&hl=en&rclk=1,https://www.southernsun.com/southern-sun-pretoria?utm_source=google&utm_medium=businesslisting&utm_campaign=hotel_southern-sun-pretoria,Google Maps
Protea Hotel Pretoria Loftus Park,,+27 12 030 0420,416 Kirkness St,4.6,1582,Unknown,https://www.google.com/maps/place/Protea+Hotel+Pretoria+Loftus+Park/data=!4m7!3m6!1s0x1e95611eb7e60693:0xcbddecca8e86910a!8m2!3d-25.7515172!4d28.2227133!16s%2Fg%2F11ghxjdtv7!19sChIJkwbmtx5hlR4RCpGGjsrs3cs?authuser=0&hl=en&rclk=1,https://www.marriott.com/en-us/hotels/prylp-protea-hotel-pretoria-loftus-park/overview/?scid=f2ae0541-1279-4f24-b197-a979c79310b0,Google Maps
THE Pretoria Hotel,,+27 12 341 3474,230 Hamilton St,3.9,1092,Unknown,https://www.google.com/maps/place/THE+Pretoria+Hotel/data=!4m7!3m6!1s0x1e9561f61904fe3b:0xe6df159a008295a4!8m2!3d-25.7464717!4d28.2064054!16s%2Fg%2F1th3qxwx!19sChIJO_4EGfZhlR4RpJWCAJoV3-Y?authuser=0&hl=en&rclk=1,https://thepretoriahotel.com/,Google Maps
Manhattan Hotel Pretoria,,+27 12 392 0000,247 Scheiding St,4.3,5303,Unknown,https://www.google.com/maps/place/Manhattan+Hotel+Pretoria/data=!4m7!3m6!1s0x1e95622ecd55ab01:0x5a4ed96f0a361206!8m2!3d-25.7567692!4d28.1911797!16s%2Fg%2F1tf4tp7l!19sChIJAatVzS5ilR4RBhI2Cm_ZTlo?authuser=0&hl=en&rclk=1,http://manhattanhotel.co.za/,Google Maps
The Capital Menlyn Maine,,+27 12 942 5000,194 Bancor Ave,4.6,2701,Unknown,https://www.google.com/maps/place/The+Capital+Menlyn+Maine/data=!4m7!3m6!1s0x1e9560b9584dc2ad:0x9f1fc425ac9cb8dc!8m2!3d-25.7862105!4d28.281464!16s%2Fg%2F11cs6lpz36!19sChIJrcJNWLlglR4R3LicrCXEH58?authuser=0&hl=en&rclk=1,https://thecapital.co.za/,Google Maps
RH Hotel & Apartments - Pretoria,,+27 12 444 1000,14 Trevenna St,4.2,2326,Unknown,https://www.google.com/maps/place/RH+Hotel+%26+Apartments+-+Pretoria/data=!4m7!3m6!1s0x1e95621e4bdb515d:0x97b2b4226b6106d5!8m2!3d-25.7497614!4d28.2026096!16s%2Fg%2F1tk20b22!19sChIJXVHbSx5ilR4R1QZhayK0spc?authuser=0&hl=en&rclk=1,http://www.rhhotelpretoria.co.za/,Google Maps
ANEW Hotel Centurion Pretoria,,+27 12 004 0220,"And, Cnr Gordon Hood, Hendrik Verwoerd Dr S",4.2,2050,Unknown,https://www.google.com/maps/place/ANEW+Hotel+Centurion+Pretoria/data=!4m7!3m6!1s0x1e956439cf20373f:0x35f8e6d82266ba85!8m2!3d-25.8535165!4d28.1862271!16s%2Fg%2F1tgcv47r!19sChIJPzcgzzlklR4RhbpmItjm-DU?authuser=0&hl=en&rclk=1,https://anewhotels.com/hotels/centurion/?utm_source=google&utm_medium=organic&utm_campaign=gmblisting,Google Maps
StayEasy Pretoria,,+27 12 407 0600,632 Lilian Ngoyi St,4.0,927,Unknown,https://www.google.com/maps/place/StayEasy+Pretoria/data=!4m7!3m6!1s0x1e95623ca9d1cdb5:0x8568472c00c405e2!8m2!3d-25.7607783!4d28.19362!16s%2Fg%2F1tdt36s7!19sChIJtc3RqTxilR4R4gXEACxHaIU?authuser=0&hl=en&rclk=1,https://www.southernsun.com/stayeasy-pretoria?utm_source=google&utm_medium=businesslisting&utm_campaign=hotel_stayeasy-pretoria,Google Maps
Inani Hotels - Morning Star,,+27 12 442 0600,327 Visagie St,3.9,1728,Unknown,https://www.google.com/maps/place/Inani+Hotels+-+Morning+Star/data=!4m7!3m6!1s0x1e956219d2c403f7:0x1ab6a2949a77fc5d!8m2!3d-25.7523309!4d28.1948171!16s%2Fg%2F1tlr2b31!19sChIJ9wPE0hlilR4RXfx3mpSitho?authuser=0&hl=en&rclk=1,http://www.morningstarhotel.co.za/,Google Maps
The Park Lodge Hotel,,+27 12 320 0103,232 Jeff Masemola St,4.1,238,Unknown,https://www.google.com/maps/place/The+Park+Lodge+Hotel/data=!4m7!3m6!1s0x1e956216386aabc5:0x6e935e5241e1040f!8m2!3d-25.7547474!4d28.1901609!16s%2Fg%2F1tgkqrhg!19sChIJxatqOBZilR4RDwThQVJek24?authuser=0&hl=en&rclk=1,http://www.theparklodge.co.za/,Google Maps
City Lodge Hotel Hatfield,,+27 12 423 5000,407 Hilda St,4.2,1162,Unknown,https://www.google.com/maps/place/City+Lodge+Hotel+Hatfield/data=!4m7!3m6!1s0x1e9561b92ba2e15d:0x28ed5c5501532b12!8m2!3d-25.7495996!4d28.2348479!16s%2Fg%2F11cfh34j9!19sChIJXeGiK7lhlR4REitTAVVc7Sg?authuser=0&hl=en&rclk=1,https://citylodgehotels.com/our-hotels/city-lodge-hotel-hatfield,Google Maps
Menlyn Boutique Hotel,,+27 12 425 9580,209 Tugela Rd,4.7,962,Unknown,https://www.google.com/maps/place/Menlyn+Boutique+Hotel/data=!4m7!3m6!1s0x1e9560ea2f4bb8ad:0x971ca68436658cf!8m2!3d-25.7804978!4d28.2706362!16s%2Fg%2F1tvdy469!19sChIJrbhLL-pglR4Rz1hmQ2jKcQk?authuser=0&hl=en&rclk=1,http://www.menlynhotel.com/,Google Maps
The Regency Apartment Hotel | Menlyn,,+27 12 786 0166,27 Matroosberg Road Ashlea Gardens,4.2,1705,Unknown,https://www.google.com/maps/place/The+Regency+Apartment+Hotel+%7C+Menlyn/data=!4m7!3m6!1s0x1e9560c49dc75d4f:0x2130c98f5a13530b!8m2!3d-25.7813891!4d28.2678705!16s%2Fg%2F11f54706tr!19sChIJT13HncRglR4RC1MTWo_JMCE?authuser=0&hl=en&rclk=1,https://theregencygroups.co.za/,Google Maps
Premier Hotel Pretoria,,+27 12 441 1400,573 Stanza Bopape St,4.1,1722,Unknown,https://www.google.com/maps/place/Premier+Hotel+Pretoria/data=!4m7!3m6!1s0x1e9561f63f87587f:0xa77cc60f56fdb6e!8m2!3d-25.7452327!4d28.2075529!16s%2Fg%2F1tkxplv5!19sChIJf1iHP_ZhlR4Rbttv9WDMdwo?authuser=0&hl=en&rclk=1,https://www.premierhotels.co.za/pretoria/,Google Maps
Irene Country Hotel,,+27 12 667 6464,Nellmapius Dr,4.5,3547,Unknown,https://www.google.com/maps/place/Irene+Country+Hotel/data=!4m7!3m6!1s0x1e95666c9a469f95:0xac2d8d56c4fad84c!8m2!3d-25.876063!4d28.211096!16s%2Fg%2F1th4_64p!19sChIJlZ9GmmxmlR4RTNj6xFaNLaw?authuser=0&hl=en&rclk=1,http://www.irenecountryhotel.co.za/,Google Maps
Protea Hotel Fire & Ice! Pretoria Menlyn,,+27 12 471 8600,"Summit Place Precinct, 221 Garsfontein Rd",4.4,4896,Unknown,https://www.google.com/maps/place/Protea+Hotel+Fire+%26+Ice!+Pretoria+Menlyn/data=!4m7!3m6!1s0x1e9560c17254d947:0xfa00695e6b2f1fc8!8m2!3d-25.7863693!4d28.2713034!16s%2Fg%2F11b6h_c720!19sChIJR9lUcsFglR4RyB8va15pAPo?authuser=0&hl=en&rclk=1,https://www.marriott.com/en-us/hotels/pryme-protea-hotel-fire-and-ice-pretoria-menlyn/overview/?scid=f2ae0541-1279-4f24-b197-a979c79310b0,Google Maps
Hotel 224,,+27 12 440 5281,596 Francis Baard St,4.0,829,Unknown,https://www.google.com/maps/place/Hotel+224/data=!4m7!3m6!1s0x1e9561f432d0909b:0x1acd3c2b40a3e4ce!8m2!3d-25.7474676!4d28.2088668!16s%2Fg%2F1vb_r70h!19sChIJm5DQMvRhlR4RzuSjQCs8zRo?authuser=0&hl=en&rclk=1,http://www.hotel224.com/,Google Maps
Castello Di Monte,,+27 12 346 6984,402 Aries St,4.7,347,Unknown,https://www.google.com/maps/place/Castello+Di+Monte/data=!4m7!3m6!1s0x1e95611f08de727f:0x66c89a5c926aad71!8m2!3d-25.7850475!4d28.2494468!16s%2Fg%2F1tgz7rp4!19sChIJf3LeCB9hlR4Rca1qklyayGY?authuser=0&hl=en&rclk=1,https://castello.co.za/,Google Maps
Ebony Guest House,,+27 78 988 5403,,4.1,61,Unknown,https://www.google.com/maps/place/Ebony+Guest+House/data=!4m10!3m9!1s0x1e95633b9df89593:0xf39cd2ae60a4fe4f!5m2!4m1!1i2!8m2!3d-25.753576!4d28.1735796!16s%2Fg%2F11vy0t54bt!19sChIJk5X4nTtjlR4RT_6kYK7SnPM?authuser=0&hl=en&rclk=1,https://www.ebonylounge.co.za/,Google Maps
"Villa Africa Boutique Hotel, Event Venue and Spa",,+27 12 807 7535,,4.0,826,Unknown,"https://www.google.com/maps/place/Villa+Africa+Boutique+Hotel,+Event+Venue+and+Spa/data=!4m10!3m9!1s0x1e955e5b71e32f61:0xa3bb631a624f92d7!5m2!4m1!1i2!8m2!3d-25.7617195!4d28.3362394!16s%2Fg%2F11b6dp065n!19sChIJYS_jcVtelR4R15JPYhpju6M?authuser=0&hl=en&rclk=1",http://www.villaafrica.co.za/,Google Maps
Union Guesthouse,,+27 63 943 0751,,3.8,137,Unknown,https://www.google.com/maps/place/Union+Guesthouse/data=!4m10!3m9!1s0x1e956186774cb8dd:0x3056c8e4aec2a643!5m2!4m1!1i2!8m2!3d-25.7431252!4d28.2234131!16s%2Fg%2F11hzzdtjbc!19sChIJ3bhMd4ZhlR4RQ6bCruTIVjA?authuser=0&hl=en&rclk=1,https://unionguesthouse.pretoriacityhotel.com/,Google Maps
SUN1 Pretoria,,+27 12 323 8331,,3.9,1112,Unknown,https://www.google.com/maps/place/SUN1+Pretoria/data=!4m10!3m9!1s0x1e956212cb3de7cf:0x34ebd02783662fec!5m2!4m1!1i2!8m2!3d-25.7487038!4d28.1824465!16s%2Fg%2F1ptw8s8n_!19sChIJz-c9yxJilR4R7C9mgyfQ6zQ?authuser=0&hl=en&rclk=1,https://www.southernsun.com/sun1-pretoria?utm_source=google&utm_medium=businesslisting&utm_campaign=hotel_sun1-pretoria,Google Maps
Hudson House - luxury hotel accommodation in Lynnwood Road Pretoria East,,+27 12 348 4886,,4.8,141,Unknown,https://www.google.com/maps/place/Hudson+House+-+luxury+hotel+accommodation+in+Lynnwood+Road+Pretoria+East/data=!4m10!3m9!1s0x1e9560f706710111:0xe57428b583dbcda1!5m2!4m1!1i2!8m2!3d-25.7647774!4d28.2666267!16s%2Fg%2F119w0rv6c!19sChIJEQFxBvdglR4Roc3bg7UodOU?authuser=0&hl=en&rclk=1,https://www.hudsonhouse.co.za/,Google Maps
Blue Diamond Boutique Hotel,,+27 12 940 5222,,4.2,318,Unknown,https://www.google.com/maps/place/Blue+Diamond+Boutique+Hotel/data=!4m10!3m9!1s0x1e95675e7b4c9743:0xa20a279e55a7b560!5m2!4m1!1i2!8m2!3d-25.8186697!4d28.2943009!16s%2Fg%2F1pp2t_fnw!19sChIJQ5dMe15nlR4RYLWnVZ4nCqI?authuser=0&hl=en&rclk=1,http://bluediamond.co.za/,Google Maps
ANEW Hotel Capital Pretoria,,+27 12 322 7795,,4.1,1713,Unknown,https://www.google.com/maps/place/ANEW+Hotel+Capital+Pretoria/data=!4m10!3m9!1s0x1e956217667bc527:0x6fa963b627c909b9!5m2!4m1!1i2!8m2!3d-25.7516124!4d28.1935587!16s%2Fg%2F1tlr2071!19sChIJJ8V7ZhdilR4RuQnJJ7ZjqW8?authuser=0&hl=en&rclk=1,https://anewhotels.com/hotels/capital/?utm_source=google&utm_medium=organic&utm_campaign=gmblisting,Google Maps
Khayamnandi Leisure Suites,,+27 84 472 6768,,4.5,6,Unknown,https://www.google.com/maps/place/Khayamnandi+Leisure+Suites/data=!4m10!3m9!1s0x1e9562271e265bff:0x4c92fdae38ad2cbf!5m2!4m1!1i2!8m2!3d-25.760384!4d28.202968!16s%2Fg%2F11y3kv3hnm!19sChIJ_1smHidilR4RvyytOK79kkw?authuser=0&hl=en&rclk=1,http://www.khayamnandileisuresuites.co.za/,Google Maps
Blackwood Guest House,,+27 84 623 6881,,3.3,494,Unknown,https://www.google.com/maps/place/Blackwood+Guest+House/data=!4m10!3m9!1s0x1e9561f1affa2e5b:0xb416c2f6baf69a86!5m2!4m1!1i2!8m2!3d-25.7433206!4d28.2154199!16s%2Fg%2F11bccd8625!19sChIJWy76r_FhlR4Rhpr2uvbCFrQ?authuser=0&hl=en&rclk=1,https://blackwoodguesthouse.com/,Google Maps
The Blyde Pretoria,,+27 82 051 8680,,4.2,257,Unknown,https://www.google.com/maps/place/The+Blyde+Pretoria/data=!4m10!3m9!1s0x1e955f312c68e625:0xb40690e4b1de10af!5m2!4m1!1i2!8m2!3d-25.7598239!4d28.3786676!16s%2Fg%2F11tstxvryg!19sChIJJeZoLDFflR4RrxDeseSQBrQ?authuser=0&hl=en&rclk=1,http://www.theblyde.com/,Google Maps
Casta Diva Boutique Hotel,,+27 81 542 4449,,4.5,242,Unknown,https://www.google.com/maps/place/Casta+Diva+Boutique+Hotel/data=!4m10!3m9!1s0x1ebfd9bb3d18e7b3:0xb14919fbffb51717!5m2!4m1!1i2!8m2!3d-25.6859697!4d28.1460571!16s%2Fg%2F1tdv2zhg!19sChIJs-cYPbvZvx4RFxe1__sZSbE?authuser=0&hl=en&rclk=1,http://castadiva.biz/,Google Maps
The Rasmus,,+27 12 111 9170,,4.7,436,Unknown,https://www.google.com/maps/place/The+Rasmus/data=!4m10!3m9!1s0x1e9567a83f1c5bc1:0xb6b83e5d74c6163f!5m2!4m1!1i2!8m2!3d-25.8188048!4d28.2398541!16s%2Fg%2F11gmytydnh!19sChIJwVscP6hnlR4RPxbGdF0-uLY?authuser=0&hl=en&rclk=1,https://therasmus.co.za/,Google Maps
Brooklyn Guesthouses,,+27 12 362 1728,,4.0,524,Unknown,https://www.google.com/maps/place/Brooklyn+Guesthouses/data=!4m10!3m9!1s0x1e9561a419b49ab5:0x4ec79b12fa0213a7!5m2!4m1!1i2!8m2!3d-25.7622572!4d28.2364823!16s%2Fg%2F1vhnv17h!19sChIJtZq0GaRhlR4RpxMC-hKbx04?authuser=0&hl=en&rclk=1,https://brooklynguesthouses.co.za/,Google Maps
STAY Menlyn,,+27 12 023 3777,,4.4,32,Unknown,https://www.google.com/maps/place/STAY+Menlyn/data=!4m10!3m9!1s0x1e9561cde009f21f:0xecbb4011a77a5a60!5m2!4m1!1i2!8m2!3d-25.7814882!4d28.2679267!16s%2Fg%2F11vbjchh3t!19sChIJH_IJ4M1hlR4RYFp6pxFAu-w?authuser=0&hl=en&rclk=1,https://www.staymenlyn.co.za/,Google Maps
Alpine Attitude Boutique Hotel,,+27 61 799 4495,,4.3,433,Unknown,https://www.google.com/maps/place/Alpine+Attitude+Boutique+Hotel/data=!4m10!3m9!1s0x1e9560efcfa4e543:0xbe4b24d2878e4b75!5m2!4m1!1i2!8m2!3d-25.7728554!4d28.2663802!16s%2Fg%2F1tggqy1p!19sChIJQ-Wkz-9glR4RdUuOh9IkS74?authuser=0&hl=en&rclk=1,https://www.alpineattitude.co.za/,Google Maps
440@BROOKLYN,,+27 66 008 5987,,4.5,89,Unknown,https://www.google.com/maps/place/440@BROOKLYN/data=!4m10!3m9!1s0x1e9561a10486bd13:0xf298d8d4f7f4b1fe!5m2!4m1!1i2!8m2!3d-25.7657225!4d28.2327218!16s%2Fg%2F11fhrz0vfv!19sChIJE72GBKFhlR4R_rH099TYmPI?authuser=0&hl=en&rclk=1,http://440brooklyn.co.za/,Google Maps
46 on Allcock Luxury Guest Apartment- BEST DEALS private website,,+27 83 305 5575,,4.9,73,Unknown,https://www.google.com/maps/place/46+on+Allcock+Luxury+Guest+Apartment-+BEST+DEALS+private+website/data=!4m10!3m9!1s0x1e956135fe1ece01:0xa034e2d709df58b3!5m2!4m1!1i2!8m2!3d-25.741573!4d28.2390469!16s%2Fg%2F11tdhy23qs!19sChIJAc4e_jVhlR4Rs1jfCdfiNKA?authuser=0&hl=en&rclk=1,https://book.nightsbridge.com/33401?nbid=952&startdate=2024-02-19&enddate=2024-02-22,Google Maps
Menlyn Apartments,,+27 84 643 8731,,3.8,131,Unknown,https://www.google.com/maps/place/Menlyn+Apartments/data=!4m10!3m9!1s0x1e955dfe55555555:0xa2c1c955d47d795f!5m2!4m1!1i2!8m2!3d-25.7913667!4d28.2905016!16s%2Fg%2F11j0_p5p2y!19sChIJVVVVVf5dlR4RX3l91FXJwaI?authuser=0&hl=en&rclk=1,https://menlynapartments.co.za/,Google Maps
Silverton Travel Lodge,,+27 81 011 6542,,4.0,224,Unknown,https://www.google.com/maps/place/Silverton+Travel+Lodge/data=!4m10!3m9!1s0x1e95607354f2d829:0x13850102853b06bc!5m2!4m1!1i2!8m2!3d-25.734537!4d28.2932526!16s%2Fg%2F12vtt2mgl!19sChIJKdjyVHNglR4RvAY7hQIBhRM?authuser=0&hl=en&rclk=1,https://www.silvertontravellodge.co.za/,Google Maps
The Wild Peach - Menlyn,,+27 12 348 5531,,3.7,341,Unknown,https://www.google.com/maps/place/The+Wild+Peach+-+Menlyn/data=!4m10!3m9!1s0x1e956095f24e3c89:0x328f081be4c492a0!5m2!4m1!1i2!8m2!3d-25.7798599!4d28.2806718!16s%2Fg%2F1tds3sts!19sChIJiTxO8pVglR4RoJLE5BsIjzI?authuser=0&hl=en&rclk=1,https://thewildpeach.co.za/,Google Maps
Sunny Lodge,,+27 62 793 7582,,3.3,76,Unknown,https://www.google.com/maps/place/Sunny+Lodge/data=!4m10!3m9!1s0x1e95622100f9ef35:0xbe82a02291c6c025!5m2!4m1!1i2!8m2!3d-25.7561544!4d28.2024383!16s%2Fg%2F11fx7p799v!19sChIJNe_5ACFilR4RJcDGkSKggr4?authuser=0&hl=en&rclk=1,https://direct-book.com/properties/sunnylodge,Google Maps
House Falcon,,+27 76 824 6177,,4.2,17,Unknown,https://www.google.com/maps/place/House+Falcon/data=!4m10!3m9!1s0x1e9561e9dda1d9ab:0x921ad0cd8923263a!5m2!4m1!1i2!8m2!3d-25.7632426!4d28.2069494!16s%2Fg%2F11lchmbwc5!19sChIJq9mh3elhlR4ROiYjic3QGpI?authuser=0&hl=en&rclk=1,http://www.housefalcon.co.za/,Google Maps
1202 on Cowgill Guest Rooms,,+27 84 335 2637,,4.4,105,Unknown,https://www.google.com/maps/place/1202+on+Cowgill+Guest+Rooms/data=!4m10!3m9!1s0x1e9561d5be0e6c59:0x93f2dce687eb96f8!5m2!4m1!1i2!8m2!3d-25.7235481!4d28.2485843!16s%2Fg%2F11gc6vq4gh!19sChIJWWwOvtVhlR4R-Jbrh-bc8pM?authuser=0&hl=en&rclk=1,https://1202oncowgill.co.za/,Google Maps
VALLEY GUEST HOUSE,,+27 12 486 2031,,3.3,262,Unknown,https://www.google.com/maps/place/VALLEY+GUEST+HOUSE/data=!4m10!3m9!1s0x1e95618cb692bf6d:0x949036cacdb88aa3!5m2!4m1!1i2!8m2!3d-25.7516395!4d28.2130197!16s%2Fg%2F11c48s3027!19sChIJbb-StoxhlR4Ro4q4zco2kJQ?authuser=0&hl=en&rclk=1,http://www.valleyguesthousepretoria.co.za/,Google Maps
Ditoro Hotel,,+27 71 279 8546,,4.2,23,Unknown,https://www.google.com/maps/place/Ditoro+Hotel/data=!4m10!3m9!1s0x1e956149d3dff245:0x123fc3f8a6e17e7d!5m2!4m1!1i2!8m2!3d-25.7482537!4d28.218643!16s%2Fg%2F11vdgm38h2!19sChIJRfLf00lhlR4RfX7hpvjDPxI?authuser=0&hl=en&rclk=1,https://ditoro-boutique-pretoria.ohotel.net.za/,Google Maps
Village Ridge Stays,,+27 12 460 4900,,4.5,146,Unknown,https://www.google.com/maps/place/Village+Ridge+Stays/data=!4m10!3m9!1s0x1e956173387073a5:0x2d2fe7839271118f!5m2!4m1!1i2!8m2!3d-25.776668!4d28.2282576!16s%2Fg%2F1tcx42s4!19sChIJpXNwOHNhlR4RjxFxkoPnLy0?authuser=0&hl=en&rclk=1,https://www.villageridge.co.za/,Google Maps
@Sandton Hotel,,+27 11 395 4777,,4.4,1352,Unknown,https://www.google.com/maps/place/%27@Sandton+Hotel%27/data=!4m10!3m9!1s0x1e9573ef9915b33b:0xa57e4b41b5fe2743!5m2!4m1!1i2!8m2!3d-26.0977393!4d28.0505892!16s%2Fg%2F11rgbrv83v!19sChIJO7MVme9zlR4RQyf-tUFLfqU?authuser=0&hl=en&rclk=1,https://sandton-hotel.com/,Google Maps
Onomo Johannesburg Sandton Hotel,,+27 11 085 9500,,4.0,2397,Unknown,https://www.google.com/maps/place/Onomo+Johannesburg+Sandton+Hotel/data=!4m10!3m9!1s0x1e95732d026d5421:0xe6cb808754d27a45!5m2!4m1!1i2!8m2!3d-26.10675!4d28.055417!16s%2Fg%2F11dfgr1gyr!19sChIJIVRtAi1zlR4RRXrSVIeAy-Y?authuser=0&hl=en&rclk=1,https://www.onomohotels.com/,Google Maps
Garden Court Sandton City,,+27 11 269 7000,,4.3,4544,Unknown,https://www.google.com/maps/place/Garden+Court+Sandton+City/data=!4m10!3m9!1s0x1e95732df3e2b1ed:0x8c106cc91ac27a5d!5m2!4m1!1i2!8m2!3d-26.1055142!4d28.0540478!16s%2Fg%2F1trry36x!19sChIJ7bHi8y1zlR4RXXrCGslsEIw?authuser=0&hl=en&rclk=1,https://www.southernsun.com/garden-court-sandton-city?utm_source=google&utm_medium=businesslisting&utm_campaign=hotel_garden-court-sandton-city,Google Maps
Hotel Sky Sandton,,+27 10 880 4449,,4.3,2428,Unknown,https://www.google.com/maps/place/Hotel+Sky+Sandton/data=!4m10!3m9!1s0x1e9573748ecd360f:0x90bee7c66f02a8a2!5m2!4m1!1i2!8m2!3d-26.1045745!4d28.0544857!16s%2Fg%2F11j5dz8mhk!19sChIJDzbNjnRzlR4RoqgCb8bnvpA?authuser=0&hl=en&rclk=1,https://www.hotelsky.co.za/home-sandton,Google Maps
Southern Sun Sandton,,+27 11 282 0000,,4.4,2534,Unknown,https://www.google.com/maps/place/Southern+Sun+Sandton/data=!4m10!3m9!1s0x1e95732bf486d8f3:0xdb4aeff9d1eccc2!5m2!4m1!1i2!8m2!3d-26.1043284!4d28.0599283!16s%2Fg%2F1tgc20_n!19sChIJ89iG9CtzlR4Rwswenf-utA0?authuser=0&hl=en&rclk=1,https://www.southernsun.com/southern-sun-sandton?utm_source=google&utm_medium=businesslisting&utm_campaign=hotel_southern-sun-sandton,Google Maps
"Radisson Blu Gautrain Hotel, Sandton Johannesburg",,+27 11 286 1000,,4.5,5264,Unknown,"https://www.google.com/maps/place/Radisson+Blu+Gautrain+Hotel,+Sandton+Johannesburg/data=!4m10!3m9!1s0x1e95732b98b16a35:0xda7d443758e13616!5m2!4m1!1i2!8m2!3d-26.1077183!4d28.0588104!16s%2Fg%2F1tdj734b!19sChIJNWqxmCtzlR4RFjbhWDdEfdo?authuser=0&hl=en&rclk=1",https://www.radissonhotels.com/en-us/hotels/radisson-blu-johannesburg-sandton-gautrain?cid=a:se+b:gmb+c:emea+i:local+e:rdb+d:mea+h:ZAJNBGAU,Google Maps
Palazzo Montecasino,,+27 11 510 3000,,4.6,3293,Unknown,https://www.google.com/maps/place/Palazzo+Montecasino/data=!4m10!3m9!1s0x1e9576aee759958f:0x77881dafd10fd6d5!5m2!4m1!1i2!8m2!3d-26.0250661!4d28.0103932!16s%2Fg%2F1tdjn6xr!19sChIJj5VZ5652lR4R1dYP0a8diHc?authuser=0&hl=en&rclk=1,https://www.tsogosun.com/hotel/the-palazzo-hotel/?utm_source=google&utm_medium=business_listing&utm_campaign=google_business_listing_tsogo_sun_hotels_gmb_the-palazzo-hotel&utm_content=the-palazzo-hotel,Google Maps
Fairlawns Boutique Hotel & Spa,,+27 11 808 7300,,4.5,1767,Unknown,https://www.google.com/maps/place/Fairlawns+Boutique+Hotel+%26+Spa/data=!4m10!3m9!1s0x1e9572e668f3ffff:0x23c7e338e33730db!5m2!4m1!1i2!8m2!3d-26.0794294!4d28.0750708!16s%2Fg%2F11jt09nykv!19sChIJ___zaOZylR4R2zA34zjjxyM?authuser=0&hl=en&rclk=1,http://fairlawns.co.za/,Google Maps
Hyatt House Johannesburg Sandton,,+27 10 601 1234,,4.3,420,Unknown,https://www.google.com/maps/place/Hyatt+House+Johannesburg+Sandton/data=!4m10!3m9!1s0x1e95737c8fc36515:0x245ca0829bb8ebdc!5m2!4m1!1i2!8m2!3d-26.0995776!4d28.0711976!16s%2Fg%2F11qgfc5k1v!19sChIJFWXDj3xzlR4R3Ou4m4KgXCQ?authuser=0&hl=en&rclk=1,https://www.hyatt.com/hyatt-house/en-US/johxs-hyatt-house-johannesburg-sandton?src=corp_lclb_google_seo_johxs&utm_source=google&utm_medium=organic&utm_campaign=lmr,Google Maps
The Piazza Hotel Montecasino,,+27 11 557 7007,,4.4,2146,Unknown,https://www.google.com/maps/place/The+Piazza+Hotel+Montecasino/data=!4m10!3m9!1s0x1e9576aea63acb3d:0x1b8ea0f7a2577baa!5m2!4m1!1i2!8m2!3d-26.023819!4d28.015388!16s%2Fg%2F1tgdwdvb!19sChIJPcs6pq52lR4RqntXovegjhs?authuser=0&hl=en&rclk=1,https://www.tsogosun.com/hotel/the-piazza-hotel/?utm_source=google&utm_medium=business_listing&utm_campaign=google_business_listing_tsogo_sun_hotels_gmb_piazza&utm_content=piazza,Google Maps
"City Lodge Hotel Sandton, Morningside",,+27 11 884 9500,,4.3,812,Unknown,"https://www.google.com/maps/place/City+Lodge+Hotel+Sandton,+Morningside/data=!4m10!3m9!1s0x1e957324b8d6a5d7:0xb69397c96c907340!5m2!4m1!1i2!8m2!3d-26.0937002!4d28.055574!16s%2Fg%2F1tdsmnrj!19sChIJ16XWuCRzlR4RQHOQbMmXk7Y?authuser=0&hl=en&rclk=1","https://citylodgehotels.com/our-hotels/city-lodge-hotel-sandton,-morningside",Google Maps
The Capital On The Park,,+27 10 443 0000,,4.5,3486,Unknown,https://www.google.com/maps/place/The+Capital+On+The+Park/data=!4m10!3m9!1s0x1e95732adeacd4fd:0x4022e2284f621811!5m2!4m1!1i2!8m2!3d-26.1072027!4d28.063024!16s%2Fg%2F11gdzbx9ts!19sChIJ_dSs3ipzlR4RERhiTyjiIkA?authuser=0&hl=en&rclk=1,https://thecapital.co.za/,Google Maps
"Saxon Hotel, Villas & Spa",,+27 87 375 7777,,4.8,2178,Unknown,"https://www.google.com/maps/place/Saxon+Hotel,+Villas+%26+Spa/data=!4m10!3m9!1s0x1e95734c99acacc1:0xcbaffed4f8ea2afb!5m2!4m1!1i2!8m2!3d-26.11212!4d28.03561!16s%2Fg%2F1tdrzm3x!19sChIJwaysmUxzlR4R-yrq-NT-r8s?authuser=0&hl=en&rclk=1",http://www.saxon.co.za/,Google Maps
The Capital Empire Sandton,,+27 11 911 5000,,4.4,1982,Unknown,https://www.google.com/maps/place/The+Capital+Empire+Sandton/data=!4m10!3m9!1s0x1e950ccd056cb54d:0x166353edfd462343!5m2!4m1!1i2!8m2!3d-26.1128279!4d28.0512579!16s%2Fg%2F11b63cg5hf!19sChIJTbVsBc0MlR4RQyNG_e1TYxY?authuser=0&hl=en&rclk=1,http://www.thecapital.co.za/,Google Maps
Southern Sun Hyde Park Sandton,,+27 11 341 8080,,4.5,2134,Unknown,https://www.google.com/maps/place/Southern+Sun+Hyde+Park+Sandton/data=!4m10!3m9!1s0x1e950cb06390a583:0x357da1e098fc3504!5m2!4m1!1i2!8m2!3d-26.1245982!4d28.0325365!16s%2Fg%2F1tj5b16y!19sChIJg6WQY7AMlR4RBDX8mOChfTU?authuser=0&hl=en&rclk=1,https://www.southernsun.com/southern-sun-hyde-park-sandton?utm_source=google&utm_medium=businesslisting&utm_campaign=hotel_southern-sun-hyde-park-sandton,Google Maps
Kruger Gate Hotel,,+27 13 735 5671,,4.6,2165,Unknown,https://www.google.com/maps/place/Kruger+Gate+Hotel/data=!4m10!3m9!1s0x1ec2a848c9b48a19:0x12397e78dbe7722d!5m2!4m1!1i2!8m2!3d-24.9770566!4d31.4814739!16s%2Fg%2F1vp2ybd2!19sChIJGYq0yUiowh4RLXLn23h-ORI?authuser=0&hl=en&rclk=1,http://www.krugergatehotel.com/,Google Maps
"The Outpost Lodge, in Kruger National Park",,+27 11 568 0384,,4.9,166,Unknown,"https://www.google.com/maps/place/The+Outpost+Lodge,+in+Kruger+National+Park/data=!4m10!3m9!1s0x1e9b1a548de4f53f:0x9d5002a96daf1b0c!5m2!4m1!1i2!8m2!3d-22.4403402!4d31.0835063!16s%2Fg%2F1tfthlvv!19sChIJP_XkjVQamx4RDBuvbakCUJ0?authuser=0&hl=en&rclk=1",http://www.rareearth.co.za/,Google Maps
"Leopard Sands, Kruger Park",,+27 13 591 3154,,4.8,122,Unknown,"https://www.google.com/maps/place/Leopard+Sands,+Kruger+Park/data=!4m10!3m9!1s0x1ee80034f4078077:0xa937c2cf443cc64e!5m2!4m1!1i2!8m2!3d-24.9680521!4d31.3660127!16s%2Fg%2F11rc2g8j9t!19sChIJd4AH9DQA6B4RTsY8RM_CN6k?authuser=0&hl=en&rclk=1",https://tingana.co.za/,Google Maps
Kruger Park Lodge,,+27 13 737 5000,,4.5,4019,Unknown,https://www.google.com/maps/place/Kruger+Park+Lodge/data=!4m10!3m9!1s0x1e9b0e537b47f1a1:0xf7d6841fb0fa039a!5m2!4m1!1i2!8m2!3d-25.0349314!4d31.1352667!16s%2Fm%2F0k6xlcz!19sChIJofFHe1MOmx4RmgP6sB-E1vc?authuser=0&hl=en&rclk=1,http://www.krugerparklodge.co.za/,Google Maps
Skukuza Safari Lodge,,+27 10 442 5888,,4.3,579,Unknown,https://www.google.com/maps/place/Skukuza+Safari+Lodge/data=!4m10!3m9!1s0x1ee8014a5158c45f:0x893dffb282856e29!5m2!4m1!1i2!8m2!3d-24.9929197!4d31.5894885!16s%2Fg%2F11lh5psrtt!19sChIJX8RYUUoB6B4RKW6FgrL_PYk?authuser=0&hl=en&rclk=1,https://skukuzalodge.com/,Google Maps
Kruger Safari Lodge,,+27 66 382 8366,,4.6,37,Unknown,https://www.google.com/maps/place/Kruger+Safari+Lodge/data=!4m10!3m9!1s0x1ec2c91675258f9f:0xc867218968413e1e!5m2!4m1!1i2!8m2!3d-24.6216545!4d31.4502487!16s%2Fg%2F11t6j1h7mp!19sChIJn48ldRbJwh4RHj5BaIkhZ8g?authuser=0&hl=en&rclk=1,https://www.krugersl.com/,Google Maps
"Jock Safari Lodge, Kruger National Park",,+27 13 010 0019,,4.8,192,Unknown,"https://www.google.com/maps/place/Jock+Safari+Lodge,+Kruger+National+Park/data=!4m10!3m9!1s0x1ee7e7b5db088215:0xd2e7179eea5e93b5!5m2!4m1!1i2!8m2!3d-25.2166047!4d31.5641925!16s%2Fg%2F11rr_gnmw!19sChIJFYII27Xn5x4RtZNe6p4X59I?authuser=0&hl=en&rclk=1",http://www.jocksafarilodge.com/,Google Maps
Kruger Shalati - The Train on the Bridge,,+27 13 591 6000,,4.6,1018,Unknown,https://www.google.com/maps/place/Kruger+Shalati+-+The+Train+on+the+Bridge/data=!4m10!3m9!1s0x1ee801e364926ee3:0xea46449b7e77388c!5m2!4m1!1i2!8m2!3d-24.9927773!4d31.5972979!16s%2Fg%2F11jgcdr75b!19sChIJ426SZOMB6B4RjDh3fptERuo?authuser=0&hl=en&rclk=1,http://www.krugershalati.com/,Google Maps
Imbali Safari Lodge,,+27 11 516 4367,,4.6,203,Unknown,https://www.google.com/maps/place/Imbali+Safari+Lodge/data=!4m10!3m9!1s0x1edd35331626aeaf:0xbedc6b19f5ce1517!5m2!4m1!1i2!8m2!3d-24.6010456!4d31.6298179!16s%2Fg%2F1th2nftx!19sChIJr64mFjM13R4RFxXO9Rlr3L4?authuser=0&hl=en&rclk=1,http://imbali.com/,Google Maps
The Orpen Lodge Kruger,,+27 13 004 0055,,4.9,84,Unknown,https://www.google.com/maps/place/The+Orpen+Lodge+Kruger/data=!4m10!3m9!1s0x1ec2c5143d069423:0xcccc77c6381edb39!5m2!4m1!1i2!8m2!3d-24.5462252!4d31.3710822!16s%2Fg%2F11sd70ds8d!19sChIJI5QGPRTFwh4ROdseOMZ3zMw?authuser=0&hl=en&rclk=1,https://www.corktreecollection.co.za/the-orpen-kruger,Google Maps
Mdluli Safari Lodge,,+27 87 980 0431,,4.7,370,Unknown,https://www.google.com/maps/place/Mdluli+Safari+Lodge/data=!4m10!3m9!1s0x1ee8225817630189:0xbaa9a9cb93f76929!5m2!4m1!1i2!8m2!3d-25.1852383!4d31.2296859!16s%2Fg%2F11jmzjwnps!19sChIJiQFjF1gi6B4RKWn3k8upqbo?authuser=0&hl=en&rclk=1,https://www.mdlulisafarilodge.co.za/,Google Maps
"Bushveld Terrace Safari Hotel, Lodge & Spa",,+27 15 781 3447,,4.5,955,Unknown,"https://www.google.com/maps/place/Bushveld+Terrace+Safari+Hotel,+Lodge+%26+Spa/data=!4m10!3m9!1s0x1ec36ec8e1933609:0xc7a8f890acc27a4d!5m2!4m1!1i2!8m2!3d-23.9449653!4d31.1623325!16s%2Fg%2F11b6c5ntbn!19sChIJCTaT4chuwx4RTXrCrJD4qMc?authuser=0&hl=en&rclk=1",http://www.bushveldterracehotel.co.za/,Google Maps
Sabie River Bush Lodge,,+27 82 467 5771,,4.5,521,Unknown,https://www.google.com/maps/place/Sabie+River+Bush+Lodge/data=!4m10!3m9!1s0x1ec2a1653a6ab515:0xcfd493e656c581da!5m2!4m1!1i2!8m2!3d-24.9636739!4d31.3148387!16s%2Fg%2F1tdkzz4d!19sChIJFbVqOmWhwh4R2oHFVuaT1M8?authuser=0&hl=en&rclk=1,https://www.sabieriverbushlodge.co.za/,Google Maps
Kruger Adventure Lodge,,+27 81 501 6526,,4.1,382,Unknown,https://www.google.com/maps/place/Kruger+Adventure+Lodge/data=!4m10!3m9!1s0x1ec29c53f6422521:0x6cdfa7539c5e39d2!5m2!4m1!1i2!8m2!3d-25.0684304!4d31.1284399!16s%2Fg%2F1vvmmb7f!19sChIJISVC9lOcwh4R0jlenFOn32w?authuser=0&hl=en&rclk=1,https://krugeradventurelodge.co.za/,Google Maps
Buhala Lodge,,+27 83 272 2150,,4.7,142,Unknown,https://www.google.com/maps/place/Buhala+Lodge/data=!4m10!3m9!1s0x1ec3481052d0fef1:0xf77ce430468bc6ec!5m2!4m1!1i2!8m2!3d-25.442183!4d31.6310483!16s%2Fg%2F1thk17v7!19sChIJ8f7QUhBIwx4R7MaLRjDkfPc?authuser=0&hl=en&rclk=1,http://www.buhala.co.za/,Google Maps
Singita Sweni,,+27 21 683 3424,,4.8,98,Unknown,https://www.google.com/maps/place/Singita+Sweni/data=!4m10!3m9!1s0x1ec2fea407035a21:0x59d74f3ebbe51fe5!5m2!4m1!1i2!8m2!3d-24.4540506!4d31.9805825!16s%2Fg%2F12hwgnq7s!19sChIJIVoDB6T-wh4R5R_luz5P11k?authuser=0&hl=en&rclk=1,https://singita.com/lodge/sweni-lodge?utm_source=gmb&utm_medium=organic&utm_campaign=singita-sweni-lodge-gmb,Google Maps
Baluleni Safari Lodge (Pty) Ltd,,+27 71 105 7703,,4.9,130,Unknown,https://www.google.com/maps/place/Baluleni+Safari+Lodge+%28Pty%29+Ltd/data=!4m10!3m9!1s0x1ec30a46654d94d5:0x16d1ae6e793a82f3!5m2!4m1!1i2!8m2!3d-24.114863!4d31.0298!16s%2Fg%2F1hc36rhr6!19sChIJ1ZRNZUYKwx4R84I6eW6u0RY?authuser=0&hl=en&rclk=1,http://www.baluleni.com/,Google Maps
Protea Hotel Stellenbosch and Conference Centre,,+27 21 880 9500,,4.3,2784,Unknown,https://www.google.com/maps/place/Protea+Hotel+Stellenbosch+and+Conference+Centre/data=!4m10!3m9!1s0x1dcdb31293b3960f:0x4c274be922035091!5m2!4m1!1i2!8m2!3d-33.9661222!4d18.8341981!16s%2Fg%2F1tcwbg7b!19sChIJD5azkxKzzR0RkVADIulLJ0w?authuser=0&hl=en&rclk=1,https://www.marriott.com/en-us/hotels/cptst-protea-hotel-stellenbosch-and-conference-centre/overview/?scid=f2ae0541-1279-4f24-b197-a979c79310b0,Google Maps
107 Dorpstraat Boutique Hotel,,+27 72 859 5727,,4.3,158,Unknown,https://www.google.com/maps/place/107+Dorpstraat+Boutique+Hotel/data=!4m10!3m9!1s0x1dcdb2592e6c80e5:0x636cb7b10db3fce5!5m2!4m1!1i2!8m2!3d-33.939317!4d18.8588449!16s%2Fg%2F11bw2_gj38!19sChIJ5YBsLlmyzR0R5fyzDbG3bGM?authuser=0&hl=en&rclk=1,http://www.107dorp.co.za/,Google Maps
De Zalze Lodge,,+27 21 880 0740,,4.4,461,Unknown,https://www.google.com/maps/place/De+Zalze+Lodge/data=!4m10!3m9!1s0x1dcdb3047c228c75:0x772479caf3f0e1f3!5m2!4m1!1i2!8m2!3d-33.971224!4d18.8334713!16s%2Fg%2F1tf90kj7!19sChIJdYwifASzzR0R8-Hw88p5JHc?authuser=0&hl=en&rclk=1,https://www.dezalzelodge.co.za/,Google Maps
Batavia Hotel,,+27 61 497 0812,,4.6,118,Unknown,https://www.google.com/maps/place/Batavia+Hotel/data=!4m10!3m9!1s0x1dcdb259586e0f97:0x63e5e87ee84d9f82!5m2!4m1!1i2!8m2!3d-33.9393499!4d18.8610403!16s%2Fg%2F1tctp19g!19sChIJlw9uWFmyzR0Rgp9N6H7o5WM?authuser=0&hl=en&rclk=1,https://www.batavia-stellenbosch.co.za/,Google Maps
Stumble Inn Backpackers,,+27 74 511 8757,,4.0,166,Unknown,https://www.google.com/maps/place/Stumble+Inn+Backpackers/data=!4m10!3m9!1s0x1dcdb355d9da86c5:0x49f1cae7a0780f9e!5m2!4m1!1i2!8m2!3d-33.9388884!4d18.8548153!16s%2Fg%2F1tvrffrc!19sChIJxYba2VWzzR0Rng94oOfK8Uk?authuser=0&hl=en&rclk=1,https://stumble-inn-backpackers-lodge.hotels-of-stellenbosch.com/,Google Maps
Stellenbosch Manor,,+27 87 057 5341,,4.6,74,Unknown,https://www.google.com/maps/place/Stellenbosch+Manor/data=!4m10!3m9!1s0x1dcdb246cb88a757:0xc6e421c956bbcf30!5m2!4m1!1i2!8m2!3d-33.9365623!4d18.8748865!16s%2Fg%2F11c30p_kmt!19sChIJV6eIy0ayzR0RMM-7Vskh5MY?authuser=0&hl=en&rclk=1,http://www.stellenboschmanor.com/,Google Maps
Protea Hotel Dorpshuis & Spa Stellenbosch,,+27 21 883 9881,,3.9,364,Unknown,https://www.google.com/maps/place/Protea+Hotel+Dorpshuis+%26+Spa+Stellenbosch/data=!4m10!3m9!1s0x1dcdb2f679e2a063:0xb00fa1c505620928!5m2!4m1!1i2!8m2!3d-33.9401068!4d18.8513009!16s%2Fg%2F1tdjl_qf!19sChIJY6DiefayzR0RKAliBcWhD7A?authuser=0&hl=en&rclk=1,https://www.marriott.com/en-us/hotels/cptdo-protea-hotel-dorpshuis-and-spa-stellenbosch/overview/?scid=f2ae0541-1279-4f24-b197-a979c79310b0,Google Maps
Bonne Esperance Boutique Guest House,,+27 21 887 0225,,4.7,367,Unknown,https://www.google.com/maps/place/Bonne+Esperance+Boutique+Guest+House/data=!4m10!3m9!1s0x1dcdb25cb0fb6379:0xb6fce0606496fa4!5m2!4m1!1i2!8m2!3d-33.9369809!4d18.8664217!16s%2Fg%2F1tfhwzxg!19sChIJeWP7sFyyzR0RpG9JBgbObws?authuser=0&hl=en&rclk=1,http://www.bonneesperance.com/,Google Maps
Coopmanhuijs Boutique Hotel & Spa,Jonathan,+27 21 883 8207,,4.6,300,Unknown,https://www.google.com/maps/place/Coopmanhuijs+Boutique+Hotel+%26+Spa/data=!4m10!3m9!1s0x1dcdb25c0f15e631:0xc5aa764788b53049!5m2!4m1!1i2!8m2!3d-33.938003!4d18.861946!16s%2Fg%2F1q6n2wkqv!19sChIJMeYVD1yyzR0RSTC1iEd2qsU?authuser=0&hl=en&rclk=1,https://coopmanhuijs.co.za/,Google Maps
Hotel Krige,,+27 21 882 8083,,4.5,116,Unknown,https://www.google.com/maps/place/Hotel+Krige/data=!4m10!3m9!1s0x1dcdb258c103e0d9:0xa7c940161699c938!5m2!4m1!1i2!8m2!3d-33.9403896!4d18.8568375!16s%2Fg%2F11gmcfqrpb!19sChIJ2eADwViyzR0ROMmZFhZAyac?authuser=0&hl=en&rclk=1,http://hotelkrige.co.za/,Google Maps
Oude Werf Hotel,,+27 21 887 4608,,4.6,1034,Unknown,https://www.google.com/maps/place/Oude+Werf+Hotel/data=!4m10!3m9!1s0x1dcdb25c0e19422b:0xbc3fa8a0f719192e!5m2!4m1!1i2!8m2!3d-33.9377928!4d18.8620772!16s%2Fg%2F1tnmcb73!19sChIJK0IZDlyyzR0RLhkZ96CoP7w?authuser=0&hl=en&rclk=1,http://www.oudewerf.co.za/,Google Maps
Clouds Estate,,+27 21 885 1819,,4.7,306,No,https://www.google.com/maps/place/Clouds+Estate/data=!4m10!3m9!1s0x1dcdb1ea59e308f7:0x8f468a5b6fb551d9!5m2!4m1!1i2!8m2!3d-33.9221089!4d18.9237638!16s%2Fg%2F1tfy4sk0!19sChIJ9wjjWeqxzR0R2VG1b1uKRo8?authuser=0&hl=en&rclk=1,http://www.cloudsestate.co.za/,Google Maps
Southern Sun de Wagen,,+27 21 415 4444,,4.7,107,Unknown,https://www.google.com/maps/place/Southern+Sun+de+Wagen/data=!4m10!3m9!1s0x1dcdb3f69cbe9ea7:0xc333665238f82097!5m2!4m1!1i2!8m2!3d-33.9425544!4d18.8526725!16s%2Fg%2F11pb200_9n!19sChIJp56-nPazzR0RlyD4OFJmM8M?authuser=0&hl=en&rclk=1,https://www.southernsun.com/southern-sun-de-wagen?utm_source=google&utm_medium=businesslisting&utm_campaign=hotel_southern-sun-de-wagen,Google Maps
Val de Vine,,+27 71 261 6441,,4.1,429,Unknown,https://www.google.com/maps/place/Val+de+Vine/data=!4m10!3m9!1s0x1dcdb3f82fca0eeb:0x483dd07a37175167!5m2!4m1!1i2!8m2!3d-33.9825553!4d18.8354568!16s%2Fg%2F11rkh8hc4s!19sChIJ6w7KL_izzR0RZ1EXN3rQPUg?authuser=0&hl=en&rclk=1,https://www.valdevine.co.za/,Google Maps
4 Piet Retief,,+27 73 886 7032,,4.7,76,Unknown,https://www.google.com/maps/place/4+Piet+Retief/data=!4m10!3m9!1s0x1dcdb2511c3b1ffb:0x73859588f78b0998!5m2!4m1!1i2!8m2!3d-33.9464487!4d18.862834!16s%2Fg%2F11fvnc7cmr!19sChIJ-x87HFGyzR0RmAmL94iVhXM?authuser=0&hl=en&rclk=1,http://www.4pietretief.co.za/,Google Maps
Rozenburg Guest House,,+27 72 047 8734,,4.9,27,Unknown,https://www.google.com/maps/place/Rozenburg+Guest+House/data=!4m10!3m9!1s0x1dcdb31e18589fbb:0x204a8f2a7fd84028!5m2!4m1!1i2!8m2!3d-33.9411268!4d18.8574776!16s%2Fg%2F11kqd2c_wy!19sChIJu59YGB6zzR0RKEDYfyqPSiA?authuser=0&hl=en&rclk=1,http://www.rozenburgza.com/,Google Maps
Delaire Graff Lodges And Spa,,+27 21 885 8160,,4.6,60,No,https://www.google.com/maps/place/Delaire+Graff+Lodges+And+Spa/data=!4m10!3m9!1s0x1dcdb1eb1170fee3:0x2e53dc85052deff2!5m2!4m1!1i2!8m2!3d-33.9214647!4d18.92294!16s%2Fg%2F11b73jw6_9!19sChIJ4_5wEeuxzR0R8u8tBYXcUy4?authuser=0&hl=en&rclk=1,https://www.delaire.co.za/lodges-spa/overview/,Google Maps
Middedorp Manor,,+27 82 872 4208,,4.9,16,Unknown,https://www.google.com/maps/place/Middedorp+Manor/data=!4m10!3m9!1s0x1dcdb25cb43e5a25:0x61f3c548c1f71876!5m2!4m1!1i2!8m2!3d-33.9371894!4d18.8664513!16s%2Fg%2F1td3_w6d!19sChIJJVo-tFyyzR0Rdhj3wUjF82E?authuser=0&hl=en&rclk=1,http://www.middedorp.com/,Google Maps
Villa Grande Guest House,,+27 63 652 9571,,4.5,80,Unknown,https://www.google.com/maps/place/Villa+Grande+Guest+House/data=!4m10!3m9!1s0x1dcdb25b5d8c9e51:0x7ec1e5c7784ff642!5m2!4m1!1i2!8m2!3d-33.9382209!4d18.8658866!16s%2Fg%2F1v_swdkq!19sChIJUZ6MXVuyzR0RQvZPeMflwX4?authuser=0&hl=en&rclk=1,http://www.dehaasliving.co.za/,Google Maps
Lanzerac Wine Estate,,+27 21 887 1132,,4.6,1300,Unknown,https://www.google.com/maps/place/Lanzerac+Wine+Estate/data=!4m10!3m9!1s0x1dcdb225843b1291:0x8be69dde0d3a1bfa!5m2!4m1!1i2!8m2!3d-33.9379452!4d18.8939707!16s%2Fg%2F11btstv2ms!19sChIJkRI7hCWyzR0R-hs6Dd6d5os?authuser=0&hl=en&rclk=1,http://www.lanzerac.co.za/,Google Maps
WINK Aparthotel Quiver Tree,,+27 71 194 4257,,3.9,107,Unknown,https://www.google.com/maps/place/WINK+Aparthotel+Quiver+Tree/data=!4m10!3m9!1s0x1dcdb2624e7a8477:0xd624b0130b701c40!5m2!4m1!1i2!8m2!3d-33.926512!4d18.8571651!16s%2Fg%2F11c3kmm7_8!19sChIJd4R6TmKyzR0RQBxwCxOwJNY?authuser=0&hl=en&rclk=1,https://winkaparthotels.co.za/quivertree/,Google Maps
Annika Self-catering and B&B,,+27 67 150 4774,,4.4,11,No,https://www.google.com/maps/place/Annika+Self-catering+and+B%26B/data=!4m10!3m9!1s0x1dcdb2944f4410bf:0xfb05a492f1b71354!5m2!4m1!1i2!8m2!3d-33.93367!4d18.83503!16s%2Fg%2F1tj5t9d0!19sChIJvxBET5SyzR0RVBO38ZKkBfs?authuser=0&hl=en&rclk=1,https://guest-houses.co.za/,Google Maps
7 Ackermann Place Guest House,,+27 64 678 1450,,4.7,74,Unknown,https://www.google.com/maps/place/7+Ackermann+Place+Guest+House/data=!4m10!3m9!1s0x1dcdb259e163274d:0x144f3b4f25d8327c!5m2!4m1!1i2!8m2!3d-33.9438991!4d18.8599785!16s%2Fg%2F11dzdc9_qb!19sChIJTSdj4VmyzR0RfDLYJU87TxQ?authuser=0&hl=en&rclk=1,https://7ackermannplace.co.za/,Google Maps
The Stellenbosch Hotel,,+27 21 887 3644,,4.3,599,Unknown,https://www.google.com/maps/place/The+Stellenbosch+Hotel/data=!4m10!3m9!1s0x1dcdb25bfedd1d87:0xb90aa498bf4587dc!5m2!4m1!1i2!8m2!3d-33.9383416!4d18.8614505!16s%2Fg%2F1td80z2f!19sChIJhx3d_luyzR0R3IdFv5ikCrk?authuser=0&hl=en&rclk=1,http://www.stellenboschhotel.co.za/,Google Maps
Majeka House Boutique Hotel,,+27 21 880 1549,,4.4,542,Unknown,https://www.google.com/maps/place/Majeka+House+Boutique+Hotel/data=!4m10!3m9!1s0x1dcdb3a5d227f6e1:0xecde8cec00a5c925!5m2!4m1!1i2!8m2!3d-33.9680216!4d18.860642!16s%2Fg%2F1tdmxx6m!19sChIJ4fYn0qWzzR0RJcmlAOyM3uw?authuser=0&hl=en&rclk=1,http://www.majekahouse.co.za/,Google Maps
Absolute Bosch Guest House,,+27 76 981 4841,,4.6,69,Unknown,https://www.google.com/maps/place/Absolute+Bosch+Guest+House/data=!4m10!3m9!1s0x1dcdb2f84e5b2b8f:0x8a6f55e7d86c8595!5m2!4m1!1i2!8m2!3d-33.9471479!4d18.8526186!16s%2Fg%2F11cjk14k87!19sChIJjytbTviyzR0RlYVs2OdVb4o?authuser=0&hl=en&rclk=1,https://book.nightsbridge.com/18060,Google Maps
Minserie Collection,,+27 66 591 2087,,4.7,34,Unknown,https://www.google.com/maps/place/Minserie+Collection/data=!4m10!3m9!1s0x1dcdb3f57d14f86f:0x536c9baabe250c7!5m2!4m1!1i2!8m2!3d-33.9369993!4d18.8647338!16s%2Fg%2F11s34x6slw!19sChIJb_gUffWzzR0Rx1Diq7rJNgU?authuser=0&hl=en&rclk=1,http://minseriecollection.co.za/,Google Maps
Webersburg Wine Estate,,+27 21 881 3636,,4.5,672,Unknown,https://www.google.com/maps/place/Webersburg+Wine+Estate/data=!4m10!3m9!1s0x1dcc4cb9c41edeb3:0x1b8691d95ca344ec!5m2!4m1!1i2!8m2!3d-34.0051595!4d18.8418961!16s%2Fg%2F12vtdq6c5!19sChIJs94exLlMzB0R7ESjXNmRhhs?authuser=0&hl=en&rclk=1,http://www.webersburg.co.za/,Google Maps
Life & Leisure Boutique Guesthouse,,+27 21 887 0713,,4.5,97,Unknown,https://www.google.com/maps/place/Life+%26+Leisure+Boutique+Guesthouse/data=!4m10!3m9!1s0x1dcdb2434aee5453:0xa8071bbe6c39080!5m2!4m1!1i2!8m2!3d-33.9363873!4d18.8670083!16s%2Fg%2F1td3btd0!19sChIJU1TuSkOyzR0RgJDD5rtxgAo?authuser=0&hl=en&rclk=1,https://www.lifeandleisure.co.za/,Google Maps
Roosenwijn Guest House,,+27 21 883 3338,,4.6,143,No,https://www.google.com/maps/place/Roosenwijn+Guest+House/data=!4m10!3m9!1s0x1dcdb25cbfc4e3cd:0xed0653418d18a02d!5m2!4m1!1i2!8m2!3d-33.9364846!4d18.8662778!16s%2Fg%2F1v2bnbqx!19sChIJzePEv1yyzR0RLaAYjUFTBu0?authuser=0&hl=en&rclk=1,http://www.roosenwijn.co.za/,Google Maps
Van der Stel Manor,,+27 21 887 4561,,4.7,166,Unknown,https://www.google.com/maps/place/Van+der+Stel+Manor/data=!4m10!3m9!1s0x1dcdb2394558de6b:0x30ec6c4033bcddc1!5m2!4m1!1i2!8m2!3d-33.9357164!4d18.8840138!16s%2Fg%2F1tgcv40d!19sChIJa95YRTmyzR0Rwd28M0Bs7DA?authuser=0&hl=en&rclk=1,https://vanderstelmanor.com/,Google Maps
De Hoek Manor,,+27 82 334 4077,,4.4,67,Unknown,https://www.google.com/maps/place/De+Hoek+Manor/data=!4m10!3m9!1s0x1dcdb25c795f7207:0x9aa5f97b4bbebaa4!5m2!4m1!1i2!8m2!3d-33.9379813!4d18.8635642!16s%2Fg%2F1tfd9vdg!19sChIJB3JfeVyyzR0RpLq-S3v5pZo?authuser=0&hl=en&rclk=1,http://www.dehoekmanor.co.za/,Google Maps
Sunset Farm Stellenbosch,,+27 64 873 4837,,4.9,67,Unknown,https://www.google.com/maps/place/Sunset+Farm+Stellenbosch/data=!4m10!3m9!1s0x1dcdb36ed0e0e76f:0xdb521d9bd39c63a1!5m2!4m1!1i2!8m2!3d-33.9699588!4d18.8525783!16s%2Fg%2F11sx3rvqx0!19sChIJb-fg0G6zzR0RoWOc05sdUts?authuser=0&hl=en&rclk=1,https://sunsetfarmstellenbosch.co.za/,Google Maps
HOME,,+27 76 434 7144,,4.4,31,No,https://www.google.com/maps/place/HOME/data=!4m10!3m9!1s0x1dcdb254a2f36d4f:0xa24e895fe0a41cc5!5m2!4m1!1i2!8m2!3d-33.9535329!4d18.8604278!16s%2Fg%2F11ck8hg6rn!19sChIJT23zolSyzR0RxRyk4F-JTqI?authuser=0&hl=en&rclk=1,http://www.stellenboschgardens.com/,Google Maps
The Little Hideaway Guesthouse,,+27 71 363 1901,,3.9,125,Unknown,https://www.google.com/maps/place/The+Little+Hideaway+Guesthouse/data=!4m10!3m9!1s0x1dcdb215c4c15555:0x6af7dc0248d97350!5m2!4m1!1i2!8m2!3d-33.9277676!4d18.8840445!16s%2Fg%2F11mv0xtlzz!19sChIJVVXBxBWyzR0RUHPZSALc92o?authuser=0&hl=en&rclk=1,https://book.nightsbridge.com/30700,Google Maps
Patryssenvalleij Farm & Cottages,,+27 82 868 2068,,4.8,9,Unknown,https://www.google.com/maps/place/Patryssenvalleij+Farm+%26+Cottages/data=!4m10!3m9!1s0x1dcdadd45fcaaa3f:0x63ddc38b2a4b14ae!5m2!4m1!1i2!8m2!3d-33.8974942!4d18.8628892!16s%2Fg%2F11yf3x11km!19sChIJP6rKX9StzR0RrhRLKovD3WM?authuser=0&hl=en&rclk=1,http://www.patryssenvalleij.co.za/,Google Maps
CAG The Alxndr,,+27 11 593 6791,,5.0,4,Unknown,https://www.google.com/maps/place/CAG+The+Alxndr/data=!4m10!3m9!1s0x1dcdb33e6a4c7a53:0xe22e7ba0e9dac026!5m2!4m1!1i2!8m2!3d-33.9366484!4d18.8547844!16s%2Fg%2F11yqpzmd_6!19sChIJU3pMaj6zzR0RJsDa6aB7LuI?authuser=0&hl=en&rclk=1,https://tcagroup.co.za/the-alxndr/,Google Maps
Baruch Guest House Lovell,,+27 21 882 9013,,4.8,164,Unknown,https://www.google.com/maps/place/Baruch+Guest+House+Lovell/data=!4m10!3m9!1s0x1dcdb2fa4519636d:0x7d67b8ff4943d5f2!5m2!4m1!1i2!8m2!3d-33.948029!4d18.8470939!16s%2Fg%2F11c2pk7n1b!19sChIJbWMZRfqyzR0R8tVDSf-4Z30?authuser=0&hl=en&rclk=1,https://baruchbb.co.za/,Google Maps
De Oude Schuur Accomodation,,+27 21 880 0412,,4.1,140,Unknown,https://www.google.com/maps/place/De+Oude+Schuur+Accomodation/data=!4m10!3m9!1s0x1dcdb3da0a7aecfd:0x862a761b64a05432!5m2!4m1!1i2!8m2!3d-33.9828052!4d18.8340147!16s%2Fg%2F11h2391h5f!19sChIJ_ex6CtqzzR0RMlSgZBt2KoY?authuser=0&hl=en&rclk=1,https://de-oude-schuur-apartment.hotels-of-stellenbosch.com/,Google Maps
Weltevreden Estate,,+27 21 889 6588,,4.4,1055,Unknown,https://www.google.com/maps/place/Weltevreden+Estate/data=!4m10!3m9!1s0x1dcdb287f278eb77:0xf1d99e120053cc39!5m2!4m1!1i2!8m2!3d-33.8987919!4d18.8513269!16s%2Fg%2F12mh4h9_5!19sChIJd-t48oeyzR0ROcxTABKe2fE?authuser=0&hl=en&rclk=1,https://www.weltevredenestate.com/,Google Maps
KOLONIE'S TUIN Guesthouse,,+27 67 309 0631,,4.5,14,Unknown,https://www.google.com/maps/place/KOLONIE%27S+TUIN+Guesthouse/data=!4m10!3m9!1s0x1dcdb3cbb4bac10b:0x3547fe7db237f4db!5m2!4m1!1i2!8m2!3d-33.9384099!4d18.8673585!16s%2Fg%2F11sdn3fxff!19sChIJC8G6tMuzzR0R2_Q3sn3-RzU?authuser=0&hl=en&rclk=1,http://www.koloniestuin.co.za/,Google Maps
Blaauwklippen Manor House & Jonkershuis,,+27 21 880 0133,,4.1,17,Unknown,https://www.google.com/maps/place/Blaauwklippen+Manor+House+%26+Jonkershuis/data=!4m10!3m9!1s0x1dcdb2f891fdafbb:0xeb5a7a6b7c29b9fb!5m2!4m1!1i2!8m2!3d-33.9738975!4d18.8469216!16s%2Fg%2F11kmc8hb8p!19sChIJu6_9kfiyzR0R-7kpfGt6Wus?authuser=0&hl=en&rclk=1,https://newmarkhotels.com/accommodation/blaauwklippen-manor,Google Maps
Heritage House,,+27 82 777 0370,,4.9,45,Unknown,https://www.google.com/maps/place/Heritage+House/data=!4m10!3m9!1s0x1dcdb38f1802b41d:0xedf2b333c688fb54!5m2!4m1!1i2!8m2!3d-33.937442!4d18.86649!16s%2Fg%2F11ffw7hwl_!19sChIJHbQCGI-zzR0RVPuIxjOz8u0?authuser=0&hl=en&rclk=1,https://www.stbhh.co.za/,Google Maps
Penelope's Stellenbosch,,+27 82 412 1445,,4.9,99,Unknown,https://www.google.com/maps/place/Penelope%27s+Stellenbosch/data=!4m10!3m9!1s0x1dcdb3070ade7aa3:0x976576b3fd2e7166!5m2!4m1!1i2!8m2!3d-33.963791!4d18.853579!16s%2Fg%2F1tl6n5sv!19sChIJo3reCgezzR0RZnEu_bN2ZZc?authuser=0&hl=en&rclk=1,http://www.penelopestellenbosch.com/,Google Maps
Just Joey Lodge,,+27 21 887 1799,,4.3,77,Unknown,https://www.google.com/maps/place/Just+Joey+Lodge/data=!4m10!3m9!1s0x1dcdb25bcf133b9d:0xcd4e8a71123ef8b5!5m2!4m1!1i2!8m2!3d-33.9402652!4d18.8623138!16s%2Fg%2F1tm1mjxk!19sChIJnTsTz1uyzR0Rtfg-EnGKTs0?authuser=0&hl=en&rclk=1,http://www.justjoey.co.za/,Google Maps
10 Alexander B&B,,+27 21 887 4414,,4.7,73,Unknown,https://www.google.com/maps/place/10+Alexander+B%26B/data=!4m10!3m9!1s0x1dcdb2f513d8c871:0x2aba62790f178c6f!5m2!4m1!1i2!8m2!3d-33.9362393!4d18.853294!16s%2Fg%2F1pzxmz0wz!19sChIJccjYE_WyzR0Rb4wXD3liuio?authuser=0&hl=en&rclk=1,http://www.10alexander.co.za/,Google Maps
Rest at Chabivin | Rest Collection,,+27 83 324 2711,,4.7,83,Unknown,https://www.google.com/maps/place/Rest+at+Chabivin+%7C+Rest+Collection/data=!4m10!3m9!1s0x1dcdb30a3560df67:0x5624fe76c304442a!5m2!4m1!1i2!8m2!3d-33.9730491!4d18.852703!16s%2Fg%2F11c461ftz2!19sChIJZ99gNQqzzR0RKkQEw3b-JFY?authuser=0&hl=en&rclk=1,https://www.restcollection.co.za/,Google Maps
Die Heerenhuys Boutique Guest Suites,,+27 82 629 2363,,5.0,15,Unknown,https://www.google.com/maps/place/Die+Heerenhuys+Boutique+Guest+Suites/data=!4m10!3m9!1s0x1dcdb3b7f8898cc1:0xf75a6aafff442d40!5m2!4m1!1i2!8m2!3d-33.9222834!4d18.8197661!16s%2Fg%2F11nnzk_lhd!19sChIJwYyJ-LezzR0RQC1E_69qWvc?authuser=0&hl=en&rclk=1,http://www.dieheerenhuys.com/,Google Maps
Twice Central Guesthouse,,+27 72 457 1431,,4.7,96,Unknown,https://www.google.com/maps/place/Twice+Central+Guesthouse/data=!4m10!3m9!1s0x1dcdb258e819c891:0x94312945933a41ec!5m2!4m1!1i2!8m2!3d-33.9405445!4d18.8572979!16s%2Fg%2F11c5wk87f9!19sChIJkcgZ6FiyzR0R7EE6k0UpMZQ?authuser=0&hl=en&rclk=1,http://www.twicecentral.co.za/,Google Maps
Besigheim Guesthouse,,+27 21 887 6460,,4.4,73,Unknown,https://www.google.com/maps/place/Besigheim+Guesthouse/data=!4m10!3m9!1s0x1dcdb2f066ad5cfd:0x85abad6f7488541a!5m2!4m1!1i2!8m2!3d-33.9452841!4d18.845482!16s%2Fg%2F1tf89zqp!19sChIJ_VytZvCyzR0RGlSIdG-tq4U?authuser=0&hl=en&rclk=1,https://www.besigheim.co.za/,Google Maps
Boord Guest House,,+27 87 059 0237,,4.4,121,Unknown,https://www.google.com/maps/place/Boord+Guest+House/data=!4m10!3m9!1s0x1dcdb2f8b8f5b23b:0x210a9528ea3db772!5m2!4m1!1i2!8m2!3d-33.9496391!4d18.8537442!16s%2Fg%2F11b73nt7j6!19sChIJO7L1uPiyzR0Rcrc96iiVCiE?authuser=0&hl=en&rclk=1,https://boordguesthouse.co.za/,Google Maps
Languedoc Farm,,+27 82 876 2219,,4.6,45,Unknown,https://www.google.com/maps/place/Languedoc+Farm/data=!4m10!3m9!1s0x1dcdb36fd789f1fd:0x3394cb74c2cc92b3!5m2!4m1!1i2!8m2!3d-33.9824926!4d18.8662306!16s%2Fg%2F11g1lxcssq!19sChIJ_fGJ12-zzR0Rs5LMwnTLlDM?authuser=0&hl=en&rclk=1,http://www.languedoc.co.za/,Google Maps
Winelands Golf Lodges,,+27 21 880 6900,,4.5,78,Unknown,https://www.google.com/maps/place/Winelands+Golf+Lodges/data=!4m10!3m9!1s0x1dcdb33c87fe5efb:0xadbf33fe2f6f99f!5m2!4m1!1i2!8m2!3d-33.9752244!4d18.8314769!16s%2Fg%2F1tgs82hg!19sChIJ-17-hzyzzR0Rn_n24j_z2wo?authuser=0&hl=en&rclk=1,https://winelandsgolflodges.com/,Google Maps
Devonvale Golf & Wine Estate,,+27 21 865 2080,,4.5,1610,Unknown,https://www.google.com/maps/place/Devonvale+Golf+%26+Wine+Estate/data=!4m10!3m9!1s0x1dcdacd8094d1083:0x1630c9ac69a59ce4!5m2!4m1!1i2!8m2!3d-33.8819069!4d18.8049185!16s%2Fg%2F1z3t2nvcz!19sChIJgxBNCdiszR0R5JylaazJMBY?authuser=0&hl=en&rclk=1,http://devonvaleestate.co.za/,Google Maps
Black Horse Accommodation,,+27 71 852 3083,,4.1,68,Unknown,https://www.google.com/maps/place/Black+Horse+Accommodation/data=!4m10!3m9!1s0x1dcdb2f6065f44a7:0x62c60c5e51d833fe!5m2!4m1!1i2!8m2!3d-33.9394295!4d18.854452!16s%2Fg%2F1td_7rr2!19sChIJp0RfBvayzR0R_jPYUV4MxmI?authuser=0&hl=en&rclk=1,https://blackhorse-accommodation.hotels-of-stellenbosch.com/en/,Google Maps
Klein Welmoed Luxury Guest House,,+27 82 046 9999,,4.6,67,Unknown,https://www.google.com/maps/place/Klein+Welmoed+Luxury+Guest+House/data=!4m10!3m9!1s0x1dcc4b5a86e36e15:0x346cf7e65a4b0faf!5m2!4m1!1i2!8m2!3d-34.016335!4d18.795236!16s%2Fg%2F1thv_jx3!19sChIJFW7jhlpLzB0Rrw9LWub3bDQ?authuser=0&hl=en&rclk=1,http://www.kleinwelmoed.co.za/,Google Maps
The Marine Hermanus,,+27 28 313 1000,,4.6,881,Unknown,https://www.google.com/maps/place/The+Marine+Hermanus/data=!4m10!3m9!1s0x1dce0b0828f66095:0x156d00f035c4d3a0!5m2!4m1!1i2!8m2!3d-34.4177229!4d19.2450433!16s%2Fg%2F1v8syxdp!19sChIJlWD2KAgLzh0RoNPENfAAbRU?authuser=0&hl=en&rclk=1,http://www.themarinehotel.co.za/,Google Maps
Birkenhead House,,+27 28 314 8000,,4.8,196,Unknown,https://www.google.com/maps/place/Birkenhead+House/data=!4m10!3m9!1s0x1dce0bd7c6b8215b:0x94144054e9058449!5m2!4m1!1i2!8m2!3d-34.410007!4d19.2805258!16s%2Fg%2F1tcy_xq8!19sChIJWyG4xtcLzh0RSYQF6VRAFJQ?authuser=0&hl=en&rclk=1,https://www.theroyalportfolio.com/birkenhead-house/overview/,Google Maps
Harbour House Hotel,,+27 28 312 1799,,4.4,806,Unknown,https://www.google.com/maps/place/Harbour+House+Hotel/data=!4m10!3m9!1s0x1dce0ba435126361:0x929aba29a8e3a4c8!5m2!4m1!1i2!8m2!3d-34.4211679!4d19.2431438!16s%2Fg%2F1vh8mdz3!19sChIJYWMSNaQLzh0RyKTjqCm6mpI?authuser=0&hl=en&rclk=1,https://harbourhousehotel.co.za/,Google Maps
Zoete Inval,,+27 78 583 4101,,4.2,173,Unknown,https://www.google.com/maps/place/Zoete+Inval/data=!4m10!3m9!1s0x1dce0b066ef80619:0x8bb18f2316969749!5m2!4m1!1i2!8m2!3d-34.4187626!4d19.230558!16s%2Fg%2F1tf5ypdc!19sChIJGQb4bgYLzh0RSZeWFiOPsYs?authuser=0&hl=en&rclk=1,https://zoeteinval.co.za/,Google Maps
Misty Waves Boutique Hotel,,+27 28 313 8460,,4.6,955,Unknown,https://www.google.com/maps/place/Misty+Waves+Boutique+Hotel/data=!4m10!3m9!1s0x1dce0ba799e2a3b7:0x640aad637af020d2!5m2!4m1!1i2!8m2!3d-34.4213272!4d19.2365796!16s%2Fg%2F1td_7fz0!19sChIJt6PimacLzh0R0iDwemOtCmQ?authuser=0&hl=en&rclk=1,http://www.mistywaves.co.za/,Google Maps
Mosselberg on Grotto Beach,,+27 28 314 0055,Airy rooms with minibars & heated floors,4.7,117,Unknown,https://www.google.com/maps/place/Mosselberg+on+Grotto+Beach/data=!4m10!3m9!1s0x1dce0965ae918e3d:0x762856f016a87f9c!5m2!4m1!1i2!8m2!3d-34.4135024!4d19.292501!16s%2Fg%2F1tttj2_n!19sChIJPY6RrmUJzh0RnH-oFvBWKHY?authuser=0&hl=en&rclk=1,http://www.mosselberg.co.za/,Google Maps
Hermanus Boutique Guest House,,+27 28 313 1433,,4.7,254,Unknown,https://www.google.com/maps/place/Hermanus+Boutique+Guest+House/data=!4m10!3m9!1s0x1dce0b08288d8df7:0xa5fd382a98ae4d83!5m2!4m1!1i2!8m2!3d-34.4217673!4d19.2353663!16s%2Fg%2F1tr6pnny!19sChIJ942NKAgLzh0Rg02umCo4_aU?authuser=0&hl=en&rclk=1,http://www.hermanusguesthouse.co.za/,Google Maps
78on5th in Hermanus,,+27 82 725 8049,,4.8,10,Unknown,https://www.google.com/maps/place/78on5th+in+Hermanus/data=!4m10!3m9!1s0x1dce0bbabbec8737:0x33eb7d93d3c02eaf!5m2!4m1!1i2!8m2!3d-34.4047739!4d19.2787766!16s%2Fg%2F11l_916834!19sChIJN4fsu7oLzh0Rry7A05N96zM?authuser=0&hl=en&rclk=1,https://www.78on5th.co.za/,Google Maps
Whale Coast Ocean Villa,,+27 60 971 5572,,4.8,85,Unknown,https://www.google.com/maps/place/Whale+Coast+Ocean+Villa/data=!4m10!3m9!1s0x1dce0903e089d207:0x38b3d1f6deb74315!5m2!4m1!1i2!8m2!3d-34.411298!4d19.29036!16s%2Fg%2F11l9zjm89_!19sChIJB9KJ4AMJzh0RFUO33vbRszg?authuser=0&hl=en&rclk=1,http://www.whalecoastoceanvilla.co.za/,Google Maps
The Whale Coast All-Suite-Hotel (4 Star),,+27 74 602 2421,,4.4,593,Unknown,https://www.google.com/maps/place/The+Whale+Coast+All-Suite-Hotel+%284+Star%29/data=!4m10!3m9!1s0x1dce0baf236154f3:0xff262e8815e2ef4f!5m2!4m1!1i2!8m2!3d-34.4167064!4d19.2429217!16s%2Fg%2F11xlz963b!19sChIJ81RhI68Lzh0RT-_iFYguJv8?authuser=0&hl=en&rclk=1,http://www.whalecoasthotel.co.za/,Google Maps
Schulphoek House Hermanus,,+27 28 316 2626,,4.3,174,Unknown,https://www.google.com/maps/place/Schulphoek+House+Hermanus/data=!4m10!3m9!1s0x1dce0b3a909f91e3:0x76f5a024defa349!5m2!4m1!1i2!8m2!3d-34.426857!4d19.2005553!16s%2Fg%2F11b6d00pts!19sChIJ45GfkDoLzh0RSaPvTQJabwc?authuser=0&hl=en&rclk=1,https://schulphoek.co.za/,Google Maps
One Marine Drive Boutique Hotel,,+27 28 313 1234,,4.7,198,Unknown,https://www.google.com/maps/place/One+Marine+Drive+Boutique+Hotel/data=!4m10!3m9!1s0x1dce0b083177cbb7:0x5a628d4d1876a7e6!5m2!4m1!1i2!8m2!3d-34.4221363!4d19.234668!16s%2Fg%2F11c535h7c_!19sChIJt8t3MQgLzh0R5qd2GE2NYlo?authuser=0&hl=en&rclk=1,https://thelivingjourneycollection.co.za/one-marine-drive-boutique-hotel/,Google Maps
W-Collection Esplanade Hermanus,,+27 21 054 0182,,4.6,322,Unknown,https://www.google.com/maps/place/W-Collection+Esplanade+Hermanus/data=!4m10!3m9!1s0x1dce0ba42fec4733:0xf4a8d4b395dfb68d!5m2!4m1!1i2!8m2!3d-34.4218028!4d19.2421327!16s%2Fg%2F1tf2pmd9!19sChIJM0fsL6QLzh0RjbbflbPUqPQ?authuser=0&hl=en&rclk=1,http://esplanadehermanus.com/,Google Maps
Hermanus Backpackers,,+27 28 880 0622,,4.4,515,Unknown,https://www.google.com/maps/place/Hermanus+Backpackers/data=!4m10!3m9!1s0x1dce0b086323160f:0xf0b644bc31a5b03c!5m2!4m1!1i2!8m2!3d-34.4207039!4d19.2328358!16s%2Fg%2F1th45w8y!19sChIJDxYjYwgLzh0RPLClMbxEtvA?authuser=0&hl=en&rclk=1,http://hermanusbackpackers.com/,Google Maps
Auberge Burgundy,,+27 28 313 1201,,4.5,309,Unknown,https://www.google.com/maps/place/Auberge+Burgundy/data=!4m10!3m9!1s0x1dce0ba4334e0769:0x6605aad1aa80096c!5m2!4m1!1i2!8m2!3d-34.4211711!4d19.2426015!16s%2Fg%2F1th89d55!19sChIJaQdOM6QLzh0RbAmAqtGqBWY?authuser=0&hl=en&rclk=1,https://auberge-burgundy.co.za/,Google Maps
The Whale on Main B&B,,+27 79 479 0773,,5.0,89,Unknown,https://www.google.com/maps/place/The+Whale+on+Main+B%26B/data=!4m10!3m9!1s0x1dce0bca1f11eb4d:0x5736c27d3e4b110e!5m2!4m1!1i2!8m2!3d-34.4098891!4d19.2606883!16s%2Fg%2F11f_byzd1r!19sChIJTesRH8oLzh0RDhFLPn3CNlc?authuser=0&hl=en&rclk=1,http://whaleonmain.com/,Google Maps
TwentyFour17INN,,+27 73 230 9918,,3.7,74,No,https://www.google.com/maps/place/TwentyFour17INN/data=!4m10!3m9!1s0x1dce0ba60b737b9d:0xd8cdb8ee823f264!5m2!4m1!1i2!8m2!3d-34.4199!4d19.241235!16s%2Fg%2F11cny0pz2d!19sChIJnXtzC6YLzh0RZPIj6I7bjA0?authuser=0&hl=en&rclk=1,http://twentyfour17inn.com/,Google Maps
Abalone Guest Lodge,,+27 72 606 6433,,4.8,144,Unknown,https://www.google.com/maps/place/Abalone+Guest+Lodge/data=!4m10!3m9!1s0x1dce0bb2c7a01feb:0x60ed37a159869a08!5m2!4m1!1i2!8m2!3d-34.4097183!4d19.2634922!16s%2Fg%2F1tfd9vdy!19sChIJ6x-gx7ILzh0RCJqGWaE37WA?authuser=0&hl=en&rclk=1,http://www.abalonelodge.co.za/,Google Maps
Lavender Manor,,+27 72 660 8201,,4.6,123,No,https://www.google.com/maps/place/Lavender+Manor/data=!4m10!3m9!1s0x1dce096332d52eb1:0xf6c8ce51e8552dfb!5m2!4m1!1i2!8m2!3d-34.410886!4d19.286685!16s%2Fg%2F1thj7996!19sChIJsS7VMmMJzh0R-y1V6FHOyPY?authuser=0&hl=en&rclk=1,http://www.lavendermanor.co.za/,Google Maps
Selkirk House,,+27 28 312 4892,,4.9,83,Unknown,https://www.google.com/maps/place/Selkirk+House/data=!4m10!3m9!1s0x1dce0a4d9da6a7cf:0x6fa754c5dbec6bbc!5m2!4m1!1i2!8m2!3d-34.4040908!4d19.2484116!16s%2Fg%2F1tfwsjpg!19sChIJz6emnU0Kzh0RvGvs28VUp28?authuser=0&hl=en&rclk=1,http://www.selkirkhouse.co.za/,Google Maps
Auberge Provence Guesthouse,,+27 28 312 1413,,4.8,26,Unknown,https://www.google.com/maps/place/Auberge+Provence+Guesthouse/data=!4m10!3m9!1s0x1dce0b098c1f25c1:0xeaa59720b971d3a0!5m2!4m1!1i2!8m2!3d-34.4248709!4d19.233722!16s%2Fg%2F1tfdh0mj!19sChIJwSUfjAkLzh0RoNNxuSCXpeo?authuser=0&hl=en&rclk=1,http://www.aubergeprovence.co.za/,Google Maps
Bottom House,,+27 82 558 8731,,4.8,4,Unknown,https://www.google.com/maps/place/Bottom+House/data=!4m10!3m9!1s0x1dce097da06314f9:0xd80f6766579eaddd!5m2!4m1!1i2!8m2!3d-34.408892!4d19.284809!16s%2Fg%2F11b6dtwkcw!19sChIJ-RRjoH0Jzh0R3a2eV2ZnD9g?authuser=0&hl=en&rclk=1,https://www.bottomhouse.com/,Google Maps
Snail's End Cottage,,+27 28 316 2383,,4.6,21,No,https://www.google.com/maps/place/Snail%27s+End+Cottage/data=!4m10!3m9!1s0x1dce0b2b2cc9bfeb:0x7e7666a9cfac0e2e!5m2!4m1!1i2!8m2!3d-34.419708!4d19.187916!16s%2Fg%2F11c5_5k8np!19sChIJ67_JLCsLzh0RLg6sz6lmdn4?authuser=0&hl=en&rclk=1,http://www.snailsend.co.za/,Google Maps
Sixteen Guesthouse on Main,,+27 83 875 0398,,4.5,98,Unknown,https://www.google.com/maps/place/Sixteen+Guesthouse+on+Main/data=!4m10!3m9!1s0x1dce0b07cfa239dd:0xa9d2983a0f70da4b!5m2!4m1!1i2!8m2!3d-34.419451!4d19.2333739!16s%2Fg%2F11_qgppp2!19sChIJ3TmizwcLzh0RS9pwDzqY0qk?authuser=0&hl=en&rclk=1,http://www.sixteenhermanus.co.za/,Google Maps
11 Westcliff Rentals,,+27 82 758 6889,,4.7,39,Unknown,https://www.google.com/maps/place/11+Westcliff+Rentals/data=!4m10!3m9!1s0x1dce0b8e1c967831:0xae677484e84277dc!5m2!4m1!1i2!8m2!3d-34.4238089!4d19.2346077!16s%2Fg%2F11t77n5q4v!19sChIJMXiWHI4Lzh0R3HdC6IR0Z64?authuser=0&hl=en&rclk=1,https://www.11westcliffrentals.com/,Google Maps
Boutique Ocean Views,,+27 87 378 0310,,4.5,315,Unknown,https://www.google.com/maps/place/Boutique+Ocean+Views/data=!4m10!3m9!1s0x1dce0ba7a2d1d41f:0xfa4069d74b1d0d17!5m2!4m1!1i2!8m2!3d-34.4214866!4d19.2371709!16s%2Fg%2F11c59sd8j9!19sChIJH9TRoqcLzh0RFw0dS9dpQPo?authuser=0&hl=en&rclk=1,http://www.boutiqueoceanviews.com/,Google Maps
Valentines Hermanus,,+27 82 926 6271,,4.7,54,Unknown,https://www.google.com/maps/place/Valentines+Hermanus/data=!4m10!3m9!1s0x1dce096f74cfc46b:0xdf6e96ca9fbbe131!5m2!4m1!1i2!8m2!3d-34.412777!4d19.2964093!16s%2Fg%2F1q62gcffn!19sChIJa8TPdG8Jzh0RMeG7n8qWbt8?authuser=0&hl=en&rclk=1,http://www.valentineshermanus.co.za/,Google Maps
Absolute Ocean Boutique Guesthouse,,+27 84 084 8484,,4.9,21,Unknown,https://www.google.com/maps/place/Absolute+Ocean+Boutique+Guesthouse/data=!4m10!3m9!1s0x1dce0bb96fbde4cf:0x210adb9c5048fea6!5m2!4m1!1i2!8m2!3d-34.4277612!4d19.1997498!16s%2Fg%2F11scpcsksw!19sChIJz-S9b7kLzh0Rpv5IUJzbCiE?authuser=0&hl=en&rclk=1,http://absoluteocean.co.za/,Google Maps
Zzzone Adventure Basecamp for Backpackers,,+27 75 087 0757,,4.4,56,Unknown,https://www.google.com/maps/place/Zzzone+Adventure+Basecamp+for+Backpackers/data=!4m10!3m9!1s0x1dce0ba5d3f626c7:0xcc8152bfcd6c4777!5m2!4m1!1i2!8m2!3d-34.420924!4d19.2420674!16s%2Fg%2F11gs9t9ltp!19sChIJxyb206ULzh0Rd0dszb9Sgcw?authuser=0&hl=en&rclk=1,https://zzzone.co.za/,Google Maps
La Fontaine Guest House,,+27 28 312 4595,,4.7,70,Unknown,https://www.google.com/maps/place/La+Fontaine+Guest+House/data=!4m10!3m9!1s0x1dce0ba7b8a258ed:0xf980974e437ff8aa!5m2!4m1!1i2!8m2!3d-34.420677!4d19.237524!16s%2Fg%2F1wdkzjh7!19sChIJ7ViiuKcLzh0Rqvh_Q06XgPk?authuser=0&hl=en&rclk=1,http://www.lafontaine.co.za/,Google Maps
Little Villa,,+27 81 598 4949,,4.9,22,Unknown,https://www.google.com/maps/place/Little+Villa/data=!4m10!3m9!1s0x1dce0bf590740ddb:0xde1974ecbb2dfd13!5m2!4m1!1i2!8m2!3d-34.4297862!4d19.2240928!16s%2Fg%2F11mckbjl0l!19sChIJ2w10kPULzh0RE_0tu-x0Gd4?authuser=0&hl=en&rclk=1,https://www.littlevillahermanus.co.za/,Google Maps
Port Del Mar Guest House - Hermanus Accomodation,,+27 78 795 0141,,4.6,57,Unknown,https://www.google.com/maps/place/Port+Del+Mar+Guest+House+-+Hermanus+Accomodation/data=!4m10!3m9!1s0x1dce0bd0da0f14d7:0x69ad0de45600e102!5m2!4m1!1i2!8m2!3d-34.4148554!4d19.2454786!16s%2Fg%2F11f6z2cz3m!19sChIJ1xQP2tALzh0RAuEAVuQNrWk?authuser=0&hl=en&rclk=1,https://www.portdelmar.co.za/,Google Maps
The Potting Shed Accommodation - Guest House,,+27 72 820 9828,,4.8,427,Unknown,https://www.google.com/maps/place/The+Potting+Shed+Accommodation+-+Guest+House/data=!4m10!3m9!1s0x1dce0b6c41238f79:0xff36b788a8aec733!5m2!4m1!1i2!8m2!3d-34.418491!4d19.2329714!16s%2Fg%2F1tfv7q0z!19sChIJeY8jQWwLzh0RM8euqIi3Nv8?authuser=0&hl=en&rclk=1,http://www.thepottingshed.co.za/,Google Maps
Hermanus Lodge on the Green,,+27 74 602 2421,,4.6,161,Unknown,https://www.google.com/maps/place/Hermanus+Lodge+on+the+Green/data=!4m10!3m9!1s0x1dce0a52de79eb33:0xb03d01c264a7be81!5m2!4m1!1i2!8m2!3d-34.4062249!4d19.2448672!16s%2Fg%2F1td817xf!19sChIJM-t53lIKzh0Rgb6nZMIBPbA?authuser=0&hl=en&rclk=1,http://www.hermanuslodge.co.za/,Google Maps
Anchor's Rest Hermanus,,+27 60 717 3018,,4.5,72,Unknown,https://www.google.com/maps/place/Anchor%27s+Rest+Hermanus/data=!4m10!3m9!1s0x1dce0b0d086863c1:0xe0e799fc675f1451!5m2!4m1!1i2!8m2!3d-34.4291991!4d19.225862!16s%2Fg%2F11xdw4pvh!19sChIJwWNoCA0Lzh0RURRfZ_yZ5-A?authuser=0&hl=en&rclk=1,https://www.anchorsresthermanus.com/,Google Maps
Perla Hermanus Self-Catering Accommodation,,+27 76 557 5901,,4.9,53,Unknown,https://www.google.com/maps/place/Perla+Hermanus+Self-Catering+Accommodation/data=!4m10!3m9!1s0x1dce0bf2ac66df8d:0x18493fac433d13f9!5m2!4m1!1i2!8m2!3d-34.4156144!4d19.2455354!16s%2Fg%2F11gy2zjnlg!19sChIJjd9mrPILzh0R-RM9Q6w_SRg?authuser=0&hl=en&rclk=1,https://perlahermanus.co.za/,Google Maps
Sandbaai Country House,,+27 28 316 3603,,4.5,227,Unknown,https://www.google.com/maps/place/Sandbaai+Country+House/data=!4m10!3m9!1s0x1dce75281bc15c21:0x510b0dbae4dabe2f!5m2!4m1!1i2!8m2!3d-34.4276446!4d19.1977355!16s%2Fg%2F11b6dp5hkj!19sChIJIVzBGyh1zh0RL77a5LoNC1E?authuser=0&hl=en&rclk=1,https://sandbaaicountryhouse.co.za/,Google Maps
6 Stemmet Lodge,,+27 82 841 3547,,4.6,200,Unknown,https://www.google.com/maps/place/6+Stemmet+Lodge/data=!4m10!3m9!1s0x1dce0bae69d196ed:0xee6495ddee76af71!5m2!4m1!1i2!8m2!3d-34.413983!4d19.245454!16s%2Fg%2F11cs5mj12s!19sChIJ7ZbRaa4Lzh0Rca927t2VZO4?authuser=0&hl=en&rclk=1,http://www.6stemmet.co.za/,Google Maps
Windsor Hotel Hermanus,,+27 28 312 3727,,4.3,922,Unknown,https://www.google.com/maps/place/Windsor+Hotel+Hermanus/data=!4m10!3m9!1s0x1dce0bc5d38755ed:0xe43e2832125daa40!5m2!4m1!1i2!8m2!3d-34.420991!4d19.240422!16s%2Fg%2F11r345z7mx!19sChIJ7VWH08ULzh0RQKpdEjIoPuQ?authuser=0&hl=en&rclk=1,http://www.windsorhotel.co.za/,Google Maps
Nautilus Cottage,,+27 82 876 2984,,4.7,112,Unknown,https://www.google.com/maps/place/Nautilus+Cottage/data=!4m10!3m9!1s0x1dce0ba7c1eb2327:0xf1e6dda4387e556f!5m2!4m1!1i2!8m2!3d-34.4204362!4d19.2371454!16s%2Fg%2F1tjvt94_!19sChIJJyPrwacLzh0Rb1V-OKTd5vE?authuser=0&hl=en&rclk=1,http://nautiluscottage.co.za/,Google Maps
Tranquil Luxury Private Rooms Hermanus,,+27 82 575 2202,,4.7,18,Unknown,https://www.google.com/maps/place/Tranquil+Luxury+Private+Rooms+Hermanus/data=!4m10!3m9!1s0x1dce0bd20e89e05f:0x99c8bee42daeb7f4!5m2!4m1!1i2!8m2!3d-34.425236!4d19.2295833!16s%2Fg%2F11y1w5_whd!19sChIJX-CJDtILzh0R9LeuLeS-yJk?authuser=0&hl=en&rclk=1,https://www.lekkeslaap.co.za/accommodation/tranquil-rooms--9-east/rooms,Google Maps
On The Cliffs Guest Lodge,,+27 28 313 2806,,4.7,111,Unknown,https://www.google.com/maps/place/On+The+Cliffs+Guest+Lodge/data=!4m10!3m9!1s0x1dce0b0be21c4577:0xfe39208662805af0!5m2!4m1!1i2!8m2!3d-34.425925!4d19.230932!16s%2Fg%2F1thrg9wz!19sChIJd0Uc4gsLzh0R8FqAYoYgOf4?authuser=0&hl=en&rclk=1,http://www.onthecliffs.co.za/,Google Maps
The surf shack,,+27 79 835 5170,,5.0,5,Unknown,https://www.google.com/maps/place/The+surf+shack/data=!4m10!3m9!1s0x1dce0b062c293013:0x18dfa51f70de95a5!5m2!4m1!1i2!8m2!3d-34.4197687!4d19.232108!16s%2Fg%2F11x790wnt1!19sChIJEzApLAYLzh0RpZXecB-l3xg?authuser=0&hl=en&rclk=1,https://surfhostelsouthafrica.mobirisesite.com/,Google Maps
Casa Del Mar,,+27 28 314 1132,,4.7,49,No,https://www.google.com/maps/place/Casa+Del+Mar/data=!4m10!3m9!1s0x1dce097b453961e1:0x4f9f30fa76bdbf1e!5m2!4m1!1i2!8m2!3d-34.4098834!4d19.2899488!16s%2Fg%2F11dfgnqjr0!19sChIJ4WE5RXsJzh0RHr-9dvown08?authuser=0&hl=en&rclk=1,https://casadelmarhermanus.hotelonia.com/,Google Maps
The Whale's Tale Guesthouse,,+27 84 880 4131,,4.3,52,Unknown,https://www.google.com/maps/place/The+Whale%27s+Tale+Guesthouse/data=!4m10!3m9!1s0x1dce0b0dab7e2f63:0xf896bda1a7faf229!5m2!4m1!1i2!8m2!3d-34.428787!4d19.226485!16s%2Fg%2F11gpgw3jpk!19sChIJYy9-qw0Lzh0RKfL6p6G9lvg?authuser=0&hl=en&rclk=1,http://www.thewhalestale.co.za/,Google Maps
Hermanus Heights Villa,,+27 83 742 6634,,4.8,107,Unknown,https://www.google.com/maps/place/Hermanus+Heights+Villa/data=!4m10!3m9!1s0x1dce0a4bbfd2b073:0x21881f3cf0da3d6e!5m2!4m1!1i2!8m2!3d-34.4019805!4d19.2549934!16s%2Fg%2F11f4wtg8yk!19sChIJc7DSv0sKzh0Rbj3a8DwfiCE?authuser=0&hl=en&rclk=1,http://www.hermanusheightsvilla.co.za/,Google Maps
Eastbury Cottage Self-Catering and B&B,,+27 82 658 4945,,4.6,89,Unknown,https://www.google.com/maps/place/Eastbury+Cottage+Self-Catering+and+B%26B/data=!4m10!3m9!1s0x1dce0bae727d924b:0xdd64b1a7e9a87e63!5m2!4m1!1i2!8m2!3d-34.4132427!4d19.2457751!16s%2Fg%2F1tdt3v6f!19sChIJS5J9cq4Lzh0RY36o6aexZN0?authuser=0&hl=en&rclk=1,http://www.eastburycottage.co.za/,Google Maps
19th Hole Guest Lodge,,+27 83 309 7499,,5.0,5,Unknown,https://www.google.com/maps/place/19th+Hole+Guest+Lodge/data=!4m10!3m9!1s0x1dce0bb41dde3305:0x13c6c576470485a1!5m2!4m1!1i2!8m2!3d-34.411123!4d19.2545413!16s%2Fg%2F1xgc0z17!19sChIJBTPeHbQLzh0RoYUER3bFxhM?authuser=0&hl=en&rclk=1,http://www.19thholeguestlodge.co.za/,Google Maps
Baleia Guest Lodge,,+27 28 312 2513,,4.3,100,Unknown,https://www.google.com/maps/place/Baleia+Guest+Lodge/data=!4m10!3m9!1s0x1dce0ba81d3424b5:0x7e6cfffa4817e5ae!5m2!4m1!1i2!8m2!3d-34.4188599!4d19.2356818!16s%2Fg%2F1tf0513k!19sChIJtSQ0HagLzh0RruUXSPr_bH4?authuser=0&hl=en&rclk=1,http://www.baleia.co.za/,Google Maps
Hornbill House Self Catering Accommodation,,+27 28 316 2696,,4.3,68,No,https://www.google.com/maps/place/Hornbill+House+Self+Catering+Accommodation/data=!4m10!3m9!1s0x1dce0ad75d4dc03f:0x5837a0c42e6c1f3f!5m2!4m1!1i2!8m2!3d-34.4107073!4d19.1988372!16s%2Fg%2F11b73r3v4m!19sChIJP8BNXdcKzh0RPx9sLsSgN1g?authuser=0&hl=en&rclk=1,http://www.hornbillhouse.co.za/,Google Maps
Swallows Cottages,,+27 61 446 4181,,4.8,4,Unknown,https://www.google.com/maps/place/Swallows+Cottages/data=!4m10!3m9!1s0x1dce7504d7b44033:0x6b47bad459d394d9!5m2!4m1!1i2!8m2!3d-34.409646!4d19.1833826!16s%2Fg%2F11y3wzk3_g!19sChIJM0C01wR1zh0R2ZTTWdS6R2s?authuser=0&hl=en&rclk=1,https://swallowscottages.co.za/,Google Maps
The Gables,,+27 82 561 3720,,4.6,37,No,https://www.google.com/maps/place/The+Gables/data=!4m10!3m9!1s0x1dce0b089992ee67:0x1ee0cd8e004c8cd2!5m2!4m1!1i2!8m2!3d-34.4208944!4d19.2314413!16s%2Fg%2F11c37ldrfr!19sChIJZ-6SmQgLzh0R0oxMAI7N4B4?authuser=0&hl=en&rclk=1,http://www.thegableshermanus.co.za/,Google Maps
Brown Jug Accommodation,,+27 82 897 1650,,4.9,47,Unknown,https://www.google.com/maps/place/Brown+Jug+Accommodation/data=!4m10!3m9!1s0x1dce0bae9000bfe3:0x9950162dbe17d1df!5m2!4m1!1i2!8m2!3d-34.413635!4d19.2437359!16s%2Fg%2F1ts2lxn7!19sChIJ478AkK4Lzh0R39EXvi0WUJk?authuser=0&hl=en&rclk=1,http://www.brownjug.co.za/,Google Maps
Elizabeth House,,+27 66 138 8527,,4.7,56,Unknown,https://www.google.com/maps/place/Elizabeth+House/data=!4m10!3m9!1s0x1dcc67ee7835f97b:0x2ca78a3536f2747d!5m2!4m1!1i2!8m2!3d-34.4242208!4d19.2007823!16s%2Fg%2F11j6kg7qlx!19sChIJe_k1eO5nzB0RfXTyNjWKpyw?authuser=0&hl=en&rclk=1,https://elizabethhouse.co.za/,Google Maps
Hermanus Beachfront Lodge,,+27 64 267 9945,,4.8,147,Unknown,https://www.google.com/maps/place/Hermanus+Beachfront+Lodge/data=!4m10!3m9!1s0x1dce0bd7ba3249f9:0xc000d82014989632!5m2!4m1!1i2!8m2!3d-34.4101839!4d19.2809357!16s%2Fg%2F11b73p1xls!19sChIJ-UkyutcLzh0RMpaYFCDYAMA?authuser=0&hl=en&rclk=1,https://www.hermanusbeachfrontlodge.co.za/,Google Maps
Braeview Guest House,,+27 28 312 3241,,4.5,72,Unknown,https://www.google.com/maps/place/Braeview+Guest+House/data=!4m10!3m9!1s0x1dce0b0d9fa43125:0x1a0f9df1d9358810!5m2!4m1!1i2!8m2!3d-34.4292145!4d19.2250543!16s%2Fg%2F1th89d54!19sChIJJTGknw0Lzh0REIg12fGdDxo?authuser=0&hl=en&rclk=1,http://www.braeviewhermanus.co.za/,Google Maps
Hemel en Aarde Village Accommodation,,+27 82 922 3815,,4.5,73,Unknown,https://www.google.com/maps/place/Hemel+en+Aarde+Village+Accommodation/data=!4m10!3m9!1s0x1dce0ad724dd431b:0x1a0148fc012f16f5!5m2!4m1!1i2!8m2!3d-34.4108123!4d19.1974639!16s%2Fg%2F11f2b83h3y!19sChIJG0PdJNcKzh0R9RYvAfxIARo?authuser=0&hl=en&rclk=1,http://hemelenaardeaccommodation.co.za/,Google Maps
Hermanus Hotel,,+27 28 313 1140,,4.4,7,No,https://www.google.com/maps/place/Hermanus+Hotel/data=!4m10!3m9!1s0x1dce0bae449a3b9d:0xc9693b398a922bc7!5m2!4m1!1i2!8m2!3d-34.4152551!4d19.2452922!16s%2Fg%2F1tpfg914!19sChIJnTuaRK4Lzh0RxyuSijk7ack?authuser=0&hl=en&rclk=1,https://www.inhermanus.com/en/,Google Maps
Stukkie Van Der Merwe Holiday Cottage,,+27 76 720 1356,,4.1,28,No,https://www.google.com/maps/place/Stukkie+Van+Der+Merwe+Holiday+Cottage/data=!4m10!3m9!1s0x1dce0b3ad7a73405:0x18afe13ecd94390e!5m2!4m1!1i2!8m2!3d-34.4256885!4d19.2028007!16s%2Fg%2F11dfqx0vpt!19sChIJBTSn1zoLzh0RDjmUzT7hrxg?authuser=0&hl=en&rclk=1,https://stukkiecottage.hotelonia.com/,Google Maps
Kenjockity Self Catering Apartments,,+27 82 876 2984,,4.5,22,Unknown,https://www.google.com/maps/place/Kenjockity+Self+Catering+Apartments/data=!4m10!3m9!1s0x1dce0ba7eb0b0385:0x527760f389f3b556!5m2!4m1!1i2!8m2!3d-34.4204362!4d19.2371454!16s%2Fg%2F1pp2t_frc!19sChIJhQML66cLzh0RVrXzifNgd1I?authuser=0&hl=en&rclk=1,http://www.kenjockity.co.za/,Google Maps
House on Westcliff,,+27 83 229 9092,,4.4,87,Unknown,https://www.google.com/maps/place/House+on+Westcliff/data=!4m10!3m9!1s0x1dce0b0d0d055269:0x4305888c3484d5cc!5m2!4m1!1i2!8m2!3d-34.429853!4d19.225306!16s%2Fg%2F1v_ql4qq!19sChIJaVIFDQ0Lzh0RzNWENIyIBUM?authuser=0&hl=en&rclk=1,https://houseonwestcliff.co.za/,Google Maps
Beaumont Guesthouse,,+27 72 445 6289,,4.7,14,Unknown,https://www.google.com/maps/place/Beaumont+Guesthouse/data=!4m10!3m9!1s0x1dce0bb2ffffffff:0xbdb437044416ca30!5m2!4m1!1i2!8m2!3d-34.4092004!4d19.2504436!16s%2Fg%2F11s556c585!19sChIJ_____7ILzh0RMMoWRAQ3tL0?authuser=0&hl=en&rclk=1,http://beaumonte.co.za/,Google Maps
Hamewith Whales Luxury Accommodation,,+27 82 378 9783,,4.6,8,No,https://www.google.com/maps/place/Hamewith+Whales+Luxury+Accommodation/data=!4m10!3m9!1s0x1dce0ba584890165:0x3a17b6b6b03e661a!5m2!4m1!1i2!8m2!3d-34.418761!4d19.244066!16s%2Fg%2F1tfdv9yx!19sChIJZQGJhKULzh0RGmY-sLa2Fzo?authuser=0&hl=en&rclk=1,http://www.hamewithpenthouse.com/,Google Maps
Villa Venusta Luxury Guest House,,+27 72 287 0721,,4.8,33,Unknown,https://www.google.com/maps/place/Villa+Venusta+Luxury+Guest+House/data=!4m10!3m9!1s0x1dce0b094c728b19:0xd96096607e9ff071!5m2!4m1!1i2!8m2!3d-34.4249408!4d19.2298895!16s%2Fg%2F11b73ppwrb!19sChIJGYtyTAkLzh0RcfCffmCWYNk?authuser=0&hl=en&rclk=1,http://www.villavenusta.com/?utm_source=google&utm_medium=wix_google_business_profile&utm_campaign=16125210702992580942,Google Maps
Marine Square Luxury Holiday Suites,,+27 28 312 4215,,4.7,134,Unknown,https://www.google.com/maps/place/Marine+Square+Luxury+Holiday+Suites/data=!4m10!3m9!1s0x1dce0baf660cd8bb:0x91c2b1ddf8a306a7!5m2!4m1!1i2!8m2!3d-34.4175904!4d19.2433277!16s%2Fg%2F1tht3qwv!19sChIJu9gMZq8Lzh0Rpwaj-N2xwpE?authuser=0&hl=en&rclk=1,http://www.marinesquare.co.za/,Google Maps
"Cliff Cottage, Hermanus",,+27 83 940 6505,,4.6,82,Unknown,"https://www.google.com/maps/place/Cliff+Cottage,+Hermanus/data=!4m10!3m9!1s0x1dce0b099a542c15:0xe204589a720d5502!5m2!4m1!1i2!8m2!3d-34.4245442!4d19.2331546!16s%2Fg%2F1tdv9p27!19sChIJFSxUmgkLzh0RAlUNcppYBOI?authuser=0&hl=en&rclk=1",http://www.cliffcottage.co.za/,Google Maps
Stone Chimney Cottage,,+27 73 963 4608,,3.0,3,No,https://www.google.com/maps/place/Stone+Chimney+Cottage/data=!4m10!3m9!1s0x1dce0bfce26c70a1:0x61566ea1aa514eec!5m2!4m1!1i2!8m2!3d-34.4055541!4d19.2734654!16s%2Fg%2F11jv0z_ds4!19sChIJoXBs4vwLzh0R7E5RqqFuVmE?authuser=0&hl=en&rclk=1,https://stonechimneycottage.hotelonia.com/,Google Maps
MILKY WAY,,+27 82 781 4523,,4.8,11,Unknown,https://www.google.com/maps/place/MILKY+WAY/data=!4m10!3m9!1s0x1dce0b89d99b626f:0x2c081bc8ffb94ee6!5m2!4m1!1i2!8m2!3d-34.4176055!4d19.2416743!16s%2Fg%2F11vyp_t7vc!19sChIJb2Kb2YkLzh0R5k65_8gbCCw?authuser=0&hl=en&rclk=1,http://www.milkywayhermanusxyx.co.za/,Google Maps
Beautiful Abalone,,+27 82 828 0629,,4.6,53,Unknown,https://www.google.com/maps/place/Beautiful+Abalone/data=!4m10!3m9!1s0x1dce0b0c156209a1:0xbe33c68eb2606b91!5m2!4m1!1i2!8m2!3d-34.4274064!4d19.2281437!16s%2Fg%2F11dzdh4zc6!19sChIJoQliFQwLzh0RkWtgso7GM74?authuser=0&hl=en&rclk=1,http://www.beautifulabalone.co.za/,Google Maps
111 at The Esplanade,,+27 68 604 5623,,5.0,9,Unknown,https://www.google.com/maps/place/111+at+The+Esplanade/data=!4m10!3m9!1s0x1dce0b5903694915:0x66a422c39340a7e8!5m2!4m1!1i2!8m2!3d-34.4217217!4d19.2423363!16s%2Fg%2F11wn7j8qvj!19sChIJFUlpA1kLzh0R6KdAk8MipGY?authuser=0&hl=en&rclk=1,https://111atesplanade.com/,Google Maps
Villa Blu Guesthouse,,+27 83 226 3144,,4.4,47,Unknown,https://www.google.com/maps/place/Villa+Blu+Guesthouse/data=!4m10!3m9!1s0x1dce0964dac7f6fd:0x33e5eabcfaba192e!5m2!4m1!1i2!8m2!3d-34.4111413!4d19.2913383!16s%2Fg%2F1tj2f8c6!19sChIJ_fbH2mQJzh0RLhm6-rzq5TM?authuser=0&hl=en&rclk=1,http://www.villablu.co.za/,Google Maps
Whales and Wonders Guest House,,+27 83 280 3283,,5.0,1,Unknown,https://www.google.com/maps/place/Whales+and+Wonders+Guest+House/data=!4m10!3m9!1s0x1dce09272f773c67:0x88bbc82f84d81a62!5m2!4m1!1i2!8m2!3d-34.4096724!4d19.2926558!16s%2Fg%2F11w3s7v9v_!19sChIJZzx3LycJzh0RYhrYhC_Iu4g?authuser=0&hl=en&rclk=1,https://whalesandwonders.co.za/,Google Maps
Beluga House,,+27 28 313 0968,,4.9,15,Unknown,https://www.google.com/maps/place/Beluga+House/data=!4m10!3m9!1s0x1dce0b09b79e9485:0xf2f2af09a9427c2b!5m2!4m1!1i2!8m2!3d-34.4229714!4d19.2341415!16s%2Fg%2F1vmvyqt8!19sChIJhZSetwkLzh0RK3xCqQmv8vI?authuser=0&hl=en&rclk=1,http://belugahouse.com/,Google Maps
Chinta Hermanus,,+27 82 446 8643,,4.8,4,Unknown,https://www.google.com/maps/place/Chinta+Hermanus/data=!4m10!3m9!1s0x1dce0be5c558a82b:0xdcb37a23948e100!5m2!4m1!1i2!8m2!3d-34.413052!4d19.2451515!16s%2Fg%2F11qgfdj0yx!19sChIJK6hYxeULzh0RAOFIOaI3yw0?authuser=0&hl=en&rclk=1,https://chintahermanus.hotelonia.com/,Google Maps
Le Paradis Penthouse,,+27 82 378 9783,,4.8,16,No,https://www.google.com/maps/place/Le+Paradis+Penthouse/data=!4m10!3m9!1s0x1dce0ba431a8d767:0x63107c16634bd3c8!5m2!4m1!1i2!8m2!3d-34.4216401!4d19.2424384!16s%2Fg%2F11b73hg_pp!19sChIJZ9eoMaQLzh0RyNNLYxZ8EGM?authuser=0&hl=en&rclk=1,http://www.leparadispenthouse.co.za/,Google Maps
Fraaiuitzicht Guest House,,+27 72 075 6532,,5.0,2,Unknown,https://www.google.com/maps/place/Fraaiuitzicht+Guest+House/data=!4m10!3m9!1s0x1dce098499ad57cd:0x90d7492c1573bf9!5m2!4m1!1i2!8m2!3d-34.4064594!4d19.2884792!16s%2Fg%2F11wg7d95nd!19sChIJzVetmYQJzh0R-TtXwZJ0DQk?authuser=0&hl=en&rclk=1,https://www.fraaiuitzicht.co.za/,Google Maps
Sarova Whitesands Beach Resort & Spa Mombasa - Beach Hotel in Mombasa,,+254 709 111000,,4.6,11135,Unknown,https://www.google.com/maps/place/Sarova+Whitesands+Beach+Resort+%26+Spa+Mombasa+-+Beach+Hotel+in+Mombasa/data=!4m10!3m9!1s0x18400dd5963208d5:0x740e7f0c37eee742!5m2!4m1!1i2!8m2!3d-3.9943711!4d39.7332713!16s%2Fg%2F1tfdw6_d!19sChIJ1QgyltUNQBgRQufuNwx_DnQ?authuser=0&hl=en&rclk=1,https://www.sarovahotels.com/whitesands-mombasa/,Google Maps
"CityBlue Creekside Hotel & Suites, Mombasa",,+254 702 500900,,4.2,2574,Unknown,"https://www.google.com/maps/place/CityBlue+Creekside+Hotel+%26+Suites,+Mombasa/data=!4m10!3m9!1s0x18401280b838c4b7:0x1bd7c5826afdac13!5m2!4m1!1i2!8m2!3d-4.0426316!4d39.6750853!16s%2Fg%2F11f3y4h6sd!19sChIJt8Q4uIASQBgRE6z9aoLF1xs?authuser=0&hl=en&rclk=1",https://www.citybluehotels.com/cityblue-creekside-hotel-suites-mombasa/,Google Maps
"Cocoa Luxury Resort- Nyali, Mombasa",,+254 703 048000,,4.2,3947,No,"https://www.google.com/maps/place/Cocoa+Luxury+Resort-+Nyali,+Mombasa/data=!4m10!3m9!1s0x18401245bf68c32d:0xce0e20f906ddac6c!5m2!4m1!1i2!8m2!3d-4.0488585!4d39.7075389!16s%2Fg%2F1vt_sk0t!19sChIJLcNov0USQBgRbKzdBvkgDs4?authuser=0&hl=en&rclk=1",https://www.muthuhotelsmgm.com/muthu-nyali-beach-hotel-spa-mombasa-kenya.html,Google Maps
PrideInn Paradise Beach Resort & Spa Mombasa,,+254 709 532000,,4.8,18014,Unknown,https://www.google.com/maps/place/PrideInn+Paradise+Beach+Resort+%26+Spa+Mombasa/data=!4m10!3m9!1s0x18400e9604292d09:0x4969acaf5cc17739!5m2!4m1!1i2!8m2!3d-3.9746602!4d39.748725!16s%2Fg%2F11f50spg15!19sChIJCS0pBJYOQBgROXfBXK-saUk?authuser=0&hl=en&rclk=1,https://www.prideinnhotels.com/hotels-in-mombasa/prideinn-paradise/,Google Maps
Ocean View Nyali Boutique Hotel,,+254 703 904666,,3.8,835,Unknown,https://www.google.com/maps/place/Ocean+View+Nyali+Boutique+Hotel/data=!4m10!3m9!1s0x18400df802d08a6d:0x4a3463c77ddddcb7!5m2!4m1!1i2!8m2!3d-4.024068!4d39.724158!16s%2Fg%2F11b6dgnzjr!19sChIJbYrQAvgNQBgRt9zdfcdjNEo?authuser=0&hl=en&rclk=1,https://sites.google.com/view/ocean-view-nyali-boutique/,Google Maps
Sheratton Regency Hotel,,+254 748 998836,,4.0,641,Unknown,https://www.google.com/maps/place/Sheratton+Regency+Hotel/data=!4m10!3m9!1s0x1840137594ed5a19:0x7dd25b4b11a0af6b!5m2!4m1!1i2!8m2!3d-4.0617511!4d39.667387!16s%2Fg%2F11f63722bw!19sChIJGVrtlHUTQBgRa6-gEUtb0n0?authuser=0&hl=en&rclk=1,https://sherattonregencymombasa.ke-hotel.com/,Google Maps
Mombasa Beach Hotel,,+254 784 340400,,4.0,2307,Unknown,https://www.google.com/maps/place/Mombasa+Beach+Hotel/data=!4m10!3m9!1s0x1840130e6771eb15:0x6f2491191d95b616!5m2!4m1!1i2!8m2!3d-4.0320562!4d39.7178888!16s%2Fg%2F1th84609!19sChIJFetxZw4TQBgRFraVHRmRJG8?authuser=0&hl=en&rclk=1,https://sites.google.com/view/hotel-mombasa-beach/,Google Maps
Bamburi Beach Hotel,,+254 722 203600,,4.2,2377,Unknown,https://www.google.com/maps/place/Bamburi+Beach+Hotel/data=!4m10!3m9!1s0x18400fab265d249d:0xf3094d873faef665!5m2!4m1!1i2!8m2!3d-3.9908817!4d39.7368855!16s%2Fg%2F11fn1lytz3!19sChIJnSRdJqsPQBgRZfauP4dNCfM?authuser=0&hl=en&rclk=1,https://www.bamburibeachkenya.com/,Google Maps
Premium Inn Mombasa City,,+254 768 444888,,4.6,253,Unknown,https://www.google.com/maps/place/Premium+Inn+Mombasa+City/data=!4m10!3m9!1s0x184013954ee1eb99:0x679f05123757c0fa!5m2!4m1!1i2!8m2!3d-4.0589859!4d39.6662208!16s%2Fg%2F11l5n_0qxg!19sChIJmevhTpUTQBgR-sBXNxIFn2c?authuser=0&hl=en&rclk=1,http://www.premiuminn.co.ke/,Google Maps
Hotel Englishpoint Mombasa,,+254 730 930107,,4.5,7228,Unknown,https://www.google.com/maps/place/Hotel+Englishpoint+Mombasa/data=!4m10!3m9!1s0x184012fd692c8e49:0xc5b74ef15e7de030!5m2!4m1!1i2!8m2!3d-4.0584769!4d39.684586!16s%2Fg%2F11c1xfllmv!19sChIJSY4saf0SQBgRMOB9XvFOt8U?authuser=0&hl=en&rclk=1,https://englishpoint.co.ke/,Google Maps
Marigold Guest House,,+254 706 590090,,3.9,227,Unknown,https://www.google.com/maps/place/Marigold+Guest+House/data=!4m10!3m9!1s0x184012db350c17fd:0xf2472c6a0bee2b57!5m2!4m1!1i2!8m2!3d-4.0522219!4d39.665933!16s%2Fg%2F11gghf5jfm!19sChIJ_RcMNdsSQBgRVyvuC2osR_I?authuser=0&hl=en&rclk=1,http://marigold-guest-house.hotelrunner.com/,Google Maps
Cowrie Shell Beach Apartments Mombasa,,+254 729 061000,,4.3,1743,Unknown,https://www.google.com/maps/place/Cowrie+Shell+Beach+Apartments+Mombasa/data=!4m10!3m9!1s0x18400df3e876d267:0x198f83414440618b!5m2!4m1!1i2!8m2!3d-3.9825664!4d39.7430071!16s%2Fg%2F11qwr5llbl!19sChIJZ9J26PMNQBgRi2FAREGDjxk?authuser=0&hl=en&rclk=1,https://www.cowrieshellbeachapartments.co.ke/,Google Maps
"Royal Court Hotel, Mombasa",,+254 41 2230932,,4.1,1620,Unknown,"https://www.google.com/maps/place/Royal+Court+Hotel,+Mombasa/data=!4m10!3m9!1s0x184012c47d35bea7:0x61b1b769270642c6!5m2!4m1!1i2!8m2!3d-4.0590948!4d39.6669411!16s%2Fg%2F1tp5nzgz!19sChIJp741fcQSQBgRxkIGJ2m3sWE?authuser=0&hl=en&rclk=1",http://www.royalcourtmombasa.co.ke/,Google Maps
Lotus Hotel,,+254 722 612517,,3.9,444,Unknown,https://www.google.com/maps/place/Lotus+Hotel/data=!4m10!3m9!1s0x184013191880ef97:0x76b6e3d4db1ae184!5m2!4m1!1i2!8m2!3d-4.0645773!4d39.6757048!16s%2Fg%2F1pxq43k2l!19sChIJl--AGBkTQBgRhOEa29TjtnY?authuser=0&hl=en&rclk=1,http://www.lotushotelkenya.com/,Google Maps
PrideInn Flamingo Beach Resort & Spa Mombasa,,+254 709 532000,,4.5,5290,Unknown,https://www.google.com/maps/place/PrideInn+Flamingo+Beach+Resort+%26+Spa+Mombasa/data=!4m10!3m9!1s0x18400ebf3ce3381b:0x276f67e840f54010!5m2!4m1!1i2!8m2!3d-3.9688981!4d39.7522897!16s%2Fg%2F1q4km85wr!19sChIJGzjjPL8OQBgREED1QOhnbyc?authuser=0&hl=en&rclk=1,https://www.prideinnhotels.com/hotels-in-mombasa/prideinn-flamingo/,Google Maps
Hotel Sapphire,,+254 722 206496,,4.6,1880,Unknown,https://www.google.com/maps/place/Hotel+Sapphire/data=!4m10!3m9!1s0x184012d9866654e5:0x11e95bcc84a244b9!5m2!4m1!1i2!8m2!3d-4.0565216!4d39.6641994!16s%2Fg%2F1ttxf58v!19sChIJ5VRmhtkSQBgRuUSihMxb6RE?authuser=0&hl=en&rclk=1,http://hotelsapphire.co.ke/,Google Maps
Sai Rock Beach Hotel & Spa,,+254 726 270036,,4.0,1671,Unknown,https://www.google.com/maps/place/Sai+Rock+Beach+Hotel+%26+Spa/data=!4m10!3m9!1s0x18400dd9e092f3ab:0x2ac7831de5ee8ab7!5m2!4m1!1i2!8m2!3d-3.9999811!4d39.7303219!16s%2Fg%2F1tp1dk29!19sChIJq_OS4NkNQBgRt4ru5R2Dxyo?authuser=0&hl=en&rclk=1,https://sairock.co.ke/,Google Maps
Swahili Social House,,+254 705 185849,,4.1,465,Unknown,https://www.google.com/maps/place/Swahili+Social+House/data=!4m10!3m9!1s0x1840126c858d0821:0xd8328e1174d10342!5m2!4m1!1i2!8m2!3d-4.0368263!4d39.71169!16s%2Fg%2F1td3bh91!19sChIJIQiNhWwSQBgRQgPRdBGOMtg?authuser=0&hl=en&rclk=1,http://www.swahilihouse.co.ke/,Google Maps
Baobab holiday resort ltd,,+254 720 631113,,4.1,559,Unknown,https://www.google.com/maps/place/Baobab+holiday+resort+ltd/data=!4m10!3m9!1s0x18400d771a5423c1:0xbc940b690270ea8c!5m2!4m1!1i2!8m2!3d-4.0128086!4d39.7237705!16s%2Fg%2F1pzt_5p7z!19sChIJwSNUGncNQBgRjOpwAmkLlLw?authuser=0&hl=en&rclk=1,https://baobabholidayresort.com/,Google Maps
Cocoa Boutique Hotel,,+254 780 524833,,4.3,462,Unknown,https://www.google.com/maps/place/Cocoa+Boutique+Hotel/data=!4m10!3m9!1s0x18401214c9ca7b79:0xac03f420a8f9ae71!5m2!4m1!1i2!8m2!3d-4.0387878!4d39.7150917!16s%2Fg%2F11b7w0q4tw!19sChIJeXvKyRQSQBgRca75qCD0A6w?authuser=0&hl=en&rclk=1,http://www.cocoacollectionhotels.com/,Google Maps
The Ivory Suites,,+254 712 455155,,4.4,194,Unknown,https://www.google.com/maps/place/The+Ivory+Suites/data=!4m10!3m9!1s0x184013868722bec7:0x9aa949cd424baf99!5m2!4m1!1i2!8m2!3d-4.0551144!4d39.6676912!16s%2Fg%2F11s59883ds!19sChIJx74ih4YTQBgRma9LQs1JqZo?authuser=0&hl=en&rclk=1,https://theivorysuitesmombasa.ke-hotel.com/,Google Maps
Tulia Old Town Backpackers,,+254 711 955955,,4.1,92,No,https://www.google.com/maps/place/Tulia+Old+Town+Backpackers/data=!4m10!3m9!1s0x184012e23b0c51c9:0xda6f4c81306f800a!5m2!4m1!1i2!8m2!3d-4.058134!4d39.678394!16s%2Fg%2F11vf96xly0!19sChIJyVEMO-ISQBgRCoBvMIFMb9o?authuser=0&hl=en&rclk=1,http://tuliabackpackers.com/,Google Maps
Stadium Holiday Inn,,+254 41 2492787,,3.8,944,Unknown,https://www.google.com/maps/place/Stadium+Holiday+Inn/data=!4m10!3m9!1s0x184012c6de737741:0x8858b4dd06ad0f7a!5m2!4m1!1i2!8m2!3d-4.0464582!4d39.6660967!16s%2Fg%2F11cff4lx3!19sChIJQXdz3sYSQBgReg-tBt20WIg?authuser=0&hl=en&rclk=1,http://www.ndoloinvestments.com/,Google Maps
Sunset Paradise Holiday Homes,,+254 716 950830,,4.3,2189,Unknown,https://www.google.com/maps/place/Sunset+Paradise+Holiday+Homes/data=!4m10!3m9!1s0x18400eb061655809:0xf10b58620efe1c1c!5m2!4m1!1i2!8m2!3d-3.9661159!4d39.7470832!16s%2Fg%2F1tf7jyv9!19sChIJCVhlYbAOQBgRHBz-DmJYC_E?authuser=0&hl=en&rclk=1,https://www.sunsetparadiseholidayhomes.com/,Google Maps
Topville Hotel Mombasa,,+254 781 809900,,3.6,43,Unknown,https://www.google.com/maps/place/Topville+Hotel+Mombasa/data=!4m10!3m9!1s0x1840097010d14b13:0xa994d97a8184df26!5m2!4m1!1i2!8m2!3d-4.0466826!4d39.658374!16s%2Fg%2F1pztnh685!19sChIJE0vREHAJQBgRJt-EgXrZlKk?authuser=0&hl=en&rclk=1,https://topvillehotel.com/,Google Maps
Manson Hotel,,+254 722 610615,,3.7,503,Unknown,https://www.google.com/maps/place/Manson+Hotel/data=!4m10!3m9!1s0x1840132687ecb76d:0xbea7b1791fac6968!5m2!4m1!1i2!8m2!3d-4.0639981!4d39.6650024!16s%2Fg%2F1tctj500!19sChIJbbfshyYTQBgRaGmsH3mxp74?authuser=0&hl=en&rclk=1,http://www.mansonhotel.com/,Google Maps
Sentrim Castle Royal,,+254 796 890890,,4.1,1126,Unknown,https://www.google.com/maps/place/Sentrim+Castle+Royal/data=!4m10!3m9!1s0x18401321a874c5ab:0xc777b20622fb23c3!5m2!4m1!1i2!8m2!3d-4.0626053!4d39.6700237!16s%2Fg%2F1tjbc51q!19sChIJq8V0qCETQBgRwyP7Igayd8c?authuser=0&hl=en&rclk=1,https://www.sentrim-hotels.com/sentrim-castle-royal.html,Google Maps
Travellers Beach Hotel & Spa - Mombasa,,+254 720 648708,,4.4,3835,Unknown,https://www.google.com/maps/place/Travellers+Beach+Hotel+%26+Spa+-+Mombasa/data=!4m10!3m9!1s0x18400d567715c2cd:0x85b8c34f4aa1a3f3!5m2!4m1!1i2!8m2!3d-3.9911443!4d39.7343806!16s%2Fg%2F1hd_nxcz_!19sChIJzcIVd1YNQBgR86OhSk_DuIU?authuser=0&hl=en&rclk=1,https://www.travellersbeach.com/,Google Maps
Jambo Paradise Hotel,,+254 717 357791,,3.9,709,Unknown,https://www.google.com/maps/place/Jambo+Paradise+Hotel/data=!4m10!3m9!1s0x1840137994722025:0xb0a0aba2879b6797!5m2!4m1!1i2!8m2!3d-4.0479558!4d39.6662462!16s%2Fg%2F11b73p1tzp!19sChIJJSBylHkTQBgRl2ebh6KroLA?authuser=0&hl=en&rclk=1,http://www.jamboparadisehotel.com/,Google Maps
Plaza Beach Hotel,,+254 723 661008,,3.9,1289,Unknown,https://www.google.com/maps/place/Plaza+Beach+Hotel/data=!4m10!3m9!1s0x18400e83c20d3b97:0x1b53b391b7991ffa!5m2!4m1!1i2!8m2!3d-3.9870582!4d39.7383921!16s%2Fg%2F1vj1b36v!19sChIJlzsNwoMOQBgR-h-Zt5GzUxs?authuser=0&hl=en&rclk=1,http://www.plaza-beach.co.ke/,Google Maps
Royal Shaza Suites,,+254 799 213821,,4.4,460,Unknown,https://www.google.com/maps/place/Royal+Shaza+Suites/data=!4m10!3m9!1s0x18400fe86508e759:0x10242b74d8f2b5d!5m2!4m1!1i2!8m2!3d-3.9662907!4d39.7573605!16s%2Fg%2F11hzpmmj16!19sChIJWecIZegPQBgRXSuPTbdCAgE?authuser=0&hl=en&rclk=1,https://theroyalshazasuites.co.ke/,Google Maps
Mtwapa Prestige Leisure Hotel & Conference Limited,,+254 721 939939,,4.1,921,Unknown,https://www.google.com/maps/place/Mtwapa+Prestige+Leisure+Hotel+%26+Conference+Limited/data=!4m10!3m9!1s0x18400945fde570b1:0x5734399aae906689!5m2!4m1!1i2!8m2!3d-3.9504248!4d39.7495933!16s%2Fg%2F1pzq26yq6!19sChIJsXDl_UUJQBgRiWaQrpo5NFc?authuser=0&hl=en&rclk=1,http://www.prestigeleisurehotel.com/,Google Maps
Jambo Village Hotel,,+254 706 871801,,3.9,1696,Unknown,https://www.google.com/maps/place/Jambo+Village+Hotel/data=!4m10!3m9!1s0x18406d6205c73587:0x54856c5e8cde9533!5m2!4m1!1i2!8m2!3d-4.0305179!4d39.6253696!16s%2Fg%2F12ltd2jm_!19sChIJhzXHBWJtQBgRM5XejF5shVQ?authuser=0&hl=en&rclk=1,http://www.jambovillagehotel.com/,Google Maps
Maasai Resort,,+254 701 152930,,4.1,1066,No,https://www.google.com/maps/place/Maasai+Resort/data=!4m10!3m9!1s0x18400c2a9c31fb95:0x287bc1a27b0f98d0!5m2!4m1!1i2!8m2!3d-3.9904008!4d39.734272!16s%2Fg%2F11dz5q4qym!19sChIJlfsxnCoMQBgR0JgPe6LBeyg?authuser=0&hl=en&rclk=1,https://maasai-resort.gohotelly.com/,Google Maps
White Castle Hotel Mikindani Mombasa,,+254 727 721948,,4.0,862,Unknown,https://www.google.com/maps/place/White+Castle+Hotel+Mikindani+Mombasa/data=!4m10!3m9!1s0x184072e91ba982f1:0xc911922f80c5890b!5m2!4m1!1i2!8m2!3d-4.0082865!4d39.627771!16s%2Fg%2F1tdlqrdv!19sChIJ8YKpG-lyQBgRC4nFgC-SEck?authuser=0&hl=en&rclk=1,https://whitecastlehotelmikindanimombasa.shop/,Google Maps
Darajani Hotel Ltd,,+254 711 379999,,3.8,521,Unknown,https://www.google.com/maps/place/Darajani+Hotel+Ltd/data=!4m10!3m9!1s0x184013d772bcd33b:0xad5a9794b4d48dea!5m2!4m1!1i2!8m2!3d-4.04288!4d39.667097!16s%2Fg%2F1hd_7fsm_!19sChIJO9O8ctcTQBgR6o3UtJSXWq0?authuser=0&hl=en&rclk=1,http://darajanihotel.com/,Google Maps
Bliss Resort,,+254 704 912808,,4.4,2026,Unknown,https://www.google.com/maps/place/Bliss+Resort/data=!4m10!3m9!1s0x18401209e0bb4461:0xf264e05d24d8eb47!5m2!4m1!1i2!8m2!3d-4.0248798!4d39.7200836!16s%2Fg%2F1tf4_s4b!19sChIJYUS74AkSQBgRR-vYJF3gZPI?authuser=0&hl=en&rclk=1,https://www.bliss.co.ke/,Google Maps
