Niche,Business Name,Contact Person,Phone Number,Location,Google Rating,Review Count,Profile Claimed?,Google Maps URL,Lead Score,Priority,Social Presence,Web Search Verification,Source
Bangalore Dental Clinics,JAIN DENTAL CENTRE | Painless Dentistry | Specialist Implant & Multispeciality Clinic,,+91 98450 44319,"A-101Brigade Majestic 1st Main near girias Above Airtel, Kalidasa Marg, behind pothys",4.8,411,Unknown,https://www.google.com/maps/place/JAIN+DENTAL+CENTRE+%7C+Painless+Dentistry+%7C+Specialist+Implant+%26+Multispeciality+Clinic/data=!4m7!3m6!1s0x3bae160ef48499ed:0x64ba8138e8396e19!8m2!3d12.9757762!4d77.579427!16s%2Fg%2F1w6_m826!19sChIJ7ZmE9A4WrjsRGW456DiBumQ?authuser=0&hl=en&rclk=1,93,Hot,social_media,no matching own-domain result in top results (checked 2x),Google Maps
Coorg/Wayanad/Ooty Resorts,UBUNTU RETREAT,,+91 97454 34444,,4.8,190,Unknown,https://www.google.com/maps/place/UBUNTU+RETREAT/data=!4m10!3m9!1s0x3ba8bd261a3e59eb:0xe3b9af7bbbe9af2a!5m2!4m1!1i2!8m2!3d11.4065312!4d76.6847082!16s%2Fg%2F11thfrlv_c!19sChIJ61k-Gia9qDsRKq_pu3uvueM?authuser=0&hl=en&rclk=1,93,Hot,social_media,no matching own-domain result in top results (checked 2x),Google Maps
Gulf Restaurants,Khaana Mehfil Restaurant Abu Dhabi,,+971 52 496 6411,AED 1–50,4.9,378,Unknown,https://www.google.com/maps/place/Khaana+Mehfil+Restaurant+Abu+Dhabi/data=!4m7!3m6!1s0x3e5e67163d802b21:0x162e3818e7aee068!8m2!3d24.5009374!4d54.37505!16s%2Fg%2F11pzx9b8g_!19sChIJISuAPRZnXj4RaOCu5xg4LhY?authuser=0&hl=en&rclk=1,93,Hot,social_media,no matching own-domain result in top results (checked 2x),Google Maps
Gulf Restaurants,Nando's - The View Mall,,+966 56 478 4519,"Cenomi The View Mall, Gate 7, Ali Izat Bighufich St Level 1",4.8,3503,Unknown,https://www.google.com/maps/place/Nando%27s+-+The+View+Mall/data=!4m7!3m6!1s0x3e2f03e006007455:0xb6f1609338f214d3!8m2!3d24.6961972!4d46.7286853!16s%2Fg%2F11tfxrwgd8!19sChIJVXQABuADLz4R0xTyOJNg8bY?authuser=0&hl=en&rclk=1,93,Hot,social_media,no matching own-domain result in top results (checked 2x),Google Maps
Gulf Restaurants,Bellbird,,+966 55 083 0061,"3739 Al Thoumamah Rd, RARB7241, 7241",4.6,8945,Unknown,https://www.google.com/maps/place/Bellbird/data=!4m7!3m6!1s0x3e2ee3d7ab32400f:0xec098f0de03b1f9d!8m2!3d24.7885338!4d46.6478993!16s%2Fg%2F11j_6gpfl8!19sChIJD0Ayq9fjLj4RnR874A2PCew?authuser=0&hl=en&rclk=1,93,Hot,social_media,no matching own-domain result in top results (checked 2x),Google Maps
Gulf Restaurants,Makan Indian Restaurant,,+966 57 351 4100,Prince Mohammed Bin Abdulaziz St,4.7,13292,Unknown,https://www.google.com/maps/place/Makan+Indian+Restaurant/data=!4m7!3m6!1s0x15c3c5e10f3163fd:0xcd2d174366095ced!8m2!3d21.5493026!4d39.1390245!16s%2Fg%2F11pzbpy7_b!19sChIJ_WMxD-HFwxUR7VwJZkMXLc0?authuser=0&hl=en&rclk=1,93,Hot,social_media,no matching own-domain result in top results (checked 2x),Google Maps
Gulf Restaurants,مطعم ذا باي الهندي | The Bay Restaurant,,+966 56 737 6168,Prince Mohammed Bin Abdulaziz St,4.6,3457,Unknown,https://www.google.com/maps/place/%D9%85%D8%B7%D8%B9%D9%85+%D8%B0%D8%A7+%D8%A8%D8%A7%D9%8A+%D8%A7%D9%84%D9%87%D9%86%D8%AF%D9%8A+%7C+The+Bay+Restaurant%E2%80%AD/data=!4m7!3m6!1s0x15c16330e6b3451b:0x176050449652bda6!8m2!3d21.5491491!4d39.1646313!16s%2Fg%2F11rd8ftz1_!19sChIJG0Wz5jBjwRURpr1SlkRQYBc?authuser=0&hl=en&rclk=1,93,Hot,social_media,no matching own-domain result in top results (checked 2x),Google Maps
Gulf Restaurants,Da Bao,,+966 56 516 1760,"dist, Prince Saud Al Faisal، Rovan tower",4.6,3521,Unknown,https://www.google.com/maps/place/Da+Bao/data=!4m7!3m6!1s0x15c3d130ffc36c45:0xc8f9c37c1a397609!8m2!3d21.5620506!4d39.161459!16s%2Fg%2F11lfg_y7lr!19sChIJRWzD_zDRwxURCXY5GnzD-cg?authuser=0&hl=en&rclk=1,93,Hot,social_media,no matching own-domain result in top results (checked 2x),Google Maps
Nigeria Hair Salons,Finest hiz and herz salon,,+234 816 475 2226,"Solaron plaza, 17 Akowonjo Rd",4.9,169,Unknown,https://www.google.com/maps/place/Finest+hiz+and+herz+salon/data=!4m7!3m6!1s0x103b912b2d1405d5:0xb74409e076babd85!8m2!3d6.5997603!4d3.2928946!16s%2Fg%2F11sgczg4fb!19sChIJ1QUULSuROxARhb26duAJRLc?authuser=0&hl=en&rclk=1,93,Hot,social_media,no matching own-domain result in top results (checked 2x),Google Maps
Nigeria Hair Salons,7oh6 salon,,+234 812 581 8068,"kilo bus stop, 6, by Akpoguma St",4.9,161,Unknown,https://www.google.com/maps/place/7oh6+salon/data=!4m7!3m6!1s0x103b8dc87445331b:0x810d73c78e5b0299!8m2!3d6.5008993!4d3.3453811!16s%2Fg%2F11h89lqpgg!19sChIJGzNFdMiNOxARmQJbjsdzDYE?authuser=0&hl=en&rclk=1,93,Hot,social_media,no matching own-domain result in top results (checked 2x),Google Maps
Nigeria Hair Salons,Taylors Touch Beauty Place in Aguda Surulere Lagos.,,+234 812 219 7273,"Bakery Bustop, 16 Olatunde Onimole St",4.9,107,Unknown,https://www.google.com/maps/place/Taylors+Touch+Beauty+Place+in+Aguda+Surulere+Lagos./data=!4m7!3m6!1s0x103b8d3170e38335:0x2268f2e5f5d4b97d!8m2!3d6.4921196!4d3.347428!16s%2Fg%2F11k3f1rss0!19sChIJNYPjcDGNOxARfbnU9eXyaCI?authuser=0&hl=en&rclk=1,93,Hot,social_media,no matching own-domain result in top results (checked 2x),Google Maps
Gulf Restaurants,Pescado Seafood Grills - Ajman,,+971 6 747 4313,,4.5,1253,Unknown,https://www.google.com/maps/place/Pescado+Seafood+Grills+-+Ajman/data=!4m7!3m6!1s0x3e5f59e23dab3c9b:0x6178b402ee54750a!8m2!3d25.4019157!4d55.4304511!16s%2Fg%2F11rj5nsppr!19sChIJmzyrPeJZXz4RCnVU7gK0eGE?authuser=0&hl=en&rclk=1,88,Hot,link_in_bio,no matching own-domain result in top results (checked 2x),Google Maps
Gulf Restaurants,KUY's Grill & Restaurant,,+966 58 240 6854,"6913 Ibn Al Qassab, 2449, 6966, Abu Bakr Alrazi St, 6966, As Sulimaniyah,2467",4.0,489,Unknown,https://www.google.com/maps/place/KUY%27s+Grill+%26+Restaurant/data=!4m7!3m6!1s0x3e2f0322e5244481:0xd24202bdb41d21c6!8m2!3d24.6921998!4d46.7035896!16s%2Fg%2F11tc7mk0bj!19sChIJgUQk5SIDLz4RxiEdtL0CQtI?authuser=0&hl=en&rclk=1,88,Hot,social_media,no matching own-domain result in top results (checked 2x),Google Maps
Gulf Restaurants,مطعم في بيروت جدة | At Beirut Jeddah,,+966 50 054 7799,Al Batarji Branch,4.5,2143,Unknown,https://www.google.com/maps/place/%D9%85%D8%B7%D8%B9%D9%85+%D9%81%D9%8A+%D8%A8%D9%8A%D8%B1%D9%88%D8%AA+%D8%AC%D8%AF%D8%A9+%7C+At+Beirut+Jeddah%E2%80%AD/data=!4m7!3m6!1s0x15c3db007345e881:0xb8d6d3f6f22746d6!8m2!3d21.5974832!4d39.1297008!16s%2Fg%2F11wq7ntgp9!19sChIJgehFcwDbwxUR1kYn8vbT1rg?authuser=0&hl=en&rclk=1,88,Hot,link_in_bio,no matching own-domain result in top results (checked 2x),Google Maps
Nigeria Hair Salons,Hairbyfemi Lekki Lagos Hair studio,,+234 812 321 9500,"Centigrade Mall, Fola Osibo Rd",4.8,51,Unknown,https://www.google.com/maps/place/Hairbyfemi+Lekki+Lagos+Hair+studio/data=!4m7!3m6!1s0x103bf54ddee092e1:0xc40807ca667f94b2!8m2!3d6.442832!4d3.4653805!16s%2Fg%2F11qg9lz84g!19sChIJ4ZLg3k31OxARspR_ZsoHCMQ?authuser=0&hl=en&rclk=1,83,Hot,social_media,no matching own-domain result in top results (checked 2x),Google Maps
Nigeria Hair Salons,Allsetgo Unisex Salon,,+234 907 595 3008,"3, CGMP+FXH, Lekki Penninsula II, Lagos 106104",4.8,22,Unknown,https://www.google.com/maps/place/Allsetgo+Unisex+Salon/data=!4m7!3m6!1s0x103bf7eb867286cb:0x47a58f174dda26af!8m2!3d6.4336875!4d3.5374375!16s%2Fg%2F11syrh6bdx!19sChIJy4Zyhuv3OxARrybaTRePpUc?authuser=0&hl=en&rclk=1,83,Hot,social_media,no matching own-domain result in top results (checked 2x),Google Maps
Nigeria Hair Salons,Preshy beauty braids Abuja,,+234 707 333 8554,6 Lobito Cres,4.9,59,Unknown,https://www.google.com/maps/place/Preshy+beauty+braids+Abuja/data=!4m7!3m6!1s0x104e0b511bb81281:0x715f4f865f7e36bb!8m2!3d9.0719341!4d7.4897459!16s%2Fg%2F11ywt87mj1!19sChIJgRK4G1ELThARuzZ-X4ZPX3E?authuser=0&hl=en&rclk=1,83,Hot,social_media,no matching own-domain result in top results (checked 2x),Google Maps
Nigeria Hair Salons,Tasha Beauty And Hair Salons.. Abuja nearby,,+234 903 322 3399,"Tasha Beauty and hair salon Cube Ameen plaza opposite barracuda, Adetokunbo Ademola Cres",4.9,22,Unknown,https://www.google.com/maps/place/Tasha+Beauty+And+Hair+Salons..+Abuja+nearby/data=!4m7!3m6!1s0x104e0b807e4786e9:0xcbcb665d6cc63429!8m2!3d9.0730978!4d7.4762645!16s%2Fg%2F11ymhxtb_4!19sChIJ6YZHfoALThARKTTGbF1my8s?authuser=0&hl=en&rclk=1,83,Hot,social_media,no matching own-domain result in top results (checked 2x),Google Maps
Kenya Real Estate,Bamburi Beach Homes,,+254 733 982516,Malindi Rd,4.2,41,Unknown,https://www.google.com/maps/place/Bamburi+Beach+Homes/data=!4m7!3m6!1s0x18400e8189bfbc91:0x45f83c9dcbeb3642!8m2!3d-3.9877334!4d39.73612!16s%2Fg%2F1pxwhm291!19sChIJkby_iYEOQBgRQjbry508-EU?authuser=0&hl=en&rclk=1,78,Hot,social_media,no matching own-domain result in top results (checked 2x),Google Maps
Bangalore Dental Clinics,Comprehensive Dental & Implant Centre,,+91 80 4211 4432,"7, Cornwell Rd",4.9,241,Unknown,https://www.google.com/maps/place/Comprehensive+Dental+%26+Implant+Centre/data=!4m7!3m6!1s0x3bae15d718dcccfb:0x9b2df5b636681a42!8m2!3d12.9631416!4d77.5990422!16s%2Fg%2F11b6dnpv21!19sChIJ-8zcGNcVrjsRQhpoNrb1LZs?authuser=0&hl=en&rclk=1,73,Hot,none,no matching own-domain result in top results (checked 2x),Google Maps
Bangalore Dental Clinics,Asian Dental Care,,+91 89717 63097,"18, Lady Curzon Rd, near Bowring Hospital Road",5.0,122,Unknown,https://www.google.com/maps/place/Asian+Dental+Care/data=!4m7!3m6!1s0x3bae17d91a84339b:0xf1dafd7fe14e0fc9!8m2!3d12.9807141!4d77.6039508!16s%2Fg%2F11j4xs8mpt!19sChIJmzOEGtkXrjsRyQ9O4X_92vE?authuser=0&hl=en&rclk=1,73,Hot,none,no matching own-domain result in top results (checked 2x),Google Maps
Bangalore Dental Clinics,devaki dental and oral health clinic,,+91 98459 13898,"627/1 2nd Main Road near Canara bank, Brazelhaus, 11th Cross Rd",4.9,505,Unknown,https://www.google.com/maps/place/devaki+dental+and+oral+health+clinic/data=!4m7!3m6!1s0x3bae17822ade322d:0x8073977b1f699aa9!8m2!3d12.9823467!4d77.6383965!16s%2Fg%2F1ptxqn888!19sChIJLTLeKoIXrjsRqZppH3uXc4A?authuser=0&hl=en&rclk=1,73,Hot,none,no matching own-domain result in top results (checked 2x),Google Maps
Bangalore Dental Clinics,I-Smile Dental & Aesthetic Care,,+91 88618 29655,"72, New Thippasandra Main Rd, near Durga Temple, above Apollo pharmacy",5.0,324,Unknown,https://www.google.com/maps/place/I-Smile+Dental+%26+Aesthetic+Care/data=!4m7!3m6!1s0x3bae114a0bcfa9cd:0x8aa16e255d5e79bf!8m2!3d12.9718861!4d77.6549754!16s%2Fg%2F11scs6vvdw!19sChIJzanPC0oRrjsRv3leXSVuoYo?authuser=0&hl=en&rclk=1,73,Hot,none,no matching own-domain result in top results (checked 2x),Google Maps
Bangalore Dental Clinics,"Dr. Chahal Aesthetic Clinic, Indiranagar |Dental Services|Botox & Fillers|PRP|Hair Transplant Centre|Skin Care Services",,+91 74834 63698,"The Life Plus Hospital, 266/C, 80 Feet Rd",5.0,350,Unknown,"https://www.google.com/maps/place/Dr.+Chahal+Aesthetic+Clinic,+Indiranagar+%7CDental+Services%7CBotox+%26+Fillers%7CPRP%7CHair+Transplant+Centre%7CSkin+Care+Services/data=!4m7!3m6!1s0x3bae174dc4341d7d:0xd866979e5f4a12f6!8m2!3d12.975598!4d77.6469534!16s%2Fg%2F11k6xyyvc4!19sChIJfR00xE0XrjsR9hJKX56XZtg?authuser=0&hl=en&rclk=1",73,Hot,none,no matching own-domain result in top results (checked 2x),Google Maps
Bangalore Dental Clinics,Happy Teeth Happy Faces,,+91 92431 02024,"308, 2nd Main Rd",4.9,178,Unknown,https://www.google.com/maps/place/Happy+Teeth+Happy+Faces/data=!4m7!3m6!1s0x3bae141a7054e407:0xd5d720326116b983!8m2!3d12.9582551!4d77.6382099!16s%2Fg%2F1w6r6qgl!19sChIJB-RUcBoUrjsRg7kWYTIg19U?authuser=0&hl=en&rclk=1,73,Hot,none,no matching own-domain result in top results (checked 2x),Google Maps
Bangalore Dental Clinics,Whitefield Dental Clinic,,+91 95917 68216,Immadihalli Main Rd,4.8,220,Unknown,https://www.google.com/maps/place/Whitefield+Dental+Clinic/data=!4m7!3m6!1s0x3bae0dba7577c871:0xe892840a9029b4a0!8m2!3d12.9699615!4d77.7666713!16s%2Fg%2F11t5m0b5sc!19sChIJcch3dboNrjsRoLQpkAqEkug?authuser=0&hl=en&rclk=1,73,Hot,none,no matching own-domain result in top results (checked 2x),Google Maps
Bangalore Dental Clinics,Sweet Tooth Dental Clinic - Best Dental Clinic In Whitefield Bengaluru | Dentist in Whitefield Bengaluru ||,,+91 99872 58069,"Shop No.3, Buildwell Homes, Borewell Rd",5.0,163,Unknown,https://www.google.com/maps/place/Sweet+Tooth+Dental+Clinic+-+Best+Dental+Clinic+In+Whitefield+Bengaluru+%7C+Dentist+in+Whitefield+Bengaluru+%7C%7C/data=!4m7!3m6!1s0x3bae13d2fdd28995:0xa32424f217aee81d!8m2!3d12.9692242!4d77.7382963!16s%2Fg%2F11h4vn6bb9!19sChIJlYnS_dITrjsRHeiuF_IkJKM?authuser=0&hl=en&rclk=1,73,Hot,none,no matching own-domain result in top results (checked 2x),Google Maps
Bangalore Dental Clinics,White Cross Dental,,+91 95153 01603,"Shop:20, First Floor, Arya Hub, Whitefield",4.8,233,Unknown,https://www.google.com/maps/place/White+Cross+Dental/data=!4m7!3m6!1s0x3bae0e048936ef15:0x190d93b64ed34a66!8m2!3d12.9833914!4d77.7518672!16s%2Fg%2F11f2wll416!19sChIJFe82iQQOrjsRZkrTTraTDRk?authuser=0&hl=en&rclk=1,73,Hot,none,no matching own-domain result in top results (checked 2x),Google Maps
Bangalore Dental Clinics,Dr. Batra Dental Care,,+91 90357 08131,Hagadur Main Rd,4.7,464,Unknown,https://www.google.com/maps/place/Dr.+Batra+Dental+Care/data=!4m7!3m6!1s0x3bae0d0243ec8dd9:0x3ef852c28244db49!8m2!3d12.9643932!4d77.754542!16s%2Fg%2F11ghf6yf2v!19sChIJ2Y3sQwINrjsRSdtEgsJS-D4?authuser=0&hl=en&rclk=1,73,Hot,none,no matching own-domain result in top results (checked 2x),Google Maps
Bangalore Dental Clinics,"I Smile Dental Care - Multispecialty dental clinic, Orthodontic & Implant Centre - Whitefield ( Dr JayachandraRaj's - br)",,+91 96115 40619,"1st floor, 2, Borewell Rd, above daba square restaurant, behind Ambedkar Circle",4.8,243,Unknown,"https://www.google.com/maps/place/I+Smile+Dental+Care+-+Multispecialty+dental+clinic,+Orthodontic+%26+Implant+Centre+-+Whitefield+%28+Dr+JayachandraRaj%27s+-+br%29/data=!4m7!3m6!1s0x3bae120369771641:0xf026d294fc344cbc!8m2!3d12.9693365!4d77.7353296!16s%2Fg%2F11c2ppgxzr!19sChIJQRZ3aQMSrjsRvEw0_JTSJvA?authuser=0&hl=en&rclk=1",73,Hot,none,no matching own-domain result in top results (checked 2x),Google Maps
Bangalore Dental Clinics,Dr. Shukla's Dental Clinic,,+91 90878 87872,"1st Floor, Shop No-3 Aishwarya Complex, Nagondnahalli Main Road, post, near Shivakuntamma Temple",5.0,184,Unknown,https://www.google.com/maps/place/Dr.+Shukla%27s+Dental+Clinic/data=!4m7!3m6!1s0x3bae0fbe0b9e1063:0x44a4645b906117c!8m2!3d12.9757789!4d77.7613987!16s%2Fg%2F11t5sxdfv1!19sChIJYxCeC74PrjsRfBEGuUVGSgQ?authuser=0&hl=en&rclk=1,73,Hot,none,no matching own-domain result in top results (checked 2x),Google Maps
Bangalore Dental Clinics,Dental Health Clinic,,+91 98451 01056,"150, 5th Cross, Opposite Dhanalaxmi Bank, KHB Colony, 60 Feet Rd, next to Juice Junction",4.6,133,Unknown,https://www.google.com/maps/place/Dental+Health+Clinic/data=!4m7!3m6!1s0x3bae14457272fd59:0xa78c0985308dff1b!8m2!3d12.9366162!4d77.620274!16s%2Fg%2F1tdcvjzl!19sChIJWf1yckUUrjsRG_-NMIUJjKc?authuser=0&hl=en&rclk=1,73,Hot,none,no matching own-domain result in top results (checked 2x),Google Maps
Bangalore Dental Clinics,"Smile Center Multispeciality Dental Clinic, Koramangala",,+91 80 4991 2754,"104,First Floor, Raheja Arcade, near Nexus Mall",5.0,119,Unknown,"https://www.google.com/maps/place/Smile+Center+Multispeciality+Dental+Clinic,+Koramangala/data=!4m7!3m6!1s0x3bae144dfe240675:0xa6d98a162da6242f!8m2!3d12.9344613!4d77.6134262!16s%2Fg%2F12ltkgh16!19sChIJdQYk_k0UrjsRLySmLRaK2aY?authuser=0&hl=en&rclk=1",73,Hot,none,no matching own-domain result in top results (checked 2x),Google Maps
Bangalore Dental Clinics,Gia Dental Care,,+91 93809 28080,"Ground Floor, 347, 1st C Main Rd, near Lavish Pharmacy",5.0,147,Unknown,https://www.google.com/maps/place/Gia+Dental+Care/data=!4m7!3m6!1s0x3bae159e9ca7dcc9:0x4bfc0b776f5a206e!8m2!3d12.9409488!4d77.6175985!16s%2Fg%2F11l5hjp7qz!19sChIJydynnJ4VrjsRbiBab3cL_Es?authuser=0&hl=en&rclk=1,73,Hot,none,no matching own-domain result in top results (checked 2x),Google Maps
Bangalore Dental Clinics,"Dr Sudheer's COSMODENT DENTAL HUB, ORTHODONTIC, ALIGNER AND IMPLANT CENTER",,+91 98450 02862,"1st Main, #1007,1st Floor ,1st Cross, Mahatyagi Laksmidevi Rd",4.9,157,Unknown,"https://www.google.com/maps/place/Dr+Sudheer%27s+COSMODENT+DENTAL+HUB,+ORTHODONTIC,+ALIGNER+AND+IMPLANT+CENTER/data=!4m7!3m6!1s0x3bae1467281ef131:0xf90ab40ee4c7ac98!8m2!3d12.9300368!4d77.6335179!16s%2Fg%2F1tfkzmzz!19sChIJMfEeKGcUrjsRmKzH5A60Cvk?authuser=0&hl=en&rclk=1",73,Hot,none,no matching own-domain result in top results (checked 2x),Google Maps
Bangalore Dental Clinics,Dr. Chahal Aesthetic Clinic,,+91 63666 46777,"Bus stop, # 47, Lakshmi Venkateshwara Road, Nanjappa Reddy Layout, opposite Regional Passport Office",4.8,1133,Unknown,https://www.google.com/maps/place/Dr.+Chahal+Aesthetic+Clinic/data=!4m7!3m6!1s0x3bae14480bd8567f:0xdb713d7a4b596cac!8m2!3d12.9446935!4d77.6189925!16s%2Fg%2F11bt_j1grk!19sChIJf1bYC0gUrjsRrGxZS3o9cds?authuser=0&hl=en&rclk=1,73,Hot,none,no matching own-domain result in top results (checked 2x),Google Maps
Bangalore Dental Clinics,csk speciality dental clinic chennai /karaikudi,,+91 98843 50036,"18, Mariamman Kovil St, near Vani vidhyalaya school",4.9,297,Unknown,https://www.google.com/maps/place/csk+speciality+dental+clinic+chennai+%2Fkaraikudi/data=!4m7!3m6!1s0x3a5266d30f7a6c85:0xbaede13d4fcbb14b!8m2!3d13.039934!4d80.1905504!16s%2Fg%2F11c3l97mnt!19sChIJhWx6D9NmUjoRS7HLTz3h7bo?authuser=0&hl=en&rclk=1,73,Hot,none,no matching own-domain result in top results (checked 2x),Google Maps
Coorg/Wayanad/Ooty Resorts,Swarnabhoomi Resorts Bangalore,,+91 63641 57878,,4.5,153,Unknown,https://www.google.com/maps/place/Swarnabhoomi+Resorts+Bangalore/data=!4m10!3m9!1s0x3bae47086e1eccdb:0x186f782657d0ca94!5m2!4m1!1i2!8m2!3d12.8481626!4d77.6927813!16s%2Fg%2F11g1rm1jvp!19sChIJ28webghHrjsRlMrQVyZ4bxg?authuser=0&hl=en&rclk=1,73,Hot,none,no matching own-domain result in top results (checked 2x),Google Maps
Coorg/Wayanad/Ooty Resorts,Coorg Relax Home (ಕೂರ್ಗ್ ರಿಲಾಕ್ಸ್ ಹೋಂ),,+91 94497 59029,,4.5,251,Unknown,https://www.google.com/maps/place/Coorg+Relax+Home+%28%E0%B2%95%E0%B3%82%E0%B2%B0%E0%B3%8D%E0%B2%97%E0%B3%8D+%E0%B2%B0%E0%B2%BF%E0%B2%B2%E0%B2%BE%E0%B2%95%E0%B3%8D%E0%B2%B8%E0%B3%8D+%E0%B2%B9%E0%B3%8B%E0%B2%82%29/data=!4m10!3m9!1s0x3ba5aabad7cee171:0x3971b0689bc84831!5m2!4m1!1i2!8m2!3d12.4112777!4d75.7283667!16s%2Fg%2F11dzdh3d1s!19sChIJceHO17qqpTsRMUjIm2iwcTk?authuser=0&hl=en&rclk=1,73,Hot,none,no matching own-domain result in top results (checked 2x),Google Maps
Coorg/Wayanad/Ooty Resorts,Creekside Cabin,,+91 94484 22512,,4.6,264,Unknown,https://www.google.com/maps/place/Creekside+Cabin/data=!4m10!3m9!1s0x3ba4ffdadd8750c1:0xdbcf61b3f2bfb5b9!5m2!4m1!1i2!8m2!3d12.452937!4d75.7029647!16s%2Fg%2F11f3cy913g!19sChIJwVCH3dr_pDsRubW_8rNhz9s?authuser=0&hl=en&rclk=1,73,Hot,none,no matching own-domain result in top results (checked 2x),Google Maps
Coorg/Wayanad/Ooty Resorts,Kamadhenu Residency Home stay. Madikeri Coorg,,+91 70191 67892,,4.8,102,Unknown,https://www.google.com/maps/place/Kamadhenu+Residency+Home+stay.+Madikeri+Coorg/data=!4m10!3m9!1s0x3ba5abbfd2c62dc9:0x8b1eac0c87167468!5m2!4m1!1i2!8m2!3d12.4191974!4d75.7386211!16s%2Fg%2F11t1f5tvhr!19sChIJyS3G0r-rpTsRaHQWhwysHos?authuser=0&hl=en&rclk=1,73,Hot,none,no matching own-domain result in top results (checked 2x),Google Maps
Coorg/Wayanad/Ooty Resorts,Notting Hill,,+91 99400 52900,,4.6,174,Unknown,https://www.google.com/maps/place/Notting+Hill/data=!4m10!3m9!1s0x3ba5aaa13e979f71:0x35364a212b23714!5m2!4m1!1i2!8m2!3d12.4189259!4d75.7323666!16s%2Fg%2F11cnbx2gx0!19sChIJcZ-XPqGqpTsRFDeyEqJkUwM?authuser=0&hl=en&rclk=1,73,Hot,none,no matching own-domain result in top results (checked 2x),Google Maps
Coorg/Wayanad/Ooty Resorts,Bee hive homestay,,+91 95358 99537,,4.7,138,Unknown,https://www.google.com/maps/place/Bee+hive+homestay/data=!4m10!3m9!1s0x3ba5000f85c2e7cd:0x83f3797a263ee227!5m2!4m1!1i2!8m2!3d12.4313618!4d75.7262712!16s%2Fg%2F11dxkw8lz_!19sChIJzefChQ8ApTsRJ-I-Jnp584M?authuser=0&hl=en&rclk=1,73,Hot,none,no matching own-domain result in top results (checked 2x),Google Maps
Coorg/Wayanad/Ooty Resorts,Roy's Castle Coorg Homestay,,+91 94486 47198,,4.6,175,Unknown,https://www.google.com/maps/place/Roy%27s+Castle+Coorg+Homestay/data=!4m10!3m9!1s0x3ba50124f1d40db5:0x7b12ca25182f5fb9!5m2!4m1!1i2!8m2!3d12.442265!4d75.7568715!16s%2Fg%2F11fqsw03zy!19sChIJtQ3U8SQBpTsRuV8vGCXKEns?authuser=0&hl=en&rclk=1,73,Hot,none,no matching own-domain result in top results (checked 2x),Google Maps
Coorg/Wayanad/Ooty Resorts,Dream house home stay,,+91 94838 74701,,4.6,175,Unknown,https://www.google.com/maps/place/Dream+house+home+stay/data=!4m10!3m9!1s0x3ba50076e76a1621:0x1b120c6ca34146d8!5m2!4m1!1i2!8m2!3d12.4112997!4d75.7223248!16s%2Fg%2F11d_71001g!19sChIJIRZq53YApTsR2EZBo2wMEhs?authuser=0&hl=en&rclk=1,73,Hot,none,no matching own-domain result in top results (checked 2x),Google Maps
Coorg/Wayanad/Ooty Resorts,Chirpy Haven,,+91 98801 46792,,4.7,166,Unknown,https://www.google.com/maps/place/Chirpy+Haven/data=!4m10!3m9!1s0x3ba5aa84d8e3808f:0xc5e49ef02fef0216!5m2!4m1!1i2!8m2!3d12.415588!4d75.7497069!16s%2Fg%2F11bvv5g6tq!19sChIJj4Dj2ISqpTsRFgLvL_Ce5MU?authuser=0&hl=en&rclk=1,73,Hot,none,no matching own-domain result in top results (checked 2x),Google Maps
Coorg/Wayanad/Ooty Resorts,Karkera Comforts Coorg,,+91 98341 43351,,4.7,103,Unknown,https://www.google.com/maps/place/Karkera+Comforts+Coorg/data=!4m10!3m9!1s0x3ba5000efc608217:0x6e1661087cd3c234!5m2!4m1!1i2!8m2!3d12.4305357!4d75.728726!16s%2Fg%2F11f4wt9v06!19sChIJF4Jg_A4ApTsRNMLTfAhhFm4?authuser=0&hl=en&rclk=1,73,Hot,none,no matching own-domain result in top results (checked 2x),Google Maps
Coorg/Wayanad/Ooty Resorts,Eshwari inn Homestay,,+91 94483 25743,,4.7,228,Unknown,https://www.google.com/maps/place/Eshwari+inn+Homestay/data=!4m10!3m9!1s0x3ba50075f66c666d:0x416003088dfede69!5m2!4m1!1i2!8m2!3d12.4236148!4d75.7419405!16s%2Fg%2F11bx55ktmy!19sChIJbWZs9nUApTsRad7-jQgDYEE?authuser=0&hl=en&rclk=1,73,Hot,none,no matching own-domain result in top results (checked 2x),Google Maps
Coorg/Wayanad/Ooty Resorts,Wayanad Home Stay,,+91 79758 40830,,4.7,108,Unknown,https://www.google.com/maps/place/Wayanad+Home+Stay/data=!4m10!3m9!1s0x3ba60b59cbed05cd:0x93598e64d398839e!5m2!4m1!1i2!8m2!3d11.6781041!4d76.0868347!16s%2Fg%2F11qshlkm54!19sChIJzQXty1kLpjsRnoOY02SOWZM?authuser=0&hl=en&rclk=1,73,Hot,none,no comparable tokens in name,Google Maps
Coorg/Wayanad/Ooty Resorts,Hillway Resort,,+91 70252 41068,,4.6,116,Unknown,https://www.google.com/maps/place/Hillway+Resort/data=!4m10!3m9!1s0x3ba6738809249011:0xea4181c52eb2a77e!5m2!4m1!1i2!8m2!3d11.5485916!4d76.0465165!16s%2Fg%2F11ybtjdty2!19sChIJEZAkCYhzpjsRfqeyLsWBQeo?authuser=0&hl=en&rclk=1,73,Hot,none,no matching own-domain result in top results (checked 2x),Google Maps
Coorg/Wayanad/Ooty Resorts,Florence ooty,,+91 92073 79101,,4.5,279,Unknown,https://www.google.com/maps/place/Florence+ooty/data=!4m7!3m6!1s0x3ba897d656efa3c7:0xbbb0b9d44c95c8e1!8m2!3d11.3784319!4d76.6564747!16s%2Fg%2F11kj2brsy7!19sChIJx6PvVtaXqDsR4ciVTNS5sLs?authuser=0&hl=en&rclk=1,73,Hot,none,no matching own-domain result in top results (checked 2x),Google Maps
Coorg/Wayanad/Ooty Resorts,A Ooty Honey Huts,,+91 85085 99799,"Kandal Bridle Road, 88H Zero Cross, Arani House, Kotagiri Rd, near Botanical Garden",4.7,3838,Unknown,https://www.google.com/maps/place/A+Ooty+Honey+Huts/data=!4m7!3m6!1s0x3ba8bdee0cdd5ce5:0xa10b3b4bc9383a32!8m2!3d11.4145885!4d76.7168899!16s%2Fg%2F11c5b4nvlv!19sChIJ5VzdDO69qDsRMjo4yUs7C6E?authuser=0&hl=en&rclk=1,73,Hot,none,no matching own-domain result in top results (checked 2x),Google Maps
Gulf Restaurants,Entrecote Café de Paris (The Souk at Qaryat Al Beri),,+971 2 557 6508,The Souq Qaryat Al Beri Area,4.5,637,Unknown,https://www.google.com/maps/place/Entrecote+Caf%C3%A9+de+Paris+%28The+Souk+at+Qaryat+Al+Beri%29/data=!4m7!3m6!1s0x3e5e416283aa6843:0x5702bb976cfd816e!8m2!3d24.4084984!4d54.49116!16s%2Fg%2F1pp2tvx5r!19sChIJQ2iqg2JBXj4RboH9bJe7Alc?authuser=0&hl=en&rclk=1,73,Hot,none,no matching own-domain result in top results (checked 2x),Google Maps
Gulf Restaurants,Shababeek Restaurant,,+971 6 554 0444,"Block ‘B’, Big Wheel Side",4.6,733,Unknown,https://www.google.com/maps/place/Shababeek+Restaurant/data=!4m7!3m6!1s0x3e5f5b2ea2b680af:0xc5f29ce83b910ca2!8m2!3d25.3225!4d55.3761111!16s%2Fg%2F11rrrscyf5!19sChIJr4C2oi5bXz4RogyRO-ic8sU?authuser=0&hl=en&rclk=1,73,Hot,none,no matching own-domain result in top results (checked 2x),Google Maps
Gulf Restaurants,The Grove Restaurant ذا غروف,,+971 58 831 7543,Al Ittihad St,4.5,2807,Unknown,https://www.google.com/maps/place/The+Grove+Restaurant+%D8%B0%D8%A7+%D8%BA%D8%B1%D9%88%D9%81%E2%80%AD/data=!4m7!3m6!1s0x3ef5f99c0f308a95:0x54bd52eb66384df8!8m2!3d25.4261074!4d55.4980888!16s%2Fg%2F11gxtjqmn9!19sChIJlYowD5z59T4R-E04ZutSvVQ?authuser=0&hl=en&rclk=1,73,Hot,none,no matching own-domain result in top results (checked 2x),Google Maps
Gulf Restaurants,"Charsi Restaurant, Ajman",,+971 54 477 3328,behind Brother gas,4.7,3848,Unknown,"https://www.google.com/maps/place/Charsi+Restaurant,+Ajman/data=!4m7!3m6!1s0x3e5f59080275ef6b:0x7cd3b785fcc2519f!8m2!3d25.3768049!4d55.4605849!16s%2Fg%2F11ptcdcl0c!19sChIJa-91AghZXz4Rn1HC_IW303w?authuser=0&hl=en&rclk=1",73,Hot,none,no matching own-domain result in top results (checked 2x),Google Maps
Gulf Restaurants,Skazka al saha Russian Restaurant Ajman,,+971 52 501 0022,Al Malika Hotel Apartment - 10 Al Zahir Street,4.5,454,Unknown,https://www.google.com/maps/place/Skazka+al+saha+Russian+Restaurant+Ajman/data=!4m7!3m6!1s0x3e5f57624ecc6baf:0x794b2ab2f06725b8!8m2!3d25.4063752!4d55.4323098!16s%2Fg%2F11ggr0kt7x!19sChIJr2vMTmJXXz4RuCVn8LIqS3k?authuser=0&hl=en&rclk=1,73,Hot,none,no matching own-domain result in top results (checked 2x),Google Maps
Gulf Restaurants,مطعم بيراديز الهندي - قرطبه peradiz,,+966 57 024 5766,Khalid Ibn Al Walid St,4.7,16188,Unknown,https://www.google.com/maps/place/%D9%85%D8%B7%D8%B9%D9%85+%D8%A8%D9%8A%D8%B1%D8%A7%D8%AF%D9%8A%D8%B2+%D8%A7%D9%84%D9%87%D9%86%D8%AF%D9%8A+-+%D9%82%D8%B1%D8%B7%D8%A8%D9%87+peradiz%E2%80%AD/data=!4m7!3m6!1s0x3e2efd292072aaeb:0xb1c635b91905fc74!8m2!3d24.8069995!4d46.7362779!16s%2Fg%2F11t7f4_s7l!19sChIJ66pyICn9Lj4RdPwFGbk1xrE?authuser=0&hl=en&rclk=1,73,Hot,none,no matching own-domain result in top results (checked 2x),Google Maps
Gulf Restaurants,Princess Café & Restaurant - Jeddah Vibes Mall,,+966 53 766 4450,"Muhammad Ibn Abdul Aziz, Prince",4.5,612,Unknown,https://www.google.com/maps/place/Princess+Caf%C3%A9+%26+Restaurant+-+Jeddah+Vibes+Mall/data=!4m7!3m6!1s0x15c3d1c95cf296a3:0xed4d727f6967771c!8m2!3d21.5513297!4d39.1596565!16s%2Fg%2F11z7q4t8zq!19sChIJo5byXMnRwxURHHdnaX9yTe0?authuser=0&hl=en&rclk=1,73,Hot,none,no matching own-domain result in top results (checked 2x),Google Maps
Gulf Restaurants,Bosna Grill بوسنا جريل,,+966 54 898 7859,Hira St,4.7,1732,Unknown,https://www.google.com/maps/place/Bosna+Grill+%D8%A8%D9%88%D8%B3%D9%86%D8%A7+%D8%AC%D8%B1%D9%8A%D9%84%E2%80%AD/data=!4m7!3m6!1s0x15c3dba32f0a63c3:0xb200ea6843bd081!8m2!3d21.6122893!4d39.1492941!16s%2Fg%2F11xnhms72t!19sChIJw2MKL6PbwxURgdA7hKYOIAs?authuser=0&hl=en&rclk=1,73,Hot,none,no matching own-domain result in top results (checked 2x),Google Maps
Gulf Restaurants,SMAT Restaurant,,+974 6666 4448,"Orient Pearl Restaurant Second Floor, Corniche Doha Near Rass Abu Aboud Signal, Emrair St",4.5,898,Unknown,https://www.google.com/maps/place/SMAT+Restaurant/data=!4m7!3m6!1s0x3e45c584ed510a1f:0xc2d9738eb08ee817!8m2!3d25.2898831!4d51.5476441!16s%2Fg%2F11lf_7mq66!19sChIJHwpR7YTFRT4RF-iOsI5z2cI?authuser=0&hl=en&rclk=1,73,Hot,none,no matching own-domain result in top results (checked 2x),Google Maps
SA/Kenya/UAE Hotels,Avenues,,+27 21 887 1843,,4.8,114,Unknown,https://www.google.com/maps/place/Avenues/data=!4m10!3m9!1s0x1dcdb244bdd8b479:0xe58f63f5f6404e7!5m2!4m1!1i2!8m2!3d-33.9381412!4d18.8683464!16s%2Fg%2F1tfm3r0n!19sChIJebTYvUSyzR0R5wRkXz_2WA4?authuser=0&hl=en&rclk=1,73,Hot,none,no matching own-domain result in top results (checked 2x),Google Maps
Nigeria Hair Salons,Sarisignature Hair Salon,,+234 806 666 0002,269a Patience Coker St,4.6,166,Unknown,https://www.google.com/maps/place/Sarisignature+Hair+Salon/data=!4m7!3m6!1s0x103b8ad1d33d12ff:0x92bb39038f5f7881!8m2!3d6.4317429!4d3.4325819!16s%2Fg%2F11h7s3xz11!19sChIJ_xI909GKOxARgXhfjwM5u5I?authuser=0&hl=en&rclk=1,73,Hot,none,no matching own-domain result in top results (checked 2x),Google Maps
Nigeria Hair Salons,TEJ Salon and Spa,,+234 906 371 8357,19 Adeleke St,4.6,256,Unknown,https://www.google.com/maps/place/TEJ+Salon+and+Spa/data=!4m7!3m6!1s0x103b93cfa8f07707:0x363406da18f16244!8m2!3d6.6022239!4d3.350691!16s%2Fg%2F11gy9yv9cw!19sChIJB3fwqM-TOxARRGLxGNoGNDY?authuser=0&hl=en&rclk=1,73,Hot,none,no matching own-domain result in top results (checked 2x),Google Maps
Nigeria Hair Salons,Next Unisex Salon~Liasu Branch,,+234 809 699 9935,62 Liasu Rd,4.7,104,Unknown,https://www.google.com/maps/place/Next+Unisex+Salon~Liasu+Branch/data=!4m7!3m6!1s0x103b8fd9f70a4cad:0x979df9c6785d8228!8m2!3d6.5618325!4d3.2814713!16s%2Fg%2F11h2gf0jch!19sChIJrUwK99mPOxARKIJdeMb5nZc?authuser=0&hl=en&rclk=1,73,Hot,none,no matching own-domain result in top results (checked 2x),Google Maps
Nigeria Hair Salons,MY EXTENSIONZ,,+234 814 549 1180,"1st Floor, 9 Otunba Adedoyin Ogungbe Cres",4.7,347,Unknown,https://www.google.com/maps/place/MY+EXTENSIONZ/data=!4m7!3m6!1s0x103bf56603a441fb:0x81942bebc0de6442!8m2!3d6.436084!4d3.4571061!16s%2Fg%2F11h1rgtcwp!19sChIJ-0GkA2b1OxARQmTewOsrlIE?authuser=0&hl=en&rclk=1,73,Hot,none,no matching own-domain result in top results (checked 2x),Google Maps
Nigeria Hair Salons,Mastercut Unisex Salon,,+234 802 332 5958,"3 Ogbunike St, off Admiralty Way",4.5,287,Unknown,https://www.google.com/maps/place/Mastercut+Unisex+Salon/data=!4m7!3m6!1s0x103bf5ffadc6110b:0x96a05c8500235ec0!8m2!3d6.4473337!4d3.4568432!16s%2Fg%2F11fjvwdy6q!19sChIJCxHGrf_1OxARwF4jAIVcoJY?authuser=0&hl=en&rclk=1,73,Hot,none,no matching own-domain result in top results (checked 2x),Google Maps
Nigeria Hair Salons,B'S Natural Hair Salon,,+234 907 999 9856,"52,diya street ifako",4.8,104,Unknown,https://www.google.com/maps/place/B%27S+Natural+Hair+Salon/data=!4m7!3m6!1s0x103b8d9929719669:0xa63e2915e3434aaa!8m2!3d6.5550467!4d3.3893485!16s%2Fg%2F11r3tcg0jj!19sChIJaZZxKZmNOxARqkpD4xUpPqY?authuser=0&hl=en&rclk=1,73,Hot,none,no matching own-domain result in top results (checked 2x),Google Maps
Nigeria Hair Salons,Hayub haircut unisex salon,,+234 907 913 5337,"local government, 49 Modupe Street, Fola Agoro St",4.9,177,Unknown,https://www.google.com/maps/place/Hayub+haircut+unisex+salon/data=!4m7!3m6!1s0x82966da2cc1752f:0x27a384aafeb9c14d!8m2!3d6.5252432!4d3.3820193!16s%2Fg%2F11t7w45b52!19sChIJL3XBLNpmKQgRTcG5_qqEoyc?authuser=0&hl=en&rclk=1,73,Hot,none,no matching own-domain result in top results (checked 2x),Google Maps
Nigeria Hair Salons,"Beauty Box Spa, Nail and Beauty",,+234 903 638 4295,"11 Agbor St, Int'l Airport Rd, off Osolo Way",4.8,170,Unknown,"https://www.google.com/maps/place/Beauty+Box+Spa,+Nail+and+Beauty/data=!4m7!3m6!1s0x103b88b41c1ed09f:0x321d8df7819569c1!8m2!3d6.5470595!4d3.333475!16s%2Fg%2F11d_tcv39s!19sChIJn9AeHLSIOxARwWmVgfeNHTI?authuser=0&hl=en&rclk=1",73,Hot,none,no matching own-domain result in top results (checked 2x),Google Maps
Nigeria Hair Salons,Abbey's Hair Studio,,+234 708 773 6580,39 Bolaji Banwo ST Aguda,5.0,107,Unknown,https://www.google.com/maps/place/Abbey%27s+Hair+Studio/data=!4m7!3m6!1s0x103b8f42fad662f9:0xbcbb7c190f2c34e9!8m2!3d6.48728!4d3.3368565!16s%2Fg%2F11g_zk4p2y!19sChIJ-WLW-kKPOxAR6TQsDxl8u7w?authuser=0&hl=en&rclk=1,73,Hot,none,no matching own-domain result in top results (checked 2x),Google Maps
Nigeria Hair Salons,Jatto Salon Plus,,+234 802 342 8410,"53 Tafawa Balewa Crescent, off Adeniran Ogunsanya St",4.5,201,Unknown,https://www.google.com/maps/place/Jatto+Salon+Plus/data=!4m7!3m6!1s0x103b8d841c25a429:0x67dfe81d8227ed24!8m2!3d6.497311!4d3.3566118!16s%2Fg%2F11b7sz0wdh!19sChIJKaQlHISNOxARJO0ngh3o32c?authuser=0&hl=en&rclk=1,73,Hot,none,no matching own-domain result in top results (checked 2x),Google Maps
Nigeria Hair Salons,Lamisking pixiesalon and spa Abuja,,+234 901 828 7564,"CVS Plaza, off Adetokunbo Ademola Crescent",4.9,132,Unknown,https://www.google.com/maps/place/Lamisking+pixiesalon+and+spa+Abuja/data=!4m7!3m6!1s0x104e0b28d215f60f:0xd231d7b73228794e!8m2!3d9.0796219!4d7.480536!16s%2Fg%2F11ssbzjswq!19sChIJD_YV0igLThARTnkoMrfXMdI?authuser=0&hl=en&rclk=1,73,Hot,none,no matching own-domain result in top results (checked 2x),Google Maps
Nigeria Hair Salons,Beauty Emporia | Abuja Beauty Salon in Abuja,,+234 805 488 5901,3 Haile Selassie St,4.9,146,Unknown,https://www.google.com/maps/place/Beauty+Emporia+%7C+Abuja+Beauty+Salon+in+Abuja/data=!4m7!3m6!1s0x104e0bc3e6baf815:0xa51f22b12036b533!8m2!3d9.0429251!4d7.5268714!16s%2Fg%2F11pt_xxj4_!19sChIJFfi65sMLThARM7U2ILEiH6U?authuser=0&hl=en&rclk=1,73,Hot,none,no matching own-domain result in top results (checked 2x),Google Maps
Nigeria Hair Salons,J—braids … Abuja salon,,+234 916 014 0459,4 Lobito Cres,4.9,152,Unknown,https://www.google.com/maps/place/J%E2%80%94braids+%E2%80%A6+Abuja+salon/data=!4m7!3m6!1s0x104e0b1796778ab3:0xf3493776241c3305!8m2!3d9.0721112!4d7.4900147!16s%2Fg%2F11svk33xhz!19sChIJs4p3lhcLThARBTMcJHY3SfM?authuser=0&hl=en&rclk=1,73,Hot,none,no matching own-domain result in top results (checked 2x),Google Maps
Nigeria Hair Salons,Lauvee Beauty Salon Abuja,,+234 915 360 7927,"Phil Gal Empire, Freetown St",4.5,118,Unknown,https://www.google.com/maps/place/Lauvee+Beauty+Salon+Abuja/data=!4m7!3m6!1s0x104e0b8500ea3089:0x44e92a8e001ec6e1!8m2!3d9.0724913!4d7.4891943!16s%2Fg%2F11s1tcwjl2!19sChIJiTDqAIULThAR4cYeAI4q6UQ?authuser=0&hl=en&rclk=1,73,Hot,none,no matching own-domain result in top results (checked 2x),Google Maps
Bangalore Dental Clinics,MM Clinic,,+91 96329 44355,"#253/253/D, Appareddy Palya Rd",5.0,512,No,https://www.google.com/maps/place/MM+Clinic/data=!4m7!3m6!1s0x3bae16a69ad0c8bf:0xc6fa0d65be3dc514!8m2!3d12.9744053!4d77.6385928!16s%2Fg%2F11bbrlnfdw!19sChIJv8jQmqYWrjsRFMU9vmUN-sY?authuser=0&hl=en&rclk=1,68,Warm,none,no comparable tokens in name,Google Maps
Bangalore Dental Clinics,ಅಮೋಗ dental studio,,+91 98862 18758,"tree park metro station, No 28, Prasanth Layout, Prasanth Extension,behind south indian bank kadugodi",4.5,366,No,https://www.google.com/maps/place/%E0%B2%85%E0%B2%AE%E0%B3%8B%E0%B2%97+dental+studio/data=!4m7!3m6!1s0x3bae0e033c45d73f:0xc9bbbb406db2e998!8m2!3d12.9843947!4d77.7492988!16s%2Fg%2F11c1vhkhfv!19sChIJP9dFPAMOrjsRmOmybUC7u8k?authuser=0&hl=en&rclk=1,68,Warm,none,no matching own-domain result in top results (checked 2x),Google Maps
Coorg/Wayanad/Ooty Resorts,Coorg Treehouse,,+91 73383 70669,,4.3,383,Unknown,https://www.google.com/maps/place/Coorg+Treehouse/data=!4m10!3m9!1s0x3ba4ffac2cd811ab:0x82b8cfed84a290ca!5m2!4m1!1i2!8m2!3d12.459637!4d75.6759814!16s%2Fg%2F11f4lktp67!19sChIJqxHYLKz_pDsRypCihO3PuII?authuser=0&hl=en&rclk=1,68,Warm,none,search failed: ConnectError: ConnectError('error sending request for url (https://www.startpage.com/) > client error (Connect) > tcp connect error > Connection refused (os error 111)') (checked 2x),Google Maps
Coorg/Wayanad/Ooty Resorts,Mountain View Homestay,,+91 96114 77144,,4.1,105,Unknown,https://www.google.com/maps/place/Mountain+View+Homestay/data=!4m10!3m9!1s0x3ba5aa9c01225d25:0xf0cf1b4397dd6d1d!5m2!4m1!1i2!8m2!3d12.4048228!4d75.7329085!16s%2Fg%2F11cjj49rv6!19sChIJJV0iAZyqpTsRHW3dl0Mbz_A?authuser=0&hl=en&rclk=1,68,Warm,none,no matching own-domain result in top results (checked 2x),Google Maps
Coorg/Wayanad/Ooty Resorts,Chuppi Homestay,,+91 98450 89121,,4.2,208,Unknown,https://www.google.com/maps/place/Chuppi+Homestay/data=!4m10!3m9!1s0x3ba5000e169f144f:0x66ffc36cc59de1e9!5m2!4m1!1i2!8m2!3d12.4330577!4d75.7301336!16s%2Fg%2F11c58stgfq!19sChIJTxSfFg4ApTsR6eGdxWzD_2Y?authuser=0&hl=en&rclk=1,68,Warm,none,no matching own-domain result in top results (checked 2x),Google Maps
Coorg/Wayanad/Ooty Resorts,Coorg Tent house home stay,,+91 94484 06406,,4.4,153,Unknown,https://www.google.com/maps/place/Coorg+Tent+house+home+stay/data=!4m10!3m9!1s0x3ba500f9feeac491:0x589678ddc5405283!5m2!4m1!1i2!8m2!3d12.4491869!4d75.758881!16s%2Fg%2F11c76m5q5t!19sChIJkcTq_vkApTsRg1JAxd14llg?authuser=0&hl=en&rclk=1,68,Warm,none,no matching own-domain result in top results (checked 2x),Google Maps
Coorg/Wayanad/Ooty Resorts,Maithili Home Comforts,,+91 94484 22321,,4.3,119,Unknown,https://www.google.com/maps/place/Maithili+Home+Comforts/data=!4m10!3m9!1s0x3ba5000f16077089:0xdd7097b04ede0c84!5m2!4m1!1i2!8m2!3d12.4297219!4d75.7273817!16s%2Fg%2F11b6gryywc!19sChIJiXAHFg8ApTsRhAzeTrCXcN0?authuser=0&hl=en&rclk=1,68,Warm,none,no matching own-domain result in top results (checked 2x),Google Maps
Coorg/Wayanad/Ooty Resorts,Daswal B&B Hotel,,+91 82722 21743,,4.0,174,Unknown,https://www.google.com/maps/place/Daswal+B%26B+Hotel/data=!4m10!3m9!1s0x3ba500750269ee59:0x54d8e7d0b35079ed!5m2!4m1!1i2!8m2!3d12.4260364!4d75.7395758!16s%2Fg%2F11c0qvnq94!19sChIJWe5pAnUApTsR7XlQs9Dn2FQ?authuser=0&hl=en&rclk=1,68,Warm,none,no matching own-domain result in top results (checked 2x),Google Maps
Coorg/Wayanad/Ooty Resorts,Manjushreehomestaycoorg,,+91 91130 45450,,4.0,122,Unknown,https://www.google.com/maps/place/Manjushreehomestaycoorg/data=!4m10!3m9!1s0x3ba5aaa33cff7c3b:0xa271634fa1ea98c!5m2!4m1!1i2!8m2!3d12.4101875!4d75.7326875!16s%2Fg%2F11f04ntpvb!19sChIJO3z_PKOqpTsRjKke-jQWJwo?authuser=0&hl=en&rclk=1,68,Warm,none,no matching own-domain result in top results (checked 2x),Google Maps
Coorg/Wayanad/Ooty Resorts,Mountain Pond Resort,,+91 75107 87272,,4.4,398,Unknown,https://www.google.com/maps/place/Mountain+Pond+Resort/data=!4m10!3m9!1s0x3ba5e19dac4e3c4b:0x83e3545ba2717c07!5m2!4m1!1i2!8m2!3d11.702199!4d76.0219405!16s%2Fg%2F11tjl_ncgb!19sChIJSzxOrJ3hpTsRB3xxoltU44M?authuser=0&hl=en&rclk=1,68,Warm,none,no matching own-domain result in top results (checked 2x),Google Maps
Coorg/Wayanad/Ooty Resorts,Snowdrops Ooty,,+91 85258 85148,Unnamed Road,4.4,247,Unknown,https://www.google.com/maps/place/Snowdrops+Ooty/data=!4m7!3m6!1s0x3ba8963c59ff7103:0xf590f5c35466d028!8m2!3d11.3888469!4d76.7079183!16s%2Fg%2F11gbxfw890!19sChIJA3H_WTyWqDsRKNBmVMP1kPU?authuser=0&hl=en&rclk=1,68,Warm,none,no matching own-domain result in top results (checked 2x),Google Maps
Coorg/Wayanad/Ooty Resorts,Cherry Blossom,,+91 90801 30180,,4.1,232,Unknown,https://www.google.com/maps/place/Cherry+Blossom/data=!4m10!3m9!1s0x3ba8bd5401a35dfd:0xb5629547e29d7dc8!5m2!4m1!1i2!8m2!3d11.4108308!4d76.6978674!16s%2Fg%2F11f5q7x0v4!19sChIJ_V2jAVS9qDsRyH2d4keVYrU?authuser=0&hl=en&rclk=1,68,Warm,none,no matching own-domain result in top results (checked 2x),Google Maps
Coorg/Wayanad/Ooty Resorts,Greenyards Cottages,,+91 89033 31339,,4.0,607,Unknown,https://www.google.com/maps/place/Greenyards+Cottages/data=!4m10!3m9!1s0x3ba8bdedc5a14209:0x96202d7bcaa0d3b8!5m2!4m1!1i2!8m2!3d11.4148613!4d76.7156813!16s%2Fg%2F11c5099pqy!19sChIJCUKhxe29qDsRuNOgynstIJY?authuser=0&hl=en&rclk=1,68,Warm,none,no matching own-domain result in top results (checked 2x),Google Maps
Coorg/Wayanad/Ooty Resorts,AURORA LIGHT RESIDENCY,,+91 94430 42553,,4.0,406,Unknown,https://www.google.com/maps/place/AURORA+LIGHT+RESIDENCY/data=!4m10!3m9!1s0x3ba8bdf57868e43f:0x5bd6cfc0eff14a9f!5m2!4m1!1i2!8m2!3d11.4022976!4d76.7133636!16s%2Fg%2F11b61rx7bk!19sChIJP-RoePW9qDsRn0rx78DP1ls?authuser=0&hl=en&rclk=1,68,Warm,none,no matching own-domain result in top results (checked 2x),Google Maps
Coorg/Wayanad/Ooty Resorts,Mist Luxury Resort,,+91 91944 60911,"3rd Curve, Hobart Enclave Near Royal Castle, Hobart Rd",4.1,172,Unknown,https://www.google.com/maps/place/Mist+Luxury+Resort/data=!4m7!3m6!1s0x3ba89618f19ed31b:0xc8289a18b80a81c4!8m2!3d11.3939532!4d76.7124442!16s%2Fg%2F11c6y_l2rl!19sChIJG9Oe8RiWqDsRxIEKuBiaKMg?authuser=0&hl=en&rclk=1,68,Warm,none,no matching own-domain result in top results (checked 2x),Google Maps
Coorg/Wayanad/Ooty Resorts,Maple view resorts,,+91 97873 06274,,4.2,183,Unknown,https://www.google.com/maps/place/Maple+view+resorts/data=!4m10!3m9!1s0x3ba8963cfd417715:0x7825fc289da64e7d!5m2!4m1!1i2!8m2!3d11.3882814!4d76.7076242!16s%2Fg%2F11cn7x3m78!19sChIJFXdB_TyWqDsRfU6mnSj8JXg?authuser=0&hl=en&rclk=1,68,Warm,none,no matching own-domain result in top results (checked 2x),Google Maps
Coorg/Wayanad/Ooty Resorts,Albisville-hilltop mansions,,+91 90618 86885,,4.2,252,Unknown,https://www.google.com/maps/place/Albisville-hilltop+mansions/data=!4m10!3m9!1s0x3ba8976a6e981229:0xd2f48f12250ade08!5m2!4m1!1i2!8m2!3d11.3950833!4d76.6977736!16s%2Fg%2F11f5_hxpmz!19sChIJKRKYbmqXqDsRCN4KJRKP9NI?authuser=0&hl=en&rclk=1,68,Warm,none,no matching own-domain result in top results (checked 2x),Google Maps
Gulf Restaurants,THE BIG CHEF RESTAURANT,,+971 6 538 8849,Al Nad,4.0,429,Unknown,https://www.google.com/maps/place/THE+BIG+CHEF+RESTAURANT/data=!4m7!3m6!1s0x3e5f5b975d6a5273:0x48e06a0a66355397!8m2!3d25.3400338!4d55.390236!16s%2Fg%2F11rylf6nml!19sChIJc1JqXZdbXz4Rl1M1Zgpq4Eg?authuser=0&hl=en&rclk=1,68,Warm,none,no matching own-domain result in top results (checked 2x),Google Maps
Gulf Restaurants,The View Restaurant & Café,,+971 56 177 5366,ajman Marsa,4.3,292,Unknown,https://www.google.com/maps/place/The+View+Restaurant+%26+Caf%C3%A9/data=!4m7!3m6!1s0x3e5f57f6884f88a7:0xb329468c90e1a12!8m2!3d25.4204284!4d55.443542!16s%2Fg%2F11szd62zkt!19sChIJp4hPiPZXXz4REhoOyWiUMgs?authuser=0&hl=en&rclk=1,68,Warm,none,no matching own-domain result in top results (checked 2x),Google Maps
Gulf Restaurants,ZanziBar - Beachfront Restaurant & Bar,,+971 6 714 5582,,4.4,745,Unknown,https://www.google.com/maps/place/ZanziBar+-+Beachfront+Restaurant+%26+Bar/data=!4m7!3m6!1s0x3e5f5773f902a10f:0x74ab5cf7f0f64785!8m2!3d25.4226923!4d55.4414476!16s%2Fg%2F11btlpy27x!19sChIJD6EC-XNXXz4RhUf28Pdcq3Q?authuser=0&hl=en&rclk=1,68,Warm,none,no matching own-domain result in top results (checked 2x),Google Maps
Gulf Restaurants,Ajman Restaurant,,+971 50 597 2589,Liwara 1,4.1,112,Unknown,https://www.google.com/maps/place/Ajman+Restaurant/data=!4m7!3m6!1s0x3e5f57801cf242d3:0x7bc691cc838b2876!8m2!3d25.4090493!4d55.4474075!16s%2Fg%2F11dylw5hgx!19sChIJ00LyHIBXXz4RdiiLg8yRxns?authuser=0&hl=en&rclk=1,68,Warm,none,no matching own-domain result in top results (checked 2x),Google Maps
Gulf Restaurants,Bukhara - Northern Indian Restaurant,,+971 6 714 5582,Sheikh Humaid Bin Rashid Al Nuaimi Ajman Hotel (Cornish Road,4.3,495,Unknown,https://www.google.com/maps/place/Bukhara+-+Northern+Indian+Restaurant/data=!4m7!3m6!1s0x3e5f57741ed2b23f:0x71b4da56d710bb98!8m2!3d25.4228997!4d55.4428094!16s%2Fg%2F11bbwrj7zl!19sChIJP7LSHnRXXz4RmLsQ11batHE?authuser=0&hl=en&rclk=1,68,Warm,none,no matching own-domain result in top results (checked 2x),Google Maps
Gulf Restaurants,Sultan's Steakhouse Riyadh,,+966 55 563 3706,"The Boulevard, Prince Turki Bin Abdulaziz Al Awal Rd",4.2,8461,Unknown,https://www.google.com/maps/place/Sultan%27s+Steakhouse+Riyadh/data=!4m7!3m6!1s0x3e2ee231aaaaaabd:0xa696d76a265a902d!8m2!3d24.7501012!4d46.614355!16s%2Fg%2F11cm_qfw79!19sChIJvaqqqjHiLj4RLZBaJmrXlqY?authuser=0&hl=en&rclk=1,68,Warm,none,no matching own-domain result in top results (checked 2x),Google Maps
Gulf Restaurants,Steak House,,+966 50 182 6663,"King Khalid International Airport, Airport Road, Riyadh front unit # G-GF-10+9B+8B",4.4,3991,Unknown,https://www.google.com/maps/place/Steak+House/data=!4m7!3m6!1s0x3e2efdc9d3861949:0xa05f0876060d330a!8m2!3d24.8407079!4d46.7335112!16s%2Fg%2F11j07w1t4b!19sChIJSRmG08n9Lj4RCjMNBnYIX6A?authuser=0&hl=en&rclk=1,68,Warm,none,no matching own-domain result in top results (checked 2x),Google Maps
Gulf Restaurants,Chili's,,+966 12 665 8504,Palestine، شارع الاندلس، حي الحمراء,4.1,7854,Unknown,https://www.google.com/maps/place/Chili%27s/data=!4m7!3m6!1s0x15c3cf8d723211a5:0x2d26a11a229feafe!8m2!3d21.5227136!4d39.1636744!16s%2Fg%2F1v0bv_jx!19sChIJpREyco3PwxUR_uqfIhqhJi0?authuser=0&hl=en&rclk=1,68,Warm,none,no matching own-domain result in top results (checked 2x),Google Maps
Gulf Restaurants,Pattaya Restaurant,,+966 55 987 4289,6920 Abdul Rahman Ibn Ahmad As Sidayri,4.0,545,Unknown,https://www.google.com/maps/place/Pattaya+Restaurant/data=!4m7!3m6!1s0x15c3d07e7bf60ecd:0xfe6151b0e108f280!8m2!3d21.5833356!4d39.1590706!16s%2Fg%2F11cn30k0hb!19sChIJzQ72e37QwxURgPII4bBRYf4?authuser=0&hl=en&rclk=1,68,Warm,none,no matching own-domain result in top results (checked 2x),Google Maps
Gulf Restaurants,The Red Fox,,+966 56 776 9941,3150 7991 Darwish Kayyal,4.4,773,Unknown,https://www.google.com/maps/place/The+Red+Fox/data=!4m7!3m6!1s0x15c3db4dbffe5f5d:0xf342bb7da27d6d93!8m2!3d21.5662814!4d39.1534622!16s%2Fg%2F11q3ckh1n0!19sChIJXV_-v03bwxURk219on27QvM?authuser=0&hl=en&rclk=1,68,Warm,none,no matching own-domain result in top results (checked 2x),Google Maps
Gulf Restaurants,Medrainus Catering & Hospitality | ميدرينيويس للضيافة والمناسبات,,+966 50 844 7333,"Business Center, Prince Saud Al Faisal، Al Zayd",4.3,596,Unknown,https://www.google.com/maps/place/Medrainus+Catering+%26+Hospitality+%7C+%D9%85%D9%8A%D8%AF%D8%B1%D9%8A%D9%86%D9%8A%D9%88%D9%8A%D8%B3+%D9%84%D9%84%D8%B6%D9%8A%D8%A7%D9%81%D8%A9+%D9%88%D8%A7%D9%84%D9%85%D9%86%D8%A7%D8%B3%D8%A8%D8%A7%D8%AA%E2%80%AD/data=!4m7!3m6!1s0x15c3daaffaed8533:0x63124dffa25185c3!8m2!3d21.5592568!4d39.1443674!16s%2Fg%2F11gbnhh4gr!19sChIJM4Xt-q_awxURw4VRov9NEmM?authuser=0&hl=en&rclk=1,68,Warm,none,no matching own-domain result in top results (checked 2x),Google Maps
SA/Kenya/UAE Hotels,"The Oceanic, Durban",,+27 31 335 1800,,4.0,713,Unknown,"https://www.google.com/maps/place/The+Oceanic,+Durban/data=!4m10!3m9!1s0x1ef7a82cd69b67ad:0xaa92c33b589fd87e!5m2!4m1!1i2!8m2!3d-29.843521!4d31.0335771!16s%2Fg%2F1pzpw94mz!19sChIJrWeb1iyo9x4RftifWDvDkqo?authuser=0&hl=en&rclk=1",68,Warm,none,no matching own-domain result in top results (checked 2x),Google Maps
SA/Kenya/UAE Hotels,Cingaki Hotel,,+254 742 037789,,4.0,262,Unknown,https://www.google.com/maps/place/Cingaki+Hotel/data=!4m10!3m9!1s0x184072ef56e422b9:0x669e86d690852ba!5m2!4m1!1i2!8m2!3d-4.0065357!4d39.6255401!16s%2Fg%2F11c5t3f_kw!19sChIJuSLkVu9yQBgRulIIaW3oaQY?authuser=0&hl=en&rclk=1,68,Warm,none,no matching own-domain result in top results (checked 2x),Google Maps
SA/Kenya/UAE Hotels,Kahama Beach Hotel,,+254 20 3507205,,4.2,140,Unknown,https://www.google.com/maps/place/Kahama+Beach+Hotel/data=!4m10!3m9!1s0x18400f3275454c5f:0x448ef7aba7c32ac7!5m2!4m1!1i2!8m2!3d-3.9878578!4d39.735887!16s%2Fg%2F11jgxcyxl9!19sChIJX0xFdTIPQBgRxyrDp6v3jkQ?authuser=0&hl=en&rclk=1,68,Warm,none,no matching own-domain result in top results (checked 2x),Google Maps
SA/Kenya/UAE Hotels,Mali Guest House,,+254 725 316697,,4.0,272,Unknown,https://www.google.com/maps/place/Mali+Guest+House/data=!4m10!3m9!1s0x18400d0109a28b35:0x2e1a29a03f80fc3a!5m2!4m1!1i2!8m2!3d-4.0247563!4d39.7012357!16s%2Fg%2F11fmdws1ng!19sChIJNYuiCQENQBgROvyAP6ApGi4?authuser=0&hl=en&rclk=1,68,Warm,none,no matching own-domain result in top results (checked 2x),Google Maps
SA/Kenya/UAE Hotels,Pine Breeze Holiday Resort,,+254 722 996465,,4.0,720,Unknown,https://www.google.com/maps/place/Pine+Breeze+Holiday+Resort/data=!4m10!3m9!1s0x18400df777223133:0x4770252d4f8ff95d!5m2!4m1!1i2!8m2!3d-4.022258!4d39.723121!16s%2Fg%2F12vr9vf1_!19sChIJMzEid_cNQBgRXfmPTy0lcEc?authuser=0&hl=en&rclk=1,68,Warm,none,no matching own-domain result in top results (checked 2x),Google Maps
SA/Kenya/UAE Hotels,Mtwapa Country Resort,,+254 712 689272,,4.0,435,Unknown,https://www.google.com/maps/place/Mtwapa+Country+Resort/data=!4m10!3m9!1s0x1840096598f85725:0x6ec693b35a9f5d63!5m2!4m1!1i2!8m2!3d-3.9512709!4d39.764334!16s%2Fg%2F1pzw2d48p!19sChIJJVf4mGUJQBgRY12fWrOTxm4?authuser=0&hl=en&rclk=1,68,Warm,none,no matching own-domain result in top results (checked 2x),Google Maps
SA/Kenya/UAE Hotels,Platinum Hotel,,+254 722 605801,,4.0,133,Unknown,https://www.google.com/maps/place/Platinum+Hotel/data=!4m10!3m9!1s0x18400e990c1a0f89:0xec86c51aaff058ab!5m2!4m1!1i2!8m2!3d-3.9779452!4d39.7417024!16s%2Fg%2F11d_2lfdqs!19sChIJiQ8aDJkOQBgRq1jwrxrFhuw?authuser=0&hl=en&rclk=1,68,Warm,none,no matching own-domain result in top results (checked 2x),Google Maps
Nigeria Hair Salons,Make Me Beauty Place,,+234 707 109 5500,44 Bode Thomas St,4.3,620,Unknown,https://www.google.com/maps/place/Make+Me+Beauty+Place/data=!4m7!3m6!1s0x103b8c0dcc100373:0xa62fb97825b81bc9!8m2!3d6.4893485!4d3.3526765!16s%2Fg%2F1q5blljwh!19sChIJcwMQzA2MOxARyRu4JXi5L6Y?authuser=0&hl=en&rclk=1,68,Warm,none,no matching own-domain result in top results (checked 2x),Google Maps
Nigeria Hair Salons,Tunmise Natural Hair salon,,+234 806 547 1986,9b Ilorin St,4.0,179,Unknown,https://www.google.com/maps/place/Tunmise+Natural+Hair+salon/data=!4m7!3m6!1s0x103b8c1437be057d:0xf49d91b94d9edaa4!8m2!3d6.4978532!4d3.3486719!16s%2Fg%2F11f00hk38h!19sChIJfQW-NxSMOxARpNqeTbmRnfQ?authuser=0&hl=en&rclk=1,68,Warm,none,no matching own-domain result in top results (checked 2x),Google Maps
Nigeria Hair Salons,The Triplet’s Studio,,+234 915 100 0030,7 Niyi Okunubi St,4.4,181,Unknown,https://www.google.com/maps/place/The+Triplet%E2%80%99s+Studio/data=!4m7!3m6!1s0x103bf5a5969e4ef9:0x29c4d8af71b6761a!8m2!3d6.4389096!4d3.4577929!16s%2Fg%2F11lgm4j_nb!19sChIJ-U6elqX1OxARGna2ca_YxCk?authuser=0&hl=en&rclk=1,68,Warm,none,no matching own-domain result in top results (checked 2x),Google Maps
Nigeria Hair Salons,Yellow Sisi Salon,,+234 818 222 2204,2c Bashorun R.I. Okusanya Ave,4.4,242,Unknown,https://www.google.com/maps/place/Yellow+Sisi+Salon/data=!4m7!3m6!1s0x103bf44f9f2aba7b:0xa21fd500736a52e8!8m2!3d6.4490479!4d3.4752566!16s%2Fg%2F11c6vl0hpd!19sChIJe7oqn0_0OxAR6FJqcwDVH6I?authuser=0&hl=en&rclk=1,68,Warm,none,no matching own-domain result in top results (checked 2x),Google Maps
Nigeria Hair Salons,Next Barbing Salon,,+234 803 329 4940,6 Alh. Oluwakemi St,4.3,172,Unknown,https://www.google.com/maps/place/Next+Barbing+Salon/data=!4m7!3m6!1s0x103b8d85e5e0181b:0xb73d1a9510754810!8m2!3d6.5614039!4d3.3694974!16s%2Fg%2F1q67cl41j!19sChIJGxjg5YWNOxAREEh1EJUaPbc?authuser=0&hl=en&rclk=1,68,Warm,none,no matching own-domain result in top results (checked 2x),Google Maps
Nigeria Hair Salons,Avenue21 Beauty Salon & Spa,,+234 806 879 6071,"6C Birao St, off Yalinga Street",4.2,241,Unknown,https://www.google.com/maps/place/Avenue21+Beauty+Salon+%26+Spa/data=!4m7!3m6!1s0x104e0b00037d5093:0xef220676195d4edb!8m2!3d9.0709567!4d7.4787427!16s%2Fg%2F11gbkwjbn7!19sChIJk1B9AwALThAR205dGXYGIu8?authuser=0&hl=en&rclk=1,68,Warm,none,no matching own-domain result in top results (checked 2x),Google Maps
Nigeria Hair Salons,HAIR DISTRICT BEAUTY SALON & SPA ABUJA,,+234 701 142 2358,"Hair District Beauty Salon & Spa, Plot 1248 Aminu Kano Cres",4.5,13,Unknown,https://www.google.com/maps/place/HAIR+DISTRICT+BEAUTY+SALON+%26+SPA+ABUJA/data=!4m7!3m6!1s0x104e0b50bda63405:0xfa13154a7234918f!8m2!3d9.0726308!4d7.4701869!16s%2Fg%2F11wtqxh3rb!19sChIJBTSmvVALThARj5E0ckoVE_o?authuser=0&hl=en&rclk=1,68,Warm,social_media,no matching own-domain result in top results (checked 2x),Google Maps
Kenya Real Estate,Bandari Villas,,+254 722 238818,"Near Poster, Bombolulu, Off Nyali Road",4.3,229,Unknown,https://www.google.com/maps/place/Bandari+Villas/data=!4m7!3m6!1s0x18400d8e2c51a263:0x8acbede3aa6d5281!8m2!3d-4.0177791!4d39.7060282!16s%2Fg%2F1pzsc9y79!19sChIJY6JRLI4NQBgRgVJtquPty4o?authuser=0&hl=en&rclk=1,68,Warm,none,no matching own-domain result in top results (checked 2x),Google Maps
Kenya Real Estate,Le Royal apartments,,+254 726 916166,2nd Ave,4.4,218,Unknown,https://www.google.com/maps/place/Le+Royal+apartments/data=!4m7!3m6!1s0x18400dea76b99ba3:0xd49ce7cfeacf13d3!8m2!3d-4.0213517!4d39.7266433!16s%2Fg%2F11h7sj6cys!19sChIJo5u5duoNQBgR0xPP6s_nnNQ?authuser=0&hl=en&rclk=1,68,Warm,none,no matching own-domain result in top results (checked 2x),Google Maps
Kenya Real Estate,Miritini Estate,,+254 725 815847,"Next To Miritini Stage, Miritini Estate Road, Mombasa Road",4.1,320,Unknown,https://www.google.com/maps/place/Miritini+Estate/data=!4m7!3m6!1s0x1840722df032afc9:0x4875751836d8e109!8m2!3d-4.0041021!4d39.5789159!16s%2Fg%2F1pzvzzq_s!19sChIJya8y8C1yQBgRCeHYNhh1dUg?authuser=0&hl=en&rclk=1,68,Warm,none,no matching own-domain result in top results (checked 2x),Google Maps
Kenya Real Estate,BaseMark Valuers and Property Consultants,,+254 794 858749,,5.0,11,Unknown,https://www.google.com/maps/place/BaseMark+Valuers+and+Property+Consultants/data=!4m7!3m6!1s0x182aa50ff7bc3a5d:0x9fdc2b95d8780119!8m2!3d-0.1042529!4d34.755829!16s%2Fg%2F11xp1sysgw!19sChIJXTq89w-lKhgRGQF42JUr3J8?authuser=0&hl=en&rclk=1,68,Warm,social_media,no matching own-domain result in top results (checked 2x),Google Maps
Bangalore Dental Clinics,Dr. Raiyan's Bangalore Dental Clinic,,+91 89515 93062,"138, Shivaji Rd, opposite pension mohalla masjid",5.0,33,Unknown,https://www.google.com/maps/place/Dr.+Raiyan%27s+Bangalore+Dental+Clinic/data=!4m7!3m6!1s0x3bae17414191c1bb:0x67f859f46974bf1b!8m2!3d12.9871939!4d77.6019944!16s%2Fg%2F11f6f_jfj7!19sChIJu8GRQUEXrjsRG790afRZ-Gc?authuser=0&hl=en&rclk=1,63,Warm,none,no matching own-domain result in top results (checked 2x),Google Maps
Bangalore Dental Clinics,Dental Care Centre,,+91 80 4116 1563,"165, 9th Cross Rd",4.9,82,Unknown,https://www.google.com/maps/place/Dental+Care+Centre/data=!4m7!3m6!1s0x3bae16bb2bf033f9:0xdfefc910bf978f0b!8m2!3d12.9809745!4d77.6391534!16s%2Fg%2F11c2lytx3k!19sChIJ-TPwK7sWrjsRC4-XvxDJ798?authuser=0&hl=en&rclk=1,63,Warm,none,no comparable tokens in name,Google Maps
Bangalore Dental Clinics,Smile Lounge Dental Care,,+91 80 2528 8388,"373/1, 100 Feet Rd",4.9,80,Unknown,https://www.google.com/maps/place/Smile+Lounge+Dental+Care/data=!4m7!3m6!1s0x3bae16a7cd181f4b:0x903e77444d81b830!8m2!3d12.9725476!4d77.6413327!16s%2Fg%2F12606m7ln!19sChIJSx8YzacWrjsRMLiBTUR3PpA?authuser=0&hl=en&rclk=1,63,Warm,none,no matching own-domain result in top results (checked 2x),Google Maps
Bangalore Dental Clinics,Dental Bliss,,+91 80 4371 2712,"No. 648,17th C Cross, Ground Floor, Chinmaya Mission Hospital Rd",4.9,69,Unknown,https://www.google.com/maps/place/Dental+Bliss/data=!4m7!3m6!1s0x3bae16a2fdd0d859:0x82431ac59cb0f2d0!8m2!3d12.9779088!4d77.6335357!16s%2Fg%2F11f2w580vt!19sChIJWdjQ_aIWrjsR0PKwnMUaQ4I?authuser=0&hl=en&rclk=1,63,Warm,none,no matching own-domain result in top results (checked 2x),Google Maps
Bangalore Dental Clinics,ARS Dental hub,,+91 98234 50664,,4.8,95,Unknown,https://www.google.com/maps/place/ARS+Dental+hub/data=!4m7!3m6!1s0x3bae15ee15feec8b:0x8da3cc6234cf97d2!8m2!3d12.9625527!4d77.6146148!16s%2Fg%2F11tb_qppqz!19sChIJi-z-Fe4VrjsR0pfPNGLMo40?authuser=0&hl=en&rclk=1,63,Warm,none,no matching own-domain result in top results (checked 2x),Google Maps
Bangalore Dental Clinics,Family Dentacare & Implant Center,,+91 96116 67932,"371 1st Floor Patel seethappa colony HAL 3rd Stage, New Tippasandra Diagnally, opp. to: Krishna Bhavan Restaurant",4.8,43,Unknown,https://www.google.com/maps/place/Family+Dentacare+%26+Implant+Center/data=!4m7!3m6!1s0x3bae16aadb036b79:0x804ffe3e3957fe9e!8m2!3d12.9722972!4d77.6527349!16s%2Fg%2F1hm34wlwf!19sChIJeWsD26oWrjsRnv5XOT7-T4A?authuser=0&hl=en&rclk=1,63,Warm,none,no matching own-domain result in top results (checked 2x),Google Maps
Bangalore Dental Clinics,"Reflection Dental Clinic - Best Dental Clinic in Whitefield, Dentist in Whitefield, root canal treatment in whitefield",,+91 80734 09565,"1st floor, Reflection Facethetics, 101, 6, Varthur Main Rd, opposite Palm Meadows",4.7,68,Unknown,"https://www.google.com/maps/place/Reflection+Dental+Clinic+-+Best+Dental+Clinic+in+Whitefield,+Dentist+in+Whitefield,+root+canal+treatment+in+whitefield/data=!4m7!3m6!1s0x3bae1213f82a9e9d:0x8d705443849275cc!8m2!3d12.9568734!4d77.7408586!16s%2Fg%2F11gfd6qt9z!19sChIJnZ4q-BMSrjsRzHWShENUcI0?authuser=0&hl=en&rclk=1",63,Warm,none,no matching own-domain result in top results (checked 2x),Google Maps
Bangalore Dental Clinics,"Dentelope Advanced Dental care| Whitefield,Nallurhalli",,+91 63646 09627,"3 Tsn babu,opposite to sbb sapphire,Victorian View Layout",5.0,23,Unknown,"https://www.google.com/maps/place/Dentelope+Advanced+Dental+care%7C+Whitefield,Nallurhalli/data=!4m7!3m6!1s0x3bae13ab3bc55ce3:0xe846e432bcdb0036!8m2!3d12.966993!4d77.7393668!16s%2Fg%2F11nr0zwxd1!19sChIJ41zFO6sTrjsRNgDbvDLkRug?authuser=0&hl=en&rclk=1",63,Warm,none,search failed: ConnectError: ConnectError('error sending request for url (https://www.startpage.com/) > client error (Connect) > tcp connect error > Connection refused (os error 111)') (checked 2x),Google Maps
Bangalore Dental Clinics,Maruthi Dental Clinic,,+91 94487 03632,"AP Nilaya, Immadihalli Main Rd",4.8,60,Unknown,https://www.google.com/maps/place/Maruthi+Dental+Clinic/data=!4m7!3m6!1s0x3bae0dfc0d016fbb:0xeb72fe464d445e07!8m2!3d12.9696165!4d77.7522011!16s%2Fg%2F11c5z_cn2h!19sChIJu28BDfwNrjsRB15ETUb-cus?authuser=0&hl=en&rclk=1,63,Warm,none,no matching own-domain result in top results (checked 2x),Google Maps
Bangalore Dental Clinics,Amrik smile and dental clinic,,+91 91820 36895,"3rd floor, Amrik Hospital, 209, Swami Vivekananda Road",4.7,28,Unknown,https://www.google.com/maps/place/Amrik+smile+and+dental+clinic/data=!4m7!3m6!1s0x3bae0fe6876a864b:0x9cd7b241e2797f7!8m2!3d12.9828451!4d77.7479504!16s%2Fg%2F11s9z9c2g4!19sChIJS4Zqh-YPrjsR95cnHiR7zQk?authuser=0&hl=en&rclk=1,63,Warm,none,no matching own-domain result in top results (checked 2x),Google Maps
Bangalore Dental Clinics,Sadguru Sai Dental Clinic,,+91 99722 48763,"First floor, 615, Mayura bakery road, Immadihalli Main Rd, above Navratan jewellers",5.0,88,Unknown,https://www.google.com/maps/place/Sadguru+Sai+Dental+Clinic/data=!4m7!3m6!1s0x3bae0dfc0feb9411:0xe35231c725b497b4!8m2!3d12.9698165!4d77.7518343!16s%2Fg%2F1tvq2kfk!19sChIJEZTrD_wNrjsRtJe0JccxUuM?authuser=0&hl=en&rclk=1,63,Warm,none,no matching own-domain result in top results (checked 2x),Google Maps
Bangalore Dental Clinics,KIDZ SMILE DENTAL CARE,,+91 90357 77698,"3rd floor,No: 578/444, MCC Tower, Main Road",5.0,48,Unknown,https://www.google.com/maps/place/KIDZ+SMILE+DENTAL+CARE/data=!4m7!3m6!1s0x3bae0d910eaadc0d:0xa6b47f4d90f2d2c1!8m2!3d12.9559151!4d77.7309146!16s%2Fg%2F11ys1v6t0v!19sChIJDdyqDpENrjsRwdLykE1_tKY?authuser=0&hl=en&rclk=1,63,Warm,none,no matching own-domain result in top results (checked 2x),Google Maps
Bangalore Dental Clinics,NAM DENTAL CARE,,+91 80895 09880,"near Ganesh Temple, next to kidzee preschool",5.0,61,Unknown,https://www.google.com/maps/place/NAM+DENTAL+CARE/data=!4m7!3m6!1s0x3bae0f40f4ede43d:0x92d972f8eb627516!8m2!3d12.9764208!4d77.7569216!16s%2Fg%2F11v3xkn5vf!19sChIJPeTt9EAPrjsRFnVi6_hy2ZI?authuser=0&hl=en&rclk=1,63,Warm,none,no matching own-domain result in top results (checked 2x),Google Maps
Bangalore Dental Clinics,White Pearls Dental,,+91 94926 37001,"1st floor, Anjanappa Building, Varthur Main Rd, opp. Jagriti Apt Ramagondanahalli",4.9,95,Unknown,https://www.google.com/maps/place/White+Pearls+Dental/data=!4m7!3m6!1s0x3bae13ba9858b215:0xc1cd9da1f3bf6f0a!8m2!3d12.956911!4d77.74117!16s%2Fg%2F11krs0d942!19sChIJFbJYmLoTrjsRCm-_86GdzcE?authuser=0&hl=en&rclk=1,63,Warm,none,no matching own-domain result in top results (checked 2x),Google Maps
Bangalore Dental Clinics,RK Dental Clinic,,+91 90359 18327,opp. Palm meadows,4.8,26,Unknown,https://www.google.com/maps/place/RK+Dental+Clinic/data=!4m7!3m6!1s0x3bae139f34332963:0x36c9a07f1cf155cf!8m2!3d12.956876!4d77.7402532!16s%2Fg%2F11r9w6t664!19sChIJYykzNJ8TrjsRz1XxHH-gyTY?authuser=0&hl=en&rclk=1,63,Warm,none,no comparable tokens in name,Google Maps
Bangalore Dental Clinics,Sattva Multispeciality Dental Care,,+91 63625 49115,"Hagadur Main Rd, opposite Shri Gangadhareshwara Swamy Temple",5.0,43,Unknown,https://www.google.com/maps/place/Sattva+Multispeciality+Dental+Care/data=!4m7!3m6!1s0x3bae0de5ecaa3099:0xcf29a04572bdb85f!8m2!3d12.964885!4d77.7555312!16s%2Fg%2F11q3t8mcy1!19sChIJmTCq7OUNrjsRX7i9ckWgKc8?authuser=0&hl=en&rclk=1,63,Warm,none,no matching own-domain result in top results (checked 2x),Google Maps
Bangalore Dental Clinics,Janatha Dental Clinic,,+91 99167 30519,"3, Immadihalli Main Rd",4.9,58,Unknown,https://www.google.com/maps/place/Janatha+Dental+Clinic/data=!4m7!3m6!1s0x3bae0d0268b2e0b5:0x2d230ff4e1a0f3a3!8m2!3d12.969583!4d77.752748!16s%2Fg%2F11h12_n_ys!19sChIJteCyaAINrjsRo_Og4fQPIy0?authuser=0&hl=en&rclk=1,63,Warm,none,no matching own-domain result in top results (checked 2x),Google Maps
Bangalore Dental Clinics,G M Dental Clinic Orthodontics & Implantology,,+91 93429 62359,"45, 10th cross, &, Varthur Main Rd, opposite Government School, behind Domino's Pizza",4.9,51,Unknown,https://www.google.com/maps/place/G+M+Dental+Clinic+Orthodontics+%26+Implantology/data=!4m7!3m6!1s0x3bae1213dba3c1f5:0x3aa44c12a376b36f!8m2!3d12.9573354!4d77.7385988!16s%2Fg%2F1v1sjnf9!19sChIJ9cGj2xMSrjsRb7N2oxJMpDo?authuser=0&hl=en&rclk=1,63,Warm,none,no matching own-domain result in top results (checked 2x),Google Maps
Bangalore Dental Clinics,"Avnee's Dental Clinic | Root Canal Treatment | Implant Centre | Invisalign, Aligners |",,+91 72041 60995,Immadihalli Main Rd,5.0,66,Unknown,"https://www.google.com/maps/place/Avnee%27s+Dental+Clinic+%7C+Root+Canal+Treatment+%7C+Implant+Centre+%7C+Invisalign,+Aligners+%7C/data=!4m7!3m6!1s0x3bae0d92b4089d45:0x469872e851eef666!8m2!3d12.9696051!4d77.7662798!16s%2Fg%2F11xgv9_g59!19sChIJRZ0ItJINrjsRZvbuUehymEY?authuser=0&hl=en&rclk=1",63,Warm,none,no matching own-domain result in top results (checked 2x),Google Maps
Bangalore Dental Clinics,Blossom Dental Clinic,,+91 78925 60272,"365, Nagondanahalli Channasandra Main Road Nagondanahalli",5.0,57,Unknown,https://www.google.com/maps/place/Blossom+Dental+Clinic/data=!4m7!3m6!1s0x3bae0fb5c974ec19:0xbda562f24eb3b9cb!8m2!3d12.9764566!4d77.7710082!16s%2Fg%2F11s63lsy7k!19sChIJGex0ybUPrjsRy7mzTvJipb0?authuser=0&hl=en&rclk=1,63,Warm,none,search failed: ConnectError: ConnectError('error sending request for url (https://www.startpage.com/) > client error (Connect) > tcp connect error > Connection refused (os error 111)') (checked 2x),Google Maps
Bangalore Dental Clinics,"Blooms Dental Care Kormangala | Best Dentist for Braces,Aligners, Implants & Root Canal Treatments",,+91 81239 82595,"No.1010, First Floor, 7th A Main Road, S.T Bed , Kormangala, near Wipro Park, above Apollo Pharmacy",5.0,62,Unknown,"https://www.google.com/maps/place/Blooms+Dental+Care+Kormangala+%7C+Best+Dentist+for+Braces,Aligners,+Implants+%26+Root+Canal+Treatments/data=!4m7!3m6!1s0x3bae15cc8635ed0d:0x7f4774ef2ad85141!8m2!3d12.9303771!4d77.6336601!16s%2Fg%2F11y2ntvvkf!19sChIJDe01hswVrjsRQVHYKu90R38?authuser=0&hl=en&rclk=1",63,Warm,none,no matching own-domain result in top results (checked 2x),Google Maps
Bangalore Dental Clinics,Vardhana's Dental Clinic In 5th Block Koramangala,,+91 99162 78993,"Ground Floor, Day Lane, 137, 1st A cross Rd, next to JNC Cafe Coffee before Hatti Kappi",5.0,51,Unknown,https://www.google.com/maps/place/Vardhana%27s+Dental+Clinic+In+5th+Block+Koramangala/data=!4m7!3m6!1s0x3bae1592595d0333:0x5cc09c2a4f98dcbb!8m2!3d12.9340608!4d77.6173155!16s%2Fg%2F11q24yc6kf!19sChIJMwNdWZIVrjsRu9yYTyqcwFw?authuser=0&hl=en&rclk=1,63,Warm,none,no matching own-domain result in top results (checked 2x),Google Maps
Bangalore Dental Clinics,Devi Dental Clinic,,+91 98452 91142,"36/A, Sri Rama Temple Rd",4.9,58,Unknown,https://www.google.com/maps/place/Devi+Dental+Clinic/data=!4m7!3m6!1s0x3bae159522c8a963:0xb5d984032236cb1d!8m2!3d12.9434404!4d77.6283723!16s%2Fg%2F11rxl5v5yl!19sChIJY6nIIpUVrjsRHcs2IgOE2bU?authuser=0&hl=en&rclk=1,63,Warm,none,no matching own-domain result in top results (checked 2x),Google Maps
Coorg/Wayanad/Ooty Resorts,GRAND UB RESIDENCY,,+91 99953 09916,,4.8,42,Unknown,https://www.google.com/maps/place/GRAND+UB+RESIDENCY/data=!4m10!3m9!1s0x3bae15183de95959:0x7ae8a1d17256a1b8!5m2!4m1!1i2!8m2!3d12.9251609!4d77.615879!16s%2Fg%2F11msld4z70!19sChIJWVnpPRgVrjsRuKFWctGh6Ho?authuser=0&hl=en&rclk=1,63,Warm,none,no matching own-domain result in top results (checked 2x),Google Maps
Coorg/Wayanad/Ooty Resorts,Ganesh Estate Homestay,,+91 73537 14416,,3.9,237,Unknown,https://www.google.com/maps/place/Ganesh+Estate+Homestay/data=!4m10!3m9!1s0x3ba5ab1d4740dfa3:0x7e35c3485274e971!5m2!4m1!1i2!8m2!3d12.4046164!4d75.7419562!16s%2Fg%2F1hm3y8vwm!19sChIJo99ARx2rpTsRcel0UkjDNX4?authuser=0&hl=en&rclk=1,63,Warm,none,no matching own-domain result in top results (checked 2x),Google Maps
Coorg/Wayanad/Ooty Resorts,grace view,,+91 96639 73477,,4.5,74,Unknown,https://www.google.com/maps/place/grace+view/data=!4m10!3m9!1s0x3ba5aaa3e4f6fadb:0xb545eb0537f96be2!5m2!4m1!1i2!8m2!3d12.4168766!4d75.7322288!16s%2Fg%2F11cr_5ggtv!19sChIJ2_r25KOqpTsR4mv5NwXrRbU?authuser=0&hl=en&rclk=1,63,Warm,none,no matching own-domain result in top results (checked 2x),Google Maps
Coorg/Wayanad/Ooty Resorts,Dharani Homestay,,+91 94483 03653,,4.8,91,Unknown,https://www.google.com/maps/place/Dharani+Homestay/data=!4m10!3m9!1s0x3ba5ab2188e21435:0x4e866c7c6fca0b3e!5m2!4m1!1i2!8m2!3d12.4106193!4d75.7335157!16s%2Fg%2F11f776lv2v!19sChIJNRTiiCGrpTsRPgvKb3xshk4?authuser=0&hl=en&rclk=1,63,Warm,none,no matching own-domain result in top results (checked 2x),Google Maps
Coorg/Wayanad/Ooty Resorts,Hotel New Rajdarshan,,+91 77600 37767,,3.7,490,Unknown,https://www.google.com/maps/place/Hotel+New+Rajdarshan/data=!4m10!3m9!1s0x3ba5aa9896fc45ed:0xa9bba9fd8e1077f1!5m2!4m1!1i2!8m2!3d12.4156971!4d75.7377539!16s%2Fg%2F1td2kxtq!19sChIJ7UX8lpiqpTsR8XcQjv2pu6k?authuser=0&hl=en&rclk=1,63,Warm,none,no matching own-domain result in top results (checked 2x),Google Maps
Coorg/Wayanad/Ooty Resorts,New Hill Valley,,+91 99002 45600,,4.2,121,No,https://www.google.com/maps/place/New+Hill+Valley/data=!4m10!3m9!1s0x3ba5aa9ae87edaad:0xf3ac3731a9ed68ae!5m2!4m1!1i2!8m2!3d12.4135817!4d75.7478187!16s%2Fg%2F1th7lb7p!19sChIJrdp-6JqqpTsRrmjtqTE3rPM?authuser=0&hl=en&rclk=1,63,Warm,none,no matching own-domain result in top results (checked 2x),Google Maps
Coorg/Wayanad/Ooty Resorts,OYO 6556 Ramra Stay,,+91 124 620 1327,,4.3,93,Unknown,https://www.google.com/maps/place/OYO+6556+Ramra+Stay/data=!4m10!3m9!1s0x3ba500060386cac3:0x14741bacf7bb761a!5m2!4m1!1i2!8m2!3d12.4276432!4d75.7251723!16s%2Fg%2F11c486tk1d!19sChIJw8qGAwYApTsRGna796wbdBQ?authuser=0&hl=en&rclk=1,63,Warm,directory_or_aggregator,no matching own-domain result in top results (checked 2x),Google Maps
Coorg/Wayanad/Ooty Resorts,sabaoth stays,,+91 78929 82399,,5.0,41,Unknown,https://www.google.com/maps/place/sabaoth+stays/data=!4m10!3m9!1s0x3ba5012ccbd9e327:0x2fc7b7947f992d47!5m2!4m1!1i2!8m2!3d12.4282632!4d75.7236024!16s%2Fg%2F11yh3rx04x!19sChIJJ-PZyywBpTsRRy2Zf5S3xy8?authuser=0&hl=en&rclk=1,63,Warm,none,no matching own-domain result in top results (checked 2x),Google Maps
Coorg/Wayanad/Ooty Resorts,Ajantha,,+91 80880 04755,,4.7,81,Unknown,https://www.google.com/maps/place/Ajantha/data=!4m10!3m9!1s0x3ba5000b3db3036d:0x4ccf34d727087929!5m2!4m1!1i2!8m2!3d12.4261394!4d75.7263504!16s%2Fg%2F11bbwqnslp!19sChIJbQOzPQsApTsRKXkIJ9c0z0w?authuser=0&hl=en&rclk=1,63,Warm,none,no matching own-domain result in top results (checked 2x),Google Maps
Coorg/Wayanad/Ooty Resorts,Green Mountain Villa,,+91 90870 66488,,4.7,62,Unknown,https://www.google.com/maps/place/Green+Mountain+Villa/data=!4m10!3m9!1s0x3ba8bddfeae1adf3:0xfafb68a97f994af8!5m2!4m1!1i2!8m2!3d11.4138152!4d76.6910525!16s%2Fg%2F11x_cqmx8x!19sChIJ863h6t-9qDsR-EqZf6lo-_o?authuser=0&hl=en&rclk=1,63,Warm,none,no matching own-domain result in top results (checked 2x),Google Maps
Coorg/Wayanad/Ooty Resorts,Natures Retreat Resort Ooty,,+91 78250 51515,HPF GUEST HOUSE,3.7,116,Unknown,https://www.google.com/maps/place/Natures+Retreat+Resort+Ooty/data=!4m7!3m6!1s0x3ba8bd9e48c83289:0x2176ed46a6b88e6f!8m2!3d11.4295186!4d76.6701134!16s%2Fg%2F11stst_44r!19sChIJiTLISJ69qDsRb464pkbtdiE?authuser=0&hl=en&rclk=1,63,Warm,none,no matching own-domain result in top results (checked 2x),Google Maps
Coorg/Wayanad/Ooty Resorts,Skyblue Resort,,+91 94477 95491,,3.8,115,Unknown,https://www.google.com/maps/place/Skyblue+Resort/data=!4m10!3m9!1s0x3ba8bd7d2e80ac71:0x50886ac478c53878!5m2!4m1!1i2!8m2!3d11.4024724!4d76.6766219!16s%2Fg%2F11f2wf18lq!19sChIJcayALn29qDsReDjFeMRqiFA?authuser=0&hl=en&rclk=1,63,Warm,none,no matching own-domain result in top results (checked 2x),Google Maps
Gulf Restaurants,SEERA - Indian Cuisine,,+966 53 509 0965,REZA6136,3.9,1451,Unknown,https://www.google.com/maps/place/SEERA+-+Indian+Cuisine/data=!4m7!3m6!1s0x3e2f05ae2009fdd3:0xaf89837557247602!8m2!3d24.6799665!4d46.7315431!16s%2Fg%2F11k3zf5h2_!19sChIJ0_0JIK4FLz4RAnYkV3WDia8?authuser=0&hl=en&rclk=1,63,Warm,none,no matching own-domain result in top results (checked 2x),Google Maps
SA/Kenya/UAE Hotels,"Hermanus Guest Rooms, Hermanus",,+27 72 441 2666,,4.6,73,Unknown,"https://www.google.com/maps/place/Hermanus+Guest+Rooms,+Hermanus/data=!4m10!3m9!1s0x1dce0babf9b61a9d:0xd04c581e0ead5ff6!5m2!4m1!1i2!8m2!3d-34.4185469!4d19.228946!16s%2Fg%2F11jrvnnh43!19sChIJnRq2-asLzh0R9l-tDh5YTNA?authuser=0&hl=en&rclk=1",63,Warm,none,no matching own-domain result in top results (checked 2x),Google Maps
SA/Kenya/UAE Hotels,White Pearl,,+27 82 828 0629,,5.0,33,Unknown,https://www.google.com/maps/place/White+Pearl/data=!4m10!3m9!1s0x1dce0b0c46e3ffff:0x3d80881772f5965!5m2!4m1!1i2!8m2!3d-34.4277863!4d19.2276459!16s%2Fg%2F11t424038z!19sChIJ___jRgwLzh0RZVkvd4EI2AM?authuser=0&hl=en&rclk=1,63,Warm,none,no matching own-domain result in top results (checked 2x),Google Maps
SA/Kenya/UAE Hotels,Shore's Edge Guest House,,+27 76 241 4884,,4.8,58,Unknown,https://www.google.com/maps/place/Shore%27s+Edge+Guest+House/data=!4m10!3m9!1s0x1dce0b3b0c2e50a9:0x753ed2026dad17a4!5m2!4m1!1i2!8m2!3d-34.427686!4d19.1937204!16s%2Fg%2F12hlhd60w!19sChIJqVAuDDsLzh0RpBetbQLSPnU?authuser=0&hl=en&rclk=1,63,Warm,none,no matching own-domain result in top results (checked 2x),Google Maps
SA/Kenya/UAE Hotels,PrideInn Hotel Mombasa City,,+254 709 532000,,4.2,1381,No,https://www.google.com/maps/place/PrideInn+Hotel+Mombasa+City/data=!4m10!3m9!1s0x184012d8c156fc9d:0x8c82a7d72a4ba3bb!5m2!4m1!1i2!8m2!3d-4.059031!4d39.6662464!16s%2Fg%2F11h1d93x4!19sChIJnfxWwdgSQBgRu6NLKtengow?authuser=0&hl=en&rclk=1,63,Warm,none,no matching own-domain result in top results (checked 2x),Google Maps
Nigeria Hair Salons,Tash Place,,+234 803 466 6768,"Tash Place, TYTO Pagoda Mall 31B Admiralty Way opposite Brasas's Place Lekki Phase 1",4.5,46,Unknown,https://www.google.com/maps/place/Tash+Place/data=!4m7!3m6!1s0x103b930ed38703f7:0xa0bbd08fe0269561!8m2!3d6.4482167!4d3.4718805!16s%2Fg%2F11f317gy9q!19sChIJ9wOH0w6TOxARYZUm4I_Qu6A?authuser=0&hl=en&rclk=1,63,Warm,none,no matching own-domain result in top results (checked 2x),Google Maps
Nigeria Hair Salons,RARA UNISEX SALON,,+234 802 286 1110,"Shop A2 POLYSONIC MALL, Point Rd",4.9,41,Unknown,https://www.google.com/maps/place/RARA+UNISEX+SALON/data=!4m7!3m6!1s0x103b8bc9a348d9d1:0xd1cdb0fca7dd2bbd!8m2!3d6.4501876!4d3.3634642!16s%2Fg%2F11n_w_gmp8!19sChIJ0dlIo8mLOxARvSvdp_ywzdE?authuser=0&hl=en&rclk=1,63,Warm,none,no matching own-domain result in top results (checked 2x),Google Maps
Nigeria Hair Salons,Fasha Lagos,,+234 913 500 2555,11 Aliu Animashaun Ave,4.8,85,Unknown,https://www.google.com/maps/place/Fasha+Lagos/data=!4m7!3m6!1s0x103bf5fb7d0d5c59:0x44271f803a456baf!8m2!3d6.4340921!4d3.4604434!16s%2Fg%2F11vjhn3dtj!19sChIJWVwNffv1OxARr2tFOoAfJ0Q?authuser=0&hl=en&rclk=1,63,Warm,none,no matching own-domain result in top results (checked 2x),Google Maps
Nigeria Hair Salons,Precious beauty and salon international,,+234 806 732 1057,1&2 Igando Rd,4.7,43,Unknown,https://www.google.com/maps/place/Precious+beauty+and+salon+international/data=!4m7!3m6!1s0x103b8f487e385d25:0x79f777ccaf2dcce0!8m2!3d6.5464242!4d3.2656412!16s%2Fg%2F11fmlkzjmg!19sChIJJV04fkiPOxAR4Mwtr8x393k?authuser=0&hl=en&rclk=1,63,Warm,none,no matching own-domain result in top results (checked 2x),Google Maps
Nigeria Hair Salons,"Doramelia Naturals, Natural Hair Salon, Chevron, Lekki - Salon, Wigs, Weaves, Hair products",,+234 806 293 6738,"Buckingham Court 5, Alternative Road, off Chevron Drive",4.9,30,Unknown,"https://www.google.com/maps/place/Doramelia+Naturals,+Natural+Hair+Salon,+Chevron,+Lekki+-+Salon,+Wigs,+Weaves,+Hair+products/data=!4m7!3m6!1s0x103bf73f24c2404b:0x4970732fd3fd1b3f!8m2!3d6.4478401!4d3.535425!16s%2Fg%2F11k4vd7wld!19sChIJS0DCJD_3OxARPxv90y9zcEk?authuser=0&hl=en&rclk=1",63,Warm,none,no matching own-domain result in top results (checked 2x),Google Maps
Nigeria Hair Salons,Boltimax Beauty Salon,,+234 704 818 5141,Plot 65b Fola Osibo Rd,4.5,46,Unknown,https://www.google.com/maps/place/Boltimax+Beauty+Salon/data=!4m7!3m6!1s0x46dc7d3196774ba3:0xeb08b7017529859e!8m2!3d6.4426766!4d3.4700098!16s%2Fg%2F11td3ltb_b!19sChIJo0t3ljF93EYRnoUpdQG3COs?authuser=0&hl=en&rclk=1,63,Warm,none,no matching own-domain result in top results (checked 2x),Google Maps
Nigeria Hair Salons,Studio M,,+234 818 654 3437,54B Itafaji Rd,4.9,66,Unknown,https://www.google.com/maps/place/Studio+M/data=!4m7!3m6!1s0x103b8b53fa15d463:0xf4846188d0a67817!8m2!3d6.4579105!4d3.4131741!16s%2Fg%2F11hmy3r2yv!19sChIJY9QV-lOLOxARF3im0IhhhPQ?authuser=0&hl=en&rclk=1,63,Warm,none,no comparable tokens in name,Google Maps
Nigeria Hair Salons,The Essence beauty salon and spa,,+234 913 999 6418,"CGJV+V69, Oba Akinloye Dr",4.9,23,Unknown,https://www.google.com/maps/place/The+Essence+beauty+salon+and+spa/data=!4m7!3m6!1s0x103bf7006986efd9:0x16fd668ab9f1547d!8m2!3d6.4321583!4d3.5431535!16s%2Fg%2F11wjdtk55p!19sChIJ2e-GaQD3OxARfVTxuYpm_RY?authuser=0&hl=en&rclk=1,63,Warm,none,no matching own-domain result in top results (checked 2x),Google Maps
Nigeria Hair Salons,Experience Tolu Bobby,,+234 802 815 8413,"9 Ayodele Okeowo Street by Deeperlife Church, Ifako",4.7,49,Unknown,https://www.google.com/maps/place/Experience+Tolu+Bobby/data=!4m7!3m6!1s0x103bf5f52dd11971:0xe2e24323559d2583!8m2!3d6.5557048!4d3.3870818!16s%2Fg%2F11stg0m3nt!19sChIJcRnRLfX1OxARgyWdVSND4uI?authuser=0&hl=en&rclk=1,63,Warm,none,no matching own-domain result in top results (checked 2x),Google Maps
Nigeria Hair Salons,LA FINURA SALON,,+234 815 461 3990,156 Ogunlana Dr,4.9,35,Unknown,https://www.google.com/maps/place/LA+FINURA+SALON/data=!4m7!3m6!1s0x103b8d646199ef43:0xac0981262052a8a7!8m2!3d6.5031944!4d3.351165!16s%2Fg%2F11l2lktm78!19sChIJQ--ZYWSNOxARp6hSICaBCaw?authuser=0&hl=en&rclk=1,63,Warm,none,no matching own-domain result in top results (checked 2x),Google Maps
Nigeria Hair Salons,Martinbis Hair Salon,,+234 802 120 5948,40 Ogudu Rd,5.0,53,Unknown,https://www.google.com/maps/place/Martinbis+Hair+Salon/data=!4m7!3m6!1s0x103b93fd4419df99:0xaeea086f2e17f45c!8m2!3d6.5870374!4d3.3823956!16s%2Fg%2F11mr_k492q!19sChIJmd8ZRP2TOxARXPQXLm8I6q4?authuser=0&hl=en&rclk=1,63,Warm,none,no matching own-domain result in top results (checked 2x),Google Maps
Nigeria Hair Salons,MIDEDREADS SALON,,+234 906 670 8063,"17 Davies Cres, Igbogbo Rd",4.8,78,Unknown,https://www.google.com/maps/place/MIDEDREADS+SALON/data=!4m7!3m6!1s0x103b94759a725933:0x6e0ba69ff599f1b0!8m2!3d6.6004048!4d3.4943046!16s%2Fg%2F11c1ww5xb_!19sChIJM1lymnWUOxARsPGZ9Z-mC24?authuser=0&hl=en&rclk=1,63,Warm,none,no matching own-domain result in top results (checked 2x),Google Maps
Nigeria Hair Salons,Ujinni's Hair Clinique,,+234 802 700 3528,9 Adeyemi Odukomaya St,4.5,97,Unknown,https://www.google.com/maps/place/Ujinni%27s+Hair+Clinique/data=!4m7!3m6!1s0x103b9255459965c3:0xb465bb4316b9693f!8m2!3d6.6133871!4d3.3733867!16s%2Fg%2F11c27csbcz!19sChIJw2WZRVWSOxARP2m5FkO7ZbQ?authuser=0&hl=en&rclk=1,63,Warm,none,no matching own-domain result in top results (checked 2x),Google Maps
Nigeria Hair Salons,B salon unisex hair & beauty salon,,+234 708 112 1830,"2, 4 Adeola Odeku St",4.7,25,Unknown,https://www.google.com/maps/place/B+salon+unisex+hair+%26+beauty+salon/data=!4m7!3m6!1s0x103b8bccc7ed45fb:0xf7fe3f484f7ecc46!8m2!3d6.4296783!4d3.4094699!16s%2Fg%2F11t6t_22_d!19sChIJ-0Xtx8yLOxARRsx-T0g__vc?authuser=0&hl=en&rclk=1,63,Warm,none,no matching own-domain result in top results (checked 2x),Google Maps
Nigeria Hair Salons,Fadi Hair Saloon for Men,,+234 802 212 5500,231 Muri Okunola St,4.8,78,Unknown,https://www.google.com/maps/place/Fadi+Hair+Saloon+for+Men/data=!4m7!3m6!1s0x103bf52d6783347b:0x1be315a0bde24bc2!8m2!3d6.4324551!4d3.4371205!16s%2Fg%2F11gc8gvhjv!19sChIJezSDZy31OxARwkvivaAV4xs?authuser=0&hl=en&rclk=1,63,Warm,none,no matching own-domain result in top results (checked 2x),Google Maps
Nigeria Hair Salons,A107 Unisex Salon,,+234 806 148 2804,16 Adeola Hopewell St,4.9,71,Unknown,https://www.google.com/maps/place/A107+Unisex+Salon/data=!4m7!3m6!1s0x103bf5ee7221423b:0x4cb7251d08daa8ff!8m2!3d6.4338812!4d3.4296643!16s%2Fg%2F11tp955xqv!19sChIJO0Ihcu71OxAR_6jaCB0lt0w?authuser=0&hl=en&rclk=1,63,Warm,none,no matching own-domain result in top results (checked 2x),Google Maps
Nigeria Hair Salons,D Precious Touch Hair and Beauty Salon,,+234 703 289 2126,"Agungi, 13, Agungi Ajiran Road lekki, 2 Lekki - Epe Expy",5.0,22,Unknown,https://www.google.com/maps/place/D+Precious+Touch+Hair+and+Beauty+Salon/data=!4m7!3m6!1s0x103bf7c30d230021:0x7260cfd435ab6812!8m2!3d6.441287!4d3.5161034!16s%2Fg%2F11htn1fyr6!19sChIJIQAjDcP3OxAREmirNdTPYHI?authuser=0&hl=en&rclk=1,63,Warm,none,search failed: ConnectError: ConnectError('error sending request for url (https://www.startpage.com/) > client error (Connect) > tcp connect error > Connection refused (os error 111)') (checked 2x),Google Maps
Nigeria Hair Salons,Hair force beauty salons... Abuja Near by,,+234 803 303 5941,5 Lobito Cres,5.0,69,Unknown,https://www.google.com/maps/place/Hair+force+beauty+salons...+Abuja+Near+by/data=!4m7!3m6!1s0x104e0b3199d31ed1:0x40d2df781417933e!8m2!3d9.0718608!4d7.4900163!16s%2Fg%2F11l5hbm4tc!19sChIJ0R7TmTELThARPpMXFHjf0kA?authuser=0&hl=en&rclk=1,63,Warm,none,no matching own-domain result in top results (checked 2x),Google Maps
Nigeria Hair Salons,Nakia Beauty Bar| Abuja Salon,,+234 810 783 4886,46 Kumasi Cres,4.8,84,Unknown,https://www.google.com/maps/place/Nakia+Beauty+Bar%7C+Abuja+Salon/data=!4m7!3m6!1s0x104e0b4444bdc041:0xc12098cdbafbea4d!8m2!3d9.08018!4d7.4777169!16s%2Fg%2F11t73j3xnq!19sChIJQcC9REQLThARTer7us2YIME?authuser=0&hl=en&rclk=1,63,Warm,none,no matching own-domain result in top results (checked 2x),Google Maps
Nigeria Hair Salons,Ech Beauty Salon in Abuja,,+234 707 778 6937,"291 Enugu St, off Lagos Crescent",5.0,50,Unknown,https://www.google.com/maps/place/Ech+Beauty+Salon+in+Abuja/data=!4m7!3m6!1s0x104e0b86e68d2a39:0x659a5898806cb8f7!8m2!3d9.0235361!4d7.4879599!16s%2Fg%2F11s5tv1c66!19sChIJOSqN5oYLThAR97hsgJhYmmU?authuser=0&hl=en&rclk=1,63,Warm,none,no matching own-domain result in top results (checked 2x),Google Maps
Nigeria Hair Salons,Uchis Beauty Lounge,,+234 905 551 1127,"1 Moundou St, off Dakala Street",4.6,46,Unknown,https://www.google.com/maps/place/Uchis+Beauty+Lounge/data=!4m7!3m6!1s0x104e0b148afac195:0xeaec2d63a539c703!8m2!3d9.080271!4d7.465471!16s%2Fg%2F11qnhbsc29!19sChIJlcH6ihQLThARA8c5pWMt7Oo?authuser=0&hl=en&rclk=1,63,Warm,none,no matching own-domain result in top results (checked 2x),Google Maps
Nigeria Hair Salons,Zoo Bangs Limited,,+234 806 362 1019,110 Adetokunbo Ademola Cres,4.4,149,No,https://www.google.com/maps/place/Zoo+Bangs+Limited/data=!4m7!3m6!1s0x104e0b7e6699f031:0x6e31609452a53636!8m2!3d9.0733551!4d7.4761021!16s%2Fg%2F11h22jdxbx!19sChIJMfCZZn4LThARNjalUpRgMW4?authuser=0&hl=en&rclk=1,63,Warm,none,no matching own-domain result in top results (checked 2x),Google Maps
Kenya Real Estate,City Boss Realtors,,+254 713 111106,Marcus Garvey,4.7,44,Unknown,https://www.google.com/maps/place/City+Boss+Realtors/data=!4m7!3m6!1s0x182f1142d87615f7:0x46c78a7052bb3168!8m2!3d-1.2970043!4d36.791493!16s%2Fg%2F11sgkymtfy!19sChIJ9xV22EIRLxgRaDG7UnCKx0Y?authuser=0&hl=en&rclk=1,63,Warm,none,no matching own-domain result in top results (checked 2x),Google Maps
Kenya Real Estate,𝐉𝐎𝐂𝐇𝐀𝐎-𝐋𝐈𝐍𝐊𝐒𝐇𝐎𝐌𝐄 (𝐊) 𝐋𝐓𝐃,,+254 736 283088,Off Mikindani-Aldina Rd wema plaza,5.0,53,Unknown,https://www.google.com/maps/place/%F0%9D%90%89%F0%9D%90%8E%F0%9D%90%82%F0%9D%90%87%F0%9D%90%80%F0%9D%90%8E-%F0%9D%90%8B%F0%9D%90%88%F0%9D%90%8D%F0%9D%90%8A%F0%9D%90%92%F0%9D%90%87%F0%9D%90%8E%F0%9D%90%8C%F0%9D%90%84+%28%F0%9D%90%8A%29+%F0%9D%90%8B%F0%9D%90%93%F0%9D%90%83/data=!4m7!3m6!1s0x184073f40dc57f9b:0xa57fee48fec8a360!8m2!3d-4.0048553!4d39.6286904!16s%2Fg%2F11p_7b0pqc!19sChIJm3_FDfRzQBgRYKPI_kjuf6U?authuser=0&hl=en&rclk=1,63,Warm,none,no matching own-domain result in top results (checked 2x),Google Maps
Kenya Real Estate,Reaza Enterprises,,+254 733 417665,,5.0,40,Unknown,https://www.google.com/maps/place/Reaza+Enterprises/data=!4m7!3m6!1s0x1840132e92f019f3:0x5948952e5780eaba!8m2!3d-4.0507256!4d39.6967843!16s%2Fg%2F11rwp_vxk5!19sChIJ8xnwki4TQBgRuuqAVy6VSFk?authuser=0&hl=en&rclk=1,63,Warm,none,no matching own-domain result in top results (checked 2x),Google Maps
Kenya Real Estate,Jambura Homes - Furnished Apartments (AirBnB),,+254 720 137025,"Off Links Road, Near the Beach, Opposite Nyali Center (Mall)",4.9,19,Unknown,https://www.google.com/maps/place/Jambura+Homes+-+Furnished+Apartments+%28AirBnB%29/data=!4m7!3m6!1s0x1840130672c35197:0xa3fc5629c4217fb0!8m2!3d-4.0240535!4d39.7220296!16s%2Fg%2F11ygr9y5n4!19sChIJl1HDcgYTQBgRsH8hxClW_KM?authuser=0&hl=en&rclk=1,63,Warm,link_in_bio,no matching own-domain result in top results (checked 2x),Google Maps
Kenya Real Estate,Favorland Ventures,,+254 759 282987,Shimoni fisheries,3.9,627,Unknown,https://www.google.com/maps/place/Favorland+Ventures/data=!4m7!3m6!1s0x18400dba154618ff:0xc04f923ff59dc0ef!8m2!3d-4.0010215!4d39.7061086!16s%2Fg%2F11h0z2vjd!19sChIJ_xhGFboNQBgR78Cd9T-ST8A?authuser=0&hl=en&rclk=1,63,Warm,none,no matching own-domain result in top results (checked 2x),Google Maps
Kenya Real Estate,Gerchino Homes,,+254 755 955511,,5.0,22,Unknown,https://www.google.com/maps/place/Gerchino+Homes/data=!4m7!3m6!1s0xae6db545dd8a7477:0xaca5bf608181f70a!8m2!3d-4.0251308!4d39.6959939!16s%2Fg%2F11lyrxw_n_!19sChIJd3SK3UW1ba4RCveBgWC_paw?authuser=0&hl=en&rclk=1,63,Warm,none,no matching own-domain result in top results (checked 2x),Google Maps
Kenya Real Estate,Beach Road Apartments,,+254 722 784692,"XM7X+HJJ, Off Beach Rd",4.3,228,No,https://www.google.com/maps/place/Beach+Road+Apartments/data=!4m7!3m6!1s0x1840127ce82e3045:0x860c60a9a3dd5679!8m2!3d-4.0331724!4d39.6965034!16s%2Fg%2F11f2y493h4!19sChIJRTAu6HwSQBgReVbdo6lgDIY?authuser=0&hl=en&rclk=1,63,Warm,none,no matching own-domain result in top results (checked 2x),Google Maps
Kenya Real Estate,NOLCARE AIRBnB KISUMU,,+254 708 662095,NHC apartments,5.0,25,Unknown,https://www.google.com/maps/place/NOLCARE+AIRBnB+KISUMU/data=!4m7!3m6!1s0x182aa57ce11364d3:0xeec1c73d764b38c0!8m2!3d-0.0737018!4d34.772977!16s%2Fg%2F11yj0syk4y!19sChIJ02QT4XylKhgRwDhLdj3Hwe4?authuser=0&hl=en&rclk=1,63,Warm,none,no matching own-domain result in top results (checked 2x),Google Maps
Kenya Real Estate,QORA Homes,,+254 791 586758,"NHC Apartments, off kakamega road",5.0,27,Unknown,https://www.google.com/maps/place/QORA+Homes/data=!4m7!3m6!1s0x17803dca4810ea63:0x78e85aed20276961!8m2!3d-0.0738713!4d34.7729785!16s%2Fg%2F11y4qlz61b!19sChIJY-oQSMo9gBcRYWknIO1a6Hg?authuser=0&hl=en&rclk=1,63,Warm,none,no matching own-domain result in top results (checked 2x),Google Maps
Bangalore Dental Clinics,Lathika Dental Clinic,,+91 80 2526 4149,"584, 6th Cross Road, 10th Main Road, New Thippasandra, HAL 3rd Stage, near Miranda School",4.7,56,No,https://www.google.com/maps/place/Lathika+Dental+Clinic/data=!4m7!3m6!1s0x3bae1401cb6c0aa7:0xfaa0175b4071c32!8m2!3d12.9693293!4d77.6507514!16s%2Fg%2F1wb8s42r!19sChIJpwpsywEUrjsRMhwHtHUBqg8?authuser=0&hl=en&rclk=1,58,Warm,none,no matching own-domain result in top results (checked 2x),Google Maps
Bangalore Dental Clinics,Shree Vinayaka Dental & Health Care Centre,,+91 80 2528 9937,"XJHQ+2P6, 9th A Main Rd",4.5,40,No,https://www.google.com/maps/place/Shree+Vinayaka+Dental+%26+Health+Care+Centre/data=!4m7!3m6!1s0x3bae16a454c75a61:0x9ef75f357922dc4b!8m2!3d12.9775473!4d77.6392687!16s%2Fg%2F1pty8zhyv!19sChIJYVrHVKQWrjsRS9wieTVf954?authuser=0&hl=en&rclk=1,58,Warm,none,no matching own-domain result in top results (checked 2x),Google Maps
Bangalore Dental Clinics,Denticare,,+91 94480 24457,"19, Paramahansa Yogananda Rd",5.0,41,No,https://www.google.com/maps/place/Denticare/data=!4m7!3m6!1s0x3bae16a153b1df53:0x93366456731087b9!8m2!3d12.9736929!4d77.6359282!16s%2Fg%2F1z44qthkj!19sChIJU9-xU6EWrjsRuYcQc1ZkNpM?authuser=0&hl=en&rclk=1,58,Warm,none,no matching own-domain result in top results (checked 2x),Google Maps
Bangalore Dental Clinics,Dr. Gangadhara’s Dental Surgery,,+91 80503 53544,"No 8, Church Street, Road, opposite Adhunik Alpine, next to Murthal Paratha Co",4.2,22,Unknown,https://www.google.com/maps/place/Dr.+Gangadhara%E2%80%99s+Dental+Surgery/data=!4m7!3m6!1s0x3bae0dfe9c1f02a9:0x4f2475b9e0d5560f!8m2!3d12.9710387!4d77.7506236!16s%2Fg%2F1tf46l9k!19sChIJqQIfnP4NrjsRD1bV4Ll1JE8?authuser=0&hl=en&rclk=1,58,Warm,none,no matching own-domain result in top results (checked 2x),Google Maps
Coorg/Wayanad/Ooty Resorts,Kanva Star Resorts,,+91 98450 28063,,3.8,2402,No,https://www.google.com/maps/place/Kanva+Star+Resorts/data=!4m10!3m9!1s0x3bae6ae1d01d2223:0x121532aa278203fc!5m2!4m1!1i2!8m2!3d12.8515009!4d77.6058727!16s%2Fg%2F1thkq3xh!19sChIJIyId0OFqrjsR_AOCJ6oyFRI?authuser=0&hl=en&rclk=1,58,Warm,none,no matching own-domain result in top results (checked 2x),Google Maps
Coorg/Wayanad/Ooty Resorts,Euro Valley Homestay,,+91 94485 04653,,4.4,84,Unknown,https://www.google.com/maps/place/Euro+Valley+Homestay/data=!4m10!3m9!1s0x3ba4fff71401a5db:0x7ee5497fc61dede!5m2!4m1!1i2!8m2!3d12.42509!4d75.70045!16s%2Fg%2F11b7q8j6jz!19sChIJ26UBFPf_pDsR3t5h_JdU7gc?authuser=0&hl=en&rclk=1,58,Warm,none,no matching own-domain result in top results (checked 2x),Google Maps
Coorg/Wayanad/Ooty Resorts,Hill view home stay,,+91 70261 92435,,4.4,34,Unknown,https://www.google.com/maps/place/Hill+view+home+stay/data=!4m10!3m9!1s0x3ba5007a6b8a3ed7:0x96d3c96378b7b75b!5m2!4m1!1i2!8m2!3d12.4310538!4d75.7498295!16s%2Fg%2F11dzzztlsm!19sChIJ1z6Ka3oApTsRW7e3eGPJ05Y?authuser=0&hl=en&rclk=1,58,Warm,none,no matching own-domain result in top results (checked 2x),Google Maps
Coorg/Wayanad/Ooty Resorts,Roshan Homestay,,+91 94838 26003,,4.4,42,Unknown,https://www.google.com/maps/place/Roshan+Homestay/data=!4m10!3m9!1s0x3ba5007833984afb:0xc58e183d136f83ac!5m2!4m1!1i2!8m2!3d12.4265151!4d75.7497866!16s%2Fg%2F1q62jk1s1!19sChIJ-0qYM3gApTsRrINvEz0YjsU?authuser=0&hl=en&rclk=1,58,Warm,none,no matching own-domain result in top results (checked 2x),Google Maps
Coorg/Wayanad/Ooty Resorts,J R Mist Valley Inn,,+91 99651 04600,,3.4,185,Unknown,https://www.google.com/maps/place/J+R+Mist+Valley+Inn/data=!4m10!3m9!1s0x3ba8bdbbfeacf08b:0x3ba4a89ff8eb41b6!5m2!4m1!1i2!8m2!3d11.4294593!4d76.7044388!16s%2Fg%2F11c59s4421!19sChIJi_Cs_ru9qDsRtkHr-J-opDs?authuser=0&hl=en&rclk=1,58,Warm,none,no matching own-domain result in top results (checked 2x),Google Maps
Coorg/Wayanad/Ooty Resorts,Jevis Daffodils rooms and cottage,,+91 97869 70446,,4.2,83,Unknown,https://www.google.com/maps/place/Jevis+Daffodils+rooms+and+cottage/data=!4m10!3m9!1s0x3ba8bd506b9a31f7:0x2feb55a2c9b48861!5m2!4m1!1i2!8m2!3d11.4034002!4d76.7046777!16s%2Fg%2F11frnhkxqf!19sChIJ9zGaa1C9qDsRYYi0yaJV6y8?authuser=0&hl=en&rclk=1,58,Warm,none,no matching own-domain result in top results (checked 2x),Google Maps
Gulf Restaurants,Cafe Naseem,,+971 6 714 5582,Sheikh Humaid Bin Rashid Al Nuaimi Al Nakheel district,4.2,43,Unknown,https://www.google.com/maps/place/Cafe+Naseem/data=!4m7!3m6!1s0x3e5f57741c876485:0xcd37f9a2d5ca4e7d!8m2!3d25.4227837!4d55.4421863!16s%2Fg%2F11clwjdkrv!19sChIJhWSHHHRXXz4RfU7K1aL5N80?authuser=0&hl=en&rclk=1,58,Warm,none,no matching own-domain result in top results (checked 2x),Google Maps
Gulf Restaurants,Cusina Restaurant Jeddah,,+966 55 666 8023,"إبداع المنسوجات, Al Makarunah Rd",4.4,89,Unknown,https://www.google.com/maps/place/Cusina+Restaurant+Jeddah/data=!4m7!3m6!1s0x15c3d13626bf3339:0x12be934306072f81!8m2!3d21.5757875!4d39.1894531!16s%2Fg%2F11wvmy2x6z!19sChIJOTO_JjbRwxURgS8HBkOTvhI?authuser=0&hl=en&rclk=1,58,Warm,none,no matching own-domain result in top results (checked 2x),Google Maps
SA/Kenya/UAE Hotels,Craftsmanship By Design,,+27 78 721 9060,,4.3,71,Unknown,https://www.google.com/maps/place/Craftsmanship+By+Design/data=!4m10!3m9!1s0x1e950e85e6365ecf:0x72d567d4890710fe!5m2!4m1!1i2!8m2!3d-26.2050835!4d28.058961!16s%2Fg%2F11j8k8zkyc!19sChIJz1425oUOlR4R_hAHidRn1XI?authuser=0&hl=en&rclk=1,58,Warm,none,no matching own-domain result in top results (checked 2x),Google Maps
SA/Kenya/UAE Hotels,Hotel Metro Lodge Marine Parade,,+27 62 563 4016,Straightforward lodging near the beach,4.2,85,Unknown,https://www.google.com/maps/place/Hotel+Metro+Lodge+Marine+Parade/data=!4m10!3m9!1s0x1ef7a9c83c786047:0x2f0648a38678a171!5m2!4m1!1i2!8m2!3d-29.85574!4d31.038186!16s%2Fg%2F11ghtnd_ph!19sChIJR2B4PMip9x4RcaF4hqNIBi8?authuser=0&hl=en&rclk=1,58,Warm,none,no matching own-domain result in top results (checked 2x),Google Maps
SA/Kenya/UAE Hotels,Nantucket Guest House in Hermanus,,+27 82 779 1716,,4.3,89,Unknown,https://www.google.com/maps/place/Nantucket+Guest+House+in+Hermanus/data=!4m10!3m9!1s0x1dce097af9b8edef:0x175d80294845165c!5m2!4m1!1i2!8m2!3d-34.407867!4d19.292926!16s%2Fg%2F11b6dywxl2!19sChIJ7-24-XoJzh0RXBZFSCmAXRc?authuser=0&hl=en&rclk=1,58,Warm,none,no matching own-domain result in top results (checked 2x),Google Maps
SA/Kenya/UAE Hotels,Akogo House. (Hostel and Backpackers),,+254 718 909559,,3.8,105,No,https://www.google.com/maps/place/Akogo+House.+%28Hostel+and+Backpackers%29/data=!4m10!3m9!1s0x1840135da63ad275:0x9d44b7e8287f99f8!5m2!4m1!1i2!8m2!3d-4.0318407!4d39.7037422!16s%2Fg%2F11g0tfp_4_!19sChIJddI6pl0TQBgR-Jl_KOi3RJ0?authuser=0&hl=en&rclk=1,58,Warm,none,no matching own-domain result in top results (checked 2x),Google Maps
SA/Kenya/UAE Hotels,6 park retreat,,+254 722 860118,,4.3,95,Unknown,https://www.google.com/maps/place/6+park+retreat/data=!4m10!3m9!1s0x18400992dc0771bd:0x641808009d2c8a96!5m2!4m1!1i2!8m2!3d-3.9520148!4d39.7473233!16s%2Fg%2F11p5gkkh1y!19sChIJvXEH3JIJQBgRloosnQAIGGQ?authuser=0&hl=en&rclk=1,58,Warm,none,no matching own-domain result in top results (checked 2x),Google Maps
SA/Kenya/UAE Hotels,Regency INN Tudor,,+254 712 304704,,4.0,50,Unknown,https://www.google.com/maps/place/Regency+INN+Tudor/data=!4m10!3m9!1s0x184013f98930e7a5:0x9d8f07491f0f9ed7!5m2!4m1!1i2!8m2!3d-4.0356921!4d39.6625231!16s%2Fg%2F11h2d7krqp!19sChIJpecwifkTQBgR154PH0kHj50?authuser=0&hl=en&rclk=1,58,Warm,none,no matching own-domain result in top results (checked 2x),Google Maps
SA/Kenya/UAE Hotels,Noma Stays Nyali,,+254 736 189153,,4.2,90,Unknown,https://www.google.com/maps/place/Noma+Stays+Nyali/data=!4m10!3m9!1s0x184013d24d942f4f:0xff4b2d836e51769c!5m2!4m1!1i2!8m2!3d-4.0338484!4d39.7145046!16s%2Fg%2F11kq0tfmqs!19sChIJTy-UTdITQBgRnHZRboMtS_8?authuser=0&hl=en&rclk=1,58,Warm,none,no matching own-domain result in top results (checked 2x),Google Maps
Nigeria Hair Salons,ignite beauty & luxury salon,,+234 814 547 6494,"16 Oyekan Rd, off Ogunlana Drive",4.3,24,Unknown,https://www.google.com/maps/place/ignite+beauty+%26+luxury+salon/data=!4m7!3m6!1s0x103b8de9a9817083:0x495668201caacff1!8m2!3d6.5050189!4d3.3524681!16s%2Fg%2F11h3v8snpd!19sChIJg3CBqemNOxAR8c-qHCBoVkk?authuser=0&hl=en&rclk=1,58,Warm,none,no matching own-domain result in top results (checked 2x),Google Maps
Nigeria Hair Salons,Atmosphair Salon And Spa,,+234 808 661 0855,"147B Ogunlana Drive, Alh. Masha Rd, beside GTbank",4.2,74,Unknown,https://www.google.com/maps/place/Atmosphair+Salon+And+Spa/data=!4m7!3m6!1s0x103b8c14b0bbae49:0x1479fec6c73c4d07!8m2!3d6.5017321!4d3.3514584!16s%2Fg%2F11c5szyzgx!19sChIJSa67sBSMOxARB008x8b-eRQ?authuser=0&hl=en&rclk=1,58,Warm,none,no matching own-domain result in top results (checked 2x),Google Maps
Nigeria Hair Salons,Next Barbing & Beauty Salon,,+234 803 329 4940,44 Fola Osibo Rd,4.2,94,Unknown,https://www.google.com/maps/place/Next+Barbing+%26+Beauty+Salon/data=!4m7!3m6!1s0x103bf45275e901f5:0x53999e8a50bb9ea5!8m2!3d6.4424295!4d3.4707895!16s%2Fg%2F11gd9p21bf!19sChIJ9QHpdVL0OxARpZ67UIqemVM?authuser=0&hl=en&rclk=1,58,Warm,none,no matching own-domain result in top results (checked 2x),Google Maps
Nigeria Hair Salons,HAIRCENTRIC SALON N SPA,,+234 817 459 3245,"Plot 17, Block 142, Olowo-Eko Close, Jose Maria Escriva Estate",4.4,28,Unknown,https://www.google.com/maps/place/HAIRCENTRIC+SALON+N+SPA/data=!4m7!3m6!1s0x103bf500163366fd:0x31bb6e111e71a9c0!8m2!3d6.4262491!4d3.4797938!16s%2Fg%2F11gy1fwhsx!19sChIJ_WYzFgD1OxARwKlxHhFuuzE?authuser=0&hl=en&rclk=1,58,Warm,none,no matching own-domain result in top results (checked 2x),Google Maps
Nigeria Hair Salons,Clippherz Barbershop | Barbing Salon,,+234 802 988 9656,5 University Road Akoka,4.4,95,Unknown,https://www.google.com/maps/place/Clippherz+Barbershop+%7C+Barbing+Salon/data=!4m7!3m6!1s0x103b8dfc803f2a31:0xbd55d34cf954c153!8m2!3d6.5171668!4d3.3818061!16s%2Fg%2F11h55nv0qr!19sChIJMSo_gPyNOxARU8FU-UzTVb0?authuser=0&hl=en&rclk=1,58,Warm,none,no matching own-domain result in top results (checked 2x),Google Maps
Nigeria Hair Salons,Seasons Hair & Beauty Studio,,+234 814 000 0104,"SEASONS SALON, 4 Prince Alaba Abiodun Oniru Rd, Oniru Rd",4.3,27,Unknown,https://www.google.com/maps/place/Seasons+Hair+%26+Beauty+Studio/data=!4m7!3m6!1s0x103bf5194edc7fff:0x22489e65fb865417!8m2!3d6.4327485!4d3.4431152!16s%2Fg%2F11byyk85db!19sChIJ_3_cThn1OxARF1SG-2WeSCI?authuser=0&hl=en&rclk=1,58,Warm,none,no matching own-domain result in top results (checked 2x),Google Maps
Kenya Real Estate,Real Homes Kenya,,+254 795 475465,"Rattansi educational trust Koinange Street, Monrovia St",4.4,21,Unknown,https://www.google.com/maps/place/Real+Homes+Kenya/data=!4m7!3m6!1s0x182f10d7fdff7295:0x9c965f67322e0a40!8m2!3d-1.2815857!4d36.817976!16s%2Fg%2F11f15jxdrh!19sChIJlXL__dcQLxgRQAouMmdflpw?authuser=0&hl=en&rclk=1,58,Warm,none,no matching own-domain result in top results (checked 2x),Google Maps
Kenya Real Estate,Bamburi Parkside Estate Kenya Project,,+254 723 099457,Along Jcc Road,4.3,86,Unknown,https://www.google.com/maps/place/Bamburi+Parkside+Estate+Kenya+Project/data=!4m7!3m6!1s0x18400df541ec8973:0x4644ccff1425f339!8m2!3d-3.9952096!4d39.7145616!16s%2Fg%2F11f7671g7g!19sChIJc4nsQfUNQBgROfMlFP_MREY?authuser=0&hl=en&rclk=1,58,Warm,none,no matching own-domain result in top results (checked 2x),Google Maps
Kenya Real Estate,Salyanis Properties,,+254 722 513590,"Majengo Nkurumah Rd, Kaunda Ave Kader Bouy Building Mvita",4.5,2,Unknown,https://www.google.com/maps/place/Salyanis+Properties/data=!4m7!3m6!1s0x1840131f2ec57a87:0xe351ee39d9af3a03!8m2!3d-4.0633784!4d39.6746848!16s%2Fg%2F11g_nsb18!19sChIJh3rFLh8TQBgRAzqv2TnuUeM?authuser=0&hl=en&rclk=1,58,Warm,social_media,no matching own-domain result in top results (checked 2x),Google Maps
Kenya Real Estate,Zeddy Real Estates,,+254 703 287361,Oginga Odinga Rd,5.0,4,Unknown,https://www.google.com/maps/place/Zeddy+Real+Estates/data=!4m7!3m6!1s0x182aa569723b82c7:0x673e55ebf93d6c42!8m2!3d-0.1050902!4d34.7558348!16s%2Fg%2F11z2x6k6jh!19sChIJx4I7cmmlKhgRQmw9-etVPmc?authuser=0&hl=en&rclk=1,58,Warm,social_media,no matching own-domain result in top results (checked 2x),Google Maps
Kenya Real Estate,Vacant Houses And Plots In Kisumu,,+254 710 243450,Opposite Joventure Hotel,5.0,3,Unknown,https://www.google.com/maps/place/Vacant+Houses+And+Plots+In+Kisumu/data=!4m7!3m6!1s0x182aa3c8503fe0e9:0x226f7f45acf18a0d!8m2!3d-0.0812318!4d34.7807248!16s%2Fg%2F11tdf6fgr6!19sChIJ6eA_UMijKhgRDYrxrEV_byI?authuser=0&hl=en&rclk=1,58,Warm,social_media,no matching own-domain result in top results (checked 2x),Google Maps
Kenya Real Estate,Translakes Estate,,+254 706 328086,,3.9,113,No,https://www.google.com/maps/place/Translakes+Estate/data=!4m7!3m6!1s0x182aa3eb4dc0f64b:0xb119ec0894b49e54!8m2!3d-0.0756469!4d34.7908651!16s%2Fg%2F1z44r3ffg!19sChIJS_bATeujKhgRVJ60lAjsGbE?authuser=0&hl=en&rclk=1,58,Warm,none,no matching own-domain result in top results (checked 2x),Google Maps
Coorg/Wayanad/Ooty Resorts,Coorg City Stay,,+91 90353 72475,,3.7,51,Unknown,https://www.google.com/maps/place/Coorg+City+Stay/data=!4m10!3m9!1s0x3ba5000bc1af4a41:0x236dfc17ed92c703!5m2!4m1!1i2!8m2!3d12.4265805!4d75.7326176!16s%2Fg%2F11b73n_1t3!19sChIJQUqvwQsApTsRA8eS7Rf8bSM?authuser=0&hl=en&rclk=1,53,Warm,none,no matching own-domain result in top results (checked 2x),Google Maps
Coorg/Wayanad/Ooty Resorts,Silver Dollar Resorts,,+91 97874 97435,"10/260 Annai Indra Nagar, Ooty Main Road, Coimbatore-Ooty-Gundlupet Hwy",3.9,73,Unknown,https://www.google.com/maps/place/Silver+Dollar+Resorts/data=!4m7!3m6!1s0x3ba895c12fd81361:0x9be3bcc3ba65bf!8m2!3d11.3764038!4d76.7531343!16s%2Fg%2F11c5xfy38_!19sChIJYRPYL8GVqDsRv2W6w7zjmwA?authuser=0&hl=en&rclk=1,53,Warm,none,no matching own-domain result in top results (checked 2x),Google Maps
SA/Kenya/UAE Hotels,Vincent Mabuyakhulu Conference Centre,,+27 11 833 1214,,4.0,40,No,https://www.google.com/maps/place/Vincent+Mabuyakhulu+Conference+Centre/data=!4m10!3m9!1s0x1682641fb3a4549:0xc050fd9244334862!5m2!4m1!1i2!8m2!3d-26.20151!4d28.0341!16s%2Fg%2F11b7fr80xh!19sChIJSUU6-0EmaAERYkgzRJL9UMA?authuser=0&hl=en&rclk=1,53,Warm,none,no matching own-domain result in top results (checked 2x),Google Maps
SA/Kenya/UAE Hotels,Downtown Hotel,,+27 31 337 8396,106 Anton Lembede St,3.1,104,No,https://www.google.com/maps/place/Downtown+Hotel/data=!4m7!3m6!1s0x1ef7a9b5517518b9:0xeaa04307e08b777e!8m2!3d-29.8578718!4d31.0328641!16s%2Fg%2F1pzxnsq5y!19sChIJuRh1UbWp9x4RfneL4AdDoOo?authuser=0&hl=en&rclk=1,53,Warm,none,no matching own-domain result in top results (checked 2x),Google Maps
SA/Kenya/UAE Hotels,Galaxy Guest House Pretoria,,+27 79 667 9170,,3.5,55,Unknown,https://www.google.com/maps/place/Galaxy+Guest+House+Pretoria/data=!4m10!3m9!1s0x1ebfd93df569f8db:0xffa9b1c480f2df11!5m2!4m1!1i2!8m2!3d-25.7050602!4d28.1284698!16s%2Fg%2F11kpdfypvc!19sChIJ2_hp9T3Zvx4REd_ygMSxqf8?authuser=0&hl=en&rclk=1,53,Warm,none,no matching own-domain result in top results (checked 2x),Google Maps
SA/Kenya/UAE Hotels,Athina Beach House,,+254 711 935178,,4.4,41,No,https://www.google.com/maps/place/Athina+Beach+House/data=!4m10!3m9!1s0x18401208ddef00e5:0xfce74410319deb2d!5m2!4m1!1i2!8m2!3d-4.0279039!4d39.7216004!16s%2Fg%2F11dxkw90vf!19sChIJ5QDv3QgSQBgRLeudMRBE5_w?authuser=0&hl=en&rclk=1,53,Warm,none,no matching own-domain result in top results (checked 2x),Google Maps
Kenya Real Estate,Home for Sale,,+254 722 857831,WMMH+5FF,5.0,1,No,https://www.google.com/maps/place/Home+for+Sale/data=!4m7!3m6!1s0x184013f8b009bb35:0x660729d1c2a79de!8m2!3d-4.0670628!4d39.6786743!16s%2Fg%2F11gjn4gxgl!19sChIJNbsJsPgTQBgR3nkqHJ1yYAY?authuser=0&hl=en&rclk=1,53,Warm,social_media,no matching own-domain result in top results (checked 2x),Google Maps
Kenya Real Estate,"Philip's House, Polyview Estate Kisumu",,+254 721 931253,VQXC+JPH,4.0,37,No,"https://www.google.com/maps/place/Philip%27s+House,+Polyview+Estate+Kisumu/data=!4m7!3m6!1s0x182aa49d199d8461:0xd4fd81b52a69ab3f!8m2!3d-0.1009438!4d34.771873!16s%2Fg%2F11f0_bm115!19sChIJYYSdGZ2kKhgRP6tpKrWB_dQ?authuser=0&hl=en&rclk=1",53,Warm,none,no matching own-domain result in top results (checked 2x),Google Maps
Kenya Real Estate,Kanyakwar Housing Project,,+254 710 278479,"WQGC+XXC, Pamba Road",4.2,30,No,https://www.google.com/maps/place/Kanyakwar+Housing+Project/data=!4m7!3m6!1s0x182aa4098c170ec5:0x9579ad5cb10c1684!8m2!3d-0.0725647!4d34.7724034!16s%2Fg%2F11bbt7lcv7!19sChIJxQ4XjAmkKhgRhBYMsVyteZU?authuser=0&hl=en&rclk=1,53,Warm,none,no matching own-domain result in top results (checked 2x),Google Maps
Bangalore Dental Clinics,MF Dental Clinic,,+91 98861 33440,"27/1, Haines Rd, next to SS Function Hall",5.0,8,Unknown,https://www.google.com/maps/place/MF+Dental+Clinic/data=!4m7!3m6!1s0x3bae17ea3f9ddfa7:0xada2901c72def15d!8m2!3d12.9926543!4d77.6070484!16s%2Fg%2F11npyj89zj!19sChIJp9-dP-oXrjsRXfHechyQoq0?authuser=0&hl=en&rclk=1,48,Warm,none,no comparable tokens in name,Google Maps
Bangalore Dental Clinics,Renuka Dental Clinic,,+91 80 2525 8968,"6, 17th F Cross Road",3.8,24,No,https://www.google.com/maps/place/Renuka+Dental+Clinic/data=!4m7!3m6!1s0x3bae16bcd5e25085:0x1e027770d99d3087!8m2!3d12.9784023!4d77.6330659!16s%2Fg%2F1tf73znw!19sChIJhVDi1bwWrjsRhzCd2XB3Ah4?authuser=0&hl=en&rclk=1,48,Warm,none,no matching own-domain result in top results (checked 2x),Google Maps
Bangalore Dental Clinics,Dr. Sachin's dental clinic and implant center | Dental clinic in Whitefield | Dentist in Whitefield,,+91 88614 46589,"25/2, 25/2, Immadihalli Main Rd, near cauvery bakery",5.0,8,Unknown,https://www.google.com/maps/place/Dr.+Sachin%27s+dental+clinic+and+implant+center+%7C+Dental+clinic+in+Whitefield+%7C+Dentist+in+Whitefield/data=!4m7!3m6!1s0x3bae0d4c46113dbb:0xef526d34f5e3902d!8m2!3d12.9670426!4d77.7598178!16s%2Fg%2F11pbjty8yl!19sChIJuz0RRkwNrjsRLZDj9TRtUu8?authuser=0&hl=en&rclk=1,48,Warm,none,search failed: Request timed out: ConnectTimeout('timed out') (checked 2x),Google Maps
Bangalore Dental Clinics,T32 Dental Care,,+91 98864 44266,"Dental Care, T32, Hagadur Main Rd, opp. Rama Temple",4.8,13,Unknown,https://www.google.com/maps/place/T32+Dental+Care/data=!4m7!3m6!1s0x3bae0dfb4dcb144b:0x6202012240a8123a!8m2!3d12.9684313!4d77.7563883!16s%2Fg%2F11bwk___w5!19sChIJSxTLTfsNrjsROhKoQCIBAmI?authuser=0&hl=en&rclk=1,48,Warm,none,no matching own-domain result in top results (checked 2x),Google Maps
Bangalore Dental Clinics,"Dr.Vidya Kishore, Handent dental clinic",,+91 99800 48828,"ground floor, 319/A, 17th D Main Rd, near Apollo cradle and road, opp. to Dhanalakshmi bank",4.8,16,Unknown,"https://www.google.com/maps/place/Dr.Vidya+Kishore,+Handent+dental+clinic/data=!4m7!3m6!1s0x3bae145ce691e977:0xbc89bf20f7994e61!8m2!3d12.9361566!4d77.6203717!16s%2Fg%2F11c5wm1nf_!19sChIJd-mR5lwUrjsRYU6Z9yC_ibw?authuser=0&hl=en&rclk=1",48,Warm,none,no matching own-domain result in top results (checked 2x),Google Maps
Coorg/Wayanad/Ooty Resorts,White House Villa Madikeri,,+91 78927 69210,,4.9,11,Unknown,https://www.google.com/maps/place/White+House+Villa+Madikeri/data=!4m10!3m9!1s0x3ba501a994ed8371:0x3ce444194571ac1f!5m2!4m1!1i2!8m2!3d12.4279671!4d75.7206641!16s%2Fg%2F11y8kqs03h!19sChIJcYPtlKkBpTsRH6xxRRlE5Dw?authuser=0&hl=en&rclk=1,48,Warm,none,no matching own-domain result in top results (checked 2x),Google Maps
Coorg/Wayanad/Ooty Resorts,Amma Holidays inn,,+91 94817 72856,,3.6,61,No,https://www.google.com/maps/place/Amma+Holidays+inn/data=!4m10!3m9!1s0x3ba5007215ef8961:0xc6fd22630a999bab!5m2!4m1!1i2!8m2!3d12.433218!4d75.7417294!16s%2Fg%2F11b7j3xtfx!19sChIJYYnvFXIApTsRq5uZCmMi_cY?authuser=0&hl=en&rclk=1,48,Warm,none,no matching own-domain result in top results (checked 2x),Google Maps
SA/Kenya/UAE Hotels,Queen Guest House,,+27 65 638 6186,,4.5,14,Unknown,https://www.google.com/maps/place/Queen+Guest+House/data=!4m10!3m9!1s0x1e957dd4c77e41a9:0xa61054b119cf6ddd!5m2!4m1!1i2!8m2!3d-25.7612331!4d28.1096334!16s%2Fg%2F11xn42jt_9!19sChIJqUF-x9R9lR4R3W3PGbFUEKY?authuser=0&hl=en&rclk=1,48,Warm,none,no matching own-domain result in top results (checked 2x),Google Maps
SA/Kenya/UAE Hotels,Josleejim Hotel Ltd,,+254 20 2038814,,3.4,46,Unknown,https://www.google.com/maps/place/Josleejim+Hotel+Ltd/data=!4m10!3m9!1s0x184012df2aefeceb:0x81234fd3c80cc81b!5m2!4m1!1i2!8m2!3d-4.0573673!4d39.6675087!16s%2Fg%2F1tgkr0v2!19sChIJ6-zvKt8SQBgRG8gMyNNPI4E?authuser=0&hl=en&rclk=1,48,Warm,none,no matching own-domain result in top results (checked 2x),Google Maps
SA/Kenya/UAE Hotels,Pango Guest House,,+254 720 559448,,3.8,40,No,https://www.google.com/maps/place/Pango+Guest+House/data=!4m10!3m9!1s0x18406d7d6357c357:0x18ba665bae7a52fe!5m2!4m1!1i2!8m2!3d-4.0307814!4d39.6186517!16s%2Fg%2F11c58v40d4!19sChIJV8NXY31tQBgR_lJ6rltmuhg?authuser=0&hl=en&rclk=1,48,Warm,none,no matching own-domain result in top results (checked 2x),Google Maps
Nigeria Hair Salons,Black Hair Studio,,+234 703 875 5729,93 Allen Ave,4.8,15,Unknown,https://www.google.com/maps/place/Black+Hair+Studio/data=!4m7!3m6!1s0x103b9345796caefb:0x5cf59c57139f43d2!8m2!3d6.6046363!4d3.3501278!16s%2Fg%2F11h1yg4qb7!19sChIJ-65seUWTOxAR0kOfE1ec9Vw?authuser=0&hl=en&rclk=1,48,Warm,none,no matching own-domain result in top results (checked 2x),Google Maps
Nigeria Hair Salons,"Place of Delight Healthy Hair Salon for Women, Men and Children of all Ages",,+234 811 111 2648,"43B, Bode Thomas, Eko Club Cl",4.6,11,Unknown,"https://www.google.com/maps/place/Place+of+Delight+Healthy+Hair+Salon+for+Women,+Men+and+Children+of+all+Ages/data=!4m7!3m6!1s0x103b8d4fc844ab77:0x35134eb4b5bb7fa4!8m2!3d6.4902328!4d3.3535869!16s%2Fg%2F11jh__j9ft!19sChIJd6tEyE-NOxARpH-7tbROEzU?authuser=0&hl=en&rclk=1",48,Warm,none,no matching own-domain result in top results (checked 2x),Google Maps
Nigeria Hair Salons,Mr Tee Salon & Spa,,+234 702 505 0084,"58 Aina Street, Ojodu",4.7,18,Unknown,https://www.google.com/maps/place/Mr+Tee+Salon+%26+Spa/data=!4m7!3m6!1s0x103b93f453c38315:0x6a029006e0617e1d!8m2!3d6.6447642!4d3.3654735!16s%2Fg%2F11s0vd563r!19sChIJFYPDU_STOxARHX5h4AaQAmo?authuser=0&hl=en&rclk=1,48,Warm,none,no matching own-domain result in top results (checked 2x),Google Maps
Kenya Real Estate,Realtor Abu,,+254 742 725533,Posta,5.0,9,Unknown,https://www.google.com/maps/place/Realtor+Abu/data=!4m7!3m6!1s0x184009df5ac8078b:0x6a437663a0a2bf9a!8m2!3d-3.9514978!4d39.7454327!16s%2Fg%2F11zh63gsbr!19sChIJiwfIWt8JQBgRmr-ioGN2Q2o?authuser=0&hl=en&rclk=1,48,Warm,none,no matching own-domain result in top results (checked 2x),Google Maps
Kenya Real Estate,Home Kwetu Accommodation; Kongoni Place,,+254 741 987666,Home Kwetu Accommodation; Kongoni Place,4.6,14,Unknown,https://www.google.com/maps/place/Home+Kwetu+Accommodation;+Kongoni+Place/data=!4m7!3m6!1s0x18401395d79b609d:0x2bcb827b6b8ddc25!8m2!3d-4.0520596!4d39.6869962!16s%2Fg%2F11qqqsm2my!19sChIJnWCb15UTQBgRJdyNa3uCyys?authuser=0&hl=en&rclk=1,48,Warm,none,no matching own-domain result in top results (checked 2x),Google Maps
Kenya Real Estate,Lily nyasembo's Airbnb,,+254 724 744428,"kika hotel, Aga Khan Rd",4.8,12,Unknown,https://www.google.com/maps/place/Lily+nyasembo%27s+Airbnb/data=!4m7!3m6!1s0x182aa58ac0b5c957:0x666e3b3241a0e6a0!8m2!3d-0.1128054!4d34.7628644!16s%2Fg%2F11yhtwrrsf!19sChIJV8m1wIqlKhgRoOagQTI7bmY?authuser=0&hl=en&rclk=1,48,Warm,none,no matching own-domain result in top results (checked 2x),Google Maps
Kenya Real Estate,STAR COMPLEX,,+254 722 840975,Ramogi Rd,5.0,5,Unknown,https://www.google.com/maps/place/STAR+COMPLEX/data=!4m7!3m6!1s0x182aa5426fdac8f3:0x5f39c019a2d613e4!8m2!3d-0.0991664!4d34.7683923!16s%2Fg%2F11q8tjwz_v!19sChIJ88jab0KlKhgR5BPWohnAOV8?authuser=0&hl=en&rclk=1,48,Warm,none,no matching own-domain result in top results (checked 2x),Google Maps
Bangalore Dental Clinics,Mascot Speciality Dental Clinic,,+91 93419 51009,"182, Paramahansa Yogananda Rd",4.8,10,No,https://www.google.com/maps/place/Mascot+Speciality+Dental+Clinic/data=!4m7!3m6!1s0x3bae16a470c9744d:0xdf1ea5ddcaa36f81!8m2!3d12.976891!4d77.636815!16s%2Fg%2F1tq4pjt3!19sChIJTXTJcKQWrjsRgW-jyt2lHt8?authuser=0&hl=en&rclk=1,43,Warm,none,no matching own-domain result in top results (checked 2x),Google Maps
Bangalore Dental Clinics,Dento Facial Care,,+91 80 2527 4727,"XJHR+CJ7, Chinmaya Mission Hospital Road, 100 Feet Rd",4.9,14,No,https://www.google.com/maps/place/Dento+Facial+Care/data=!4m7!3m6!1s0x3bae16a57addaba9:0x1935707b702bbf68!8m2!3d12.9785492!4d77.6415476!16s%2Fg%2F1tczyz88!19sChIJqavdeqUWrjsRaL8rcHtwNRk?authuser=0&hl=en&rclk=1,43,Warm,none,no matching own-domain result in top results (checked 2x),Google Maps
Coorg/Wayanad/Ooty Resorts,RIYAN VALLEY RESORT,,+91 88380 57237,"Fun City, 733/31B, Coonoor Rd",4.2,14,Unknown,https://www.google.com/maps/place/RIYAN+VALLEY+RESORT/data=!4m7!3m6!1s0x3ba897eb24bc1021:0xaa0d8e45d562fd68!8m2!3d11.3982141!4d76.7208367!16s%2Fg%2F11z7cs2bsc!19sChIJIRC8JOuXqDsRaP1i1UWODao?authuser=0&hl=en&rclk=1,43,Warm,none,no matching own-domain result in top results (checked 2x),Google Maps
Gulf Restaurants,Madang,,+971 2 575 8185,,0.0,0,Unknown,,43,Warm,social_media,no matching own-domain result in top results (checked 2x),OpenStreetMap
Gulf Restaurants,Massimo's Italian Restaurant,,+971 4 432 4284,B& Park Island دبي,0.0,0,Unknown,,43,Warm,social_media,no matching own-domain result in top results (checked 2x),OpenStreetMap
Gulf Restaurants,AJMAN UAE,,+971 58 214 3227,Al-Khor Towers,4.3,20,Unknown,https://www.google.com/maps/place/Al+Najah+Restaurant+And+Cafeteria+%28OLD+MILANO%29Ajman+UAE/data=!4m7!3m6!1s0x3e5f577246e99143:0x85c536ee7328b3c9!8m2!3d25.4066282!4d55.4353855!16s%2Fg%2F11vm4ngcgs!19sChIJQ5HpRnJXXz4RybMoc-42xYU?authuser=0&hl=en&rclk=1,43,Warm,none,no matching own-domain result in top results (checked 2x),Google Maps
SA/Kenya/UAE Hotels,Popsy's Guesthouse,,+27 84 072 5953,,4.6,10,No,https://www.google.com/maps/place/Popsy%27s+Guesthouse/data=!4m10!3m9!1s0x1e950f9aaeaf19b9:0xd4f513f8f8065e8e!5m2!4m1!1i2!8m2!3d-26.203724!4d28.0559438!16s%2Fg%2F11w3hbpgry!19sChIJuRmvrpoPlR4Rjl4G-PgT9dQ?authuser=0&hl=en&rclk=1,43,Warm,none,no matching own-domain result in top results (checked 2x),Google Maps
SA/Kenya/UAE Hotels,Bet Irene,,+27 823225801,33 Oviston Way,0.0,0,Unknown,,43,Warm,social_media,no matching own-domain result in top results (checked 2x),OpenStreetMap
SA/Kenya/UAE Hotels,The Gregoire,,+27 28 312 4233,,4.5,16,No,https://www.google.com/maps/place/The+Gregoire/data=!4m10!3m9!1s0x1dce0bb1c29f50d1:0x7ecdb5ab9375f24f!5m2!4m1!1i2!8m2!3d-34.413572!4d19.248308!16s%2Fg%2F11cmy7c1hc!19sChIJ0VCfwrELzh0RT_J1k6u1zX4?authuser=0&hl=en&rclk=1,43,Warm,none,no matching own-domain result in top results (checked 2x),Google Maps
SA/Kenya/UAE Hotels,Hermanus Beach House,,+27 84 601 0001,,4.9,8,No,https://www.google.com/maps/place/Hermanus+Beach+House/data=!4m10!3m9!1s0x1dce097d5c05f6c7:0x5f67b9d14d4791c2!5m2!4m1!1i2!8m2!3d-34.4106524!4d19.28363!16s%2Fg%2F1wn7b2lq!19sChIJx_YFXH0Jzh0RwpFHTdG5Z18?authuser=0&hl=en&rclk=1,43,Warm,none,no matching own-domain result in top results (checked 2x),Google Maps
SA/Kenya/UAE Hotels,Norfolkden Beachhouse,,+27 72 620 3898,,4.4,17,Unknown,https://www.google.com/maps/place/Norfolkden+Beachhouse/data=!4m10!3m9!1s0x1dce0bd3e0818a89:0x9ec42aeef9f40668!5m2!4m1!1i2!8m2!3d-34.4073927!4d19.2757676!16s%2Fg%2F1pp2vbrpj!19sChIJiYqB4NMLzh0RaAb0-e4qxJ4?authuser=0&hl=en&rclk=1,43,Warm,none,no matching own-domain result in top results (checked 2x),Google Maps
Kenya Real Estate,Idime Real Estate Ltd,,+254 710 823436,"Sterling Hse building, 2nd floor Moi Ave",4.2,11,Unknown,https://www.google.com/maps/place/Idime+Real+Estate+Ltd/data=!4m7!3m6!1s0x18401321e3c85ac9:0x95a38fff1851d96!8m2!3d-4.0611713!4d39.6618369!16s%2Fg%2F12hw4x5y8!19sChIJyVrI4yETQBgRlh2F8f84Wgk?authuser=0&hl=en&rclk=1,43,Warm,none,no matching own-domain result in top results (checked 2x),Google Maps
Kenya Real Estate,GraceLink Properties,,+254 727 875462,"NYALI CENTER 1ST FLR, LINKS RD NYALI",4.1,16,Unknown,https://www.google.com/maps/place/GraceLink+Properties/data=!4m7!3m6!1s0x184012f7d223f543:0x1506cc85f4b3d7d0!8m2!3d-4.048788!4d39.692547!16s%2Fg%2F11d_8c4tlq!19sChIJQ_Uj0vcSQBgR0Nez9IXMBhU?authuser=0&hl=en&rclk=1,43,Warm,none,no matching own-domain result in top results (checked 2x),Google Maps
Kenya Real Estate,CARINA IDEAL HOMES MOMBASA AND NAIROBI,,+254 700 452351,,4.2,5,Unknown,https://www.google.com/maps/place/CARINA+IDEAL+HOMES+MOMBASA+AND+NAIROBI/data=!4m7!3m6!1s0x18400d41e455ea31:0x974c65208e0c54f4!8m2!3d-3.9999232!4d39.7156197!16s%2Fg%2F11lcbfmkk7!19sChIJMepV5EENQBgR9FQMjiBlTJc?authuser=0&hl=en&rclk=1,43,Warm,none,no matching own-domain result in top results (checked 2x),Google Maps
Bangalore Dental Clinics,Laser Dental Health Centre,,+91 98450 17219,"560071, 34-38, 1st Main Rd",4.3,6,No,https://www.google.com/maps/place/Laser+Dental+Health+Centre/data=!4m7!3m6!1s0x3bae14198058705b:0x10467e8eae379a5a!8m2!3d12.960464!4d77.6360126!16s%2Fg%2F11fz9yvk3f!19sChIJW3BYgBkUrjsRWpo3ro5-RhA?authuser=0&hl=en&rclk=1,38,Cold,none,no matching own-domain result in top results (checked 2x),Google Maps
Bangalore Dental Clinics,Practice Of Aesthetic Dentistry & Endodontics,,+91 98450 27015,"638, 11th Main Rd",5.0,3,Unknown,https://www.google.com/maps/place/Practice+Of+Aesthetic+Dentistry+%26+Endodontics/data=!4m7!3m6!1s0x3bae16a832a175e1:0x8ab1e3568c0f6147!8m2!3d12.9706974!4d77.645106!16s%2Fg%2F1tfvrdbn!19sChIJ4XWhMqgWrjsRR2EPjFbjsYo?authuser=0&hl=en&rclk=1,38,Cold,none,no matching own-domain result in top results (checked 2x),Google Maps
Bangalore Dental Clinics,Millenium Dentistry,,+91 98440 25322,"3155/A, 11th Main Road, Ammani Apartment, Diag, opp. to ESI Hospital Indiranagar",4.3,6,No,https://www.google.com/maps/place/Millenium+Dentistry/data=!4m7!3m6!1s0x3bae16a0b9f36527:0x40c431aa9fbb4979!8m2!3d12.9702472!4d77.6356326!16s%2Fg%2F11gf05d9x5!19sChIJJ2XzuaAWrjsReUm7n6oxxEA?authuser=0&hl=en&rclk=1,38,Cold,none,no matching own-domain result in top results (checked 2x),Google Maps
Coorg/Wayanad/Ooty Resorts,the coorg silveroak estate homestay,,+91 91485 17954,,4.0,20,No,https://www.google.com/maps/place/the+coorg+silveroak+estate+homestay/data=!4m10!3m9!1s0x3ba50073eea9d26f:0xb0329c54ad71b065!5m2!4m1!1i2!8m2!3d12.430054!4d75.741876!16s%2Fg%2F11f4wt5s8x!19sChIJb9Kp7nMApTsRZbBxrVScMrA?authuser=0&hl=en&rclk=1,38,Cold,none,no matching own-domain result in top results (checked 2x),Google Maps
Coorg/Wayanad/Ooty Resorts,Viharana Spa and Resorts,,+91 94424 04788,,5.0,2,Unknown,https://www.google.com/maps/place/Viharana+Spa+and+Resorts/data=!4m10!3m9!1s0x3ba8bd2fd81df4b9:0x88076830c5569654!5m2!4m1!1i2!8m2!3d11.4691186!4d76.6985442!16s%2Fg%2F11w9q2g6qs!19sChIJufQd2C-9qDsRVJZWxTBoB4g?authuser=0&hl=en&rclk=1,38,Cold,none,no matching own-domain result in top results (checked 2x),Google Maps
SA/Kenya/UAE Hotels,329 on 30th Avenue Guesthouse,,+27 72 387 3249,,5.0,1,Unknown,https://www.google.com/maps/place/329+on+30th+Avenue+Guesthouse/data=!4m10!3m9!1s0x1ebfdf255d7d4f99:0xc410a9c0aeee955d!5m2!4m1!1i2!8m2!3d-25.723144!4d28.2359073!16s%2Fg%2F11nj0wb09p!19sChIJmU99XSXfvx4RXZXursCpEMQ?authuser=0&hl=en&rclk=1,38,Cold,none,no matching own-domain result in top results (checked 2x),Google Maps
SA/Kenya/UAE Hotels,Tuis en Tevrede,,+27 83 299 2931,,4.8,4,Unknown,https://www.google.com/maps/place/Tuis+en+Tevrede/data=!4m10!3m9!1s0x1dce0b26185658d7:0xf0213bc349a7f4aa!5m2!4m1!1i2!8m2!3d-34.4087303!4d19.2622487!16s%2Fg%2F11x2b6gtkk!19sChIJ11hWGCYLzh0RqvSnScM7IfA?authuser=0&hl=en&rclk=1,38,Cold,none,no matching own-domain result in top results (checked 2x),Google Maps
SA/Kenya/UAE Hotels,Gregoire Hotel (Front Entrance),,+27 28 312 2285,,4.2,6,No,https://www.google.com/maps/place/Gregoire+Hotel+%28Front+Entrance%29/data=!4m10!3m9!1s0x1dce0bb1e315e215:0x6d1f48e5a7dfd438!5m2!4m1!1i2!8m2!3d-34.413322!4d19.2478439!16s%2Fg%2F11csp77zjk!19sChIJFeIV47ELzh0RONTfp-VIH20?authuser=0&hl=en&rclk=1,38,Cold,none,no matching own-domain result in top results (checked 2x),Google Maps
SA/Kenya/UAE Hotels,Fenns Cozy Apartments,,+254 740 832671,,5.0,3,Unknown,https://www.google.com/maps/place/Fenns+Cozy+Apartments/data=!4m10!3m9!1s0x18400d544e9af3c7:0x2b40ba09f948a6a6!5m2!4m1!1i2!8m2!3d-4.0211124!4d39.7266335!16s%2Fg%2F11x0h2jvh1!19sChIJx_OaTlQNQBgRpqZI-Qm6QCs?authuser=0&hl=en&rclk=1,38,Cold,none,no matching own-domain result in top results (checked 2x),Google Maps
Kenya Real Estate,Mombasa Airbnb Nyali/Diani/Malindi/(Kenya),,+254 799 809638,,5.0,2,Unknown,https://www.google.com/maps/place/Mombasa+Airbnb+Nyali%2FDiani%2FMalindi%2F%28Kenya%29/data=!4m7!3m6!1s0x184013dfb65dafe7:0x8a1ad3c28a07569d!8m2!3d-4.0506255!4d39.6971841!16s%2Fg%2F11y_qklh19!19sChIJ569dtt8TQBgRnVYHisLTGoo?authuser=0&hl=en&rclk=1,38,Cold,none,no matching own-domain result in top results (checked 2x),Google Maps
Kenya Real Estate,Lefrancs Homes,,+254 710 999156,"Mombasa, Nyali",5.0,1,Unknown,https://www.google.com/maps/place/Lefrancs+Homes/data=!4m7!3m6!1s0x18400f1c01d45dbb:0x8c433edecc48fe7!8m2!3d-4.021923!4d39.725713!16s%2Fg%2F11g2xsv7s7!19sChIJu13UARwPQBgR54_E7O0zxAg?authuser=0&hl=en&rclk=1,38,Cold,none,no matching own-domain result in top results (checked 2x),Google Maps
Kenya Real Estate,UDEL REAL ESTATE LTD,,+254 717 266919,Off Mahesh Doshi Road,5.0,1,Unknown,https://www.google.com/maps/place/UDEL+REAL+ESTATE+LTD/data=!4m7!3m6!1s0x18400df16b2f25e9:0x5460728c38c2bcff!8m2!3d-4.0097531!4d39.7238501!16s%2Fg%2F11hcw4ch4d!19sChIJ6SUva_ENQBgR_7zCOIxyYFQ?authuser=0&hl=en&rclk=1,38,Cold,none,search failed: Request timed out: ConnectTimeout('timed out') (checked 2x),Google Maps
Kenya Real Estate,Mwanasal vacay homes,,+254 727 379246,,5.0,3,Unknown,https://www.google.com/maps/place/Mwanasal+vacay+homes/data=!4m7!3m6!1s0x18400d79acf3ed0f:0xe7db17b19104b613!8m2!3d-4.0006585!4d39.706548!16s%2Fg%2F11t86ml4fy!19sChIJD-3zrHkNQBgRE7YEkbEX2-c?authuser=0&hl=en&rclk=1,38,Cold,none,no matching own-domain result in top results (checked 2x),Google Maps
Kenya Real Estate,NorthCoast Homes Developers Limited,,+254 728 636550,Mama Ken House: Mombasa-Malindi Highway,5.0,3,Unknown,https://www.google.com/maps/place/NorthCoast+Homes+Developers+Limited/data=!4m7!3m6!1s0x1840097f3e5bee3d:0x2b3103935c5169bb!8m2!3d-3.9434294!4d39.7446964!16s%2Fg%2F11mvng4jsn!19sChIJPe5bPn8JQBgRu2lRXJMDMSs?authuser=0&hl=en&rclk=1,38,Cold,none,no matching own-domain result in top results (checked 2x),Google Maps
Kenya Real Estate,Bulimo Kisumu Nyumba Pap Real Estate company.,,+254 791 582961,"Carwash, migosi next to world vision",5.0,2,Unknown,https://www.google.com/maps/place/Bulimo+Kisumu+Nyumba+Pap+Real+Estate+company./data=!4m7!3m6!1s0x182aa364190bd031:0xf830a98746ef17ce!8m2!3d-0.0779172!4d34.7868273!16s%2Fg%2F11y_y1z_8t!19sChIJMdALGWSjKhgRzhfvRoepMPg?authuser=0&hl=en&rclk=1,38,Cold,none,no matching own-domain result in top results (checked 2x),Google Maps
Kenya Real Estate,Posh Prime Properties Limited,,+254 711 591692,"Along Oginga Odinga street,Centre Court building opposite Prime bank, 3rdfloor",5.0,3,Unknown,https://www.google.com/maps/place/Posh+Prime+Properties+Limited/data=!4m7!3m6!1s0x182aa57873f43d33:0x9db24bab1f26b5b1!8m2!3d-0.0996718!4d34.75066!16s%2Fg%2F11rsqpz7th!19sChIJMz30c3ilKhgRsbUmH6tLsp0?authuser=0&hl=en&rclk=1,38,Cold,none,no matching own-domain result in top results (checked 2x),Google Maps
Kenya Real Estate,Marwa executive Airbnb,,+254 796 526093,Makase housing by lapfund,5.0,1,Unknown,https://www.google.com/maps/place/Marwa+executive+Airbnb/data=!4m7!3m6!1s0x182aa5e59fb3881d:0x8e86682c89aedff2!8m2!3d-0.1042525!4d34.7698111!16s%2Fg%2F11zcv3j7np!19sChIJHYizn-WlKhgR8t-uiSxoho4?authuser=0&hl=en&rclk=1,38,Cold,none,no matching own-domain result in top results (checked 2x),Google Maps
Kenya Real Estate,Dee's Airbnb,,+254 720 814218,,5.0,2,Unknown,https://www.google.com/maps/place/Dee%27s+Airbnb/data=!4m7!3m6!1s0x182aa30017ed7757:0xe8f19a300638abc9!8m2!3d-0.0634875!4d34.7790781!16s%2Fg%2F11zdd2vyrg!19sChIJV3ftFwCjKhgRyas4BjCa8eg?authuser=0&hl=en&rclk=1,38,Cold,none,no matching own-domain result in top results (checked 2x),Google Maps
Kenya Real Estate,Msanii Hostel booking Agencies,,+254 794 340238,Maseno university,5.0,1,Unknown,https://www.google.com/maps/place/Msanii+Hostel+booking+Agencies/data=!4m7!3m6!1s0x182aa5fc773c5ab1:0x334e167b7c991528!8m2!3d-0.0917016!4d34.7679568!16s%2Fg%2F11nqzm7wnn!19sChIJsVo8d_ylKhgRKBWZfHsWTjM?authuser=0&hl=en&rclk=1,38,Cold,none,no matching own-domain result in top results (checked 2x),Google Maps
Kenya Real Estate,Makasembo 2 bedroomed Stay near Mega City Mall Kisumu – Kisumu,,+254 732 741827,"Ondiek Highway, Opposite Kisumu Day secondary",5.0,2,Unknown,https://www.google.com/maps/place/Makasembo+2+bedroomed+Stay+near+Mega+City+Mall+Kisumu+%E2%80%93+Kisumu/data=!4m7!3m6!1s0x182aa56851c0e8f7:0xbd13a8c2dd470862!8m2!3d-0.1022134!4d34.7684845!16s%2Fg%2F11z755kbzb!19sChIJ9-jAUWilKhgRYghH3cKoE70?authuser=0&hl=en&rclk=1,38,Cold,none,no matching own-domain result in top results (checked 2x),Google Maps
Kenya Real Estate,Arwaki Lakeside Homes,,+254 718 115037,,5.0,2,Unknown,https://www.google.com/maps/place/Arwaki+Lakeside+Homes/data=!4m7!3m6!1s0x182aa54fafac8bc1:0xbf194940f4f8dc0c!8m2!3d-0.1089191!4d34.7519019!16s%2Fg%2F11z7n3d5yf!19sChIJwYusr0-lKhgRDNz49EBJGb8?authuser=0&hl=en&rclk=1,38,Cold,none,no matching own-domain result in top results (checked 2x),Google Maps
Kenya Real Estate,Odongo Kabita & Co. Valuers,,+254 719 108267,"Kibabii Street, Kisumu",4.5,2,Unknown,https://www.google.com/maps/place/Odongo+Kabita+%26+Co.+Valuers/data=!4m7!3m6!1s0x182aa53f00733263:0x2a18557d9504ad86!8m2!3d-0.1036817!4d34.7560612!16s%2Fg%2F11lgczz3h2!19sChIJYzJzAD-lKhgRhq0ElX1VGCo?authuser=0&hl=en&rclk=1,38,Cold,none,no matching own-domain result in top results (checked 2x),Google Maps
Bangalore Dental Clinics,D M Krishna's Dental Care,,+91 99867 78251,"50, 16th Main Rd, Next to Singh Saab Restaurant",5.0,3,No,https://www.google.com/maps/place/D+M+Krishna%27s+Dental+Care/data=!4m7!3m6!1s0x3bae153cd8e7faef:0x7a1155686d8b1492!8m2!3d12.9661144!4d77.6417862!16s%2Fg%2F11g0gbgxpx!19sChIJ7_rn2DwVrjsRkhSLbWhVEXo?authuser=0&hl=en&rclk=1,33,Cold,none,no matching own-domain result in top results (checked 2x),Google Maps
SA/Kenya/UAE Hotels,23 Whitaker BnB,,+27 73 485 2940,,2.7,10,Unknown,https://www.google.com/maps/place/23+Whitaker+BnB/data=!4m10!3m9!1s0x1e950f067f138347:0x17bb97bfebeb116f!5m2!4m1!1i2!8m2!3d-26.2036135!4d28.0853184!16s%2Fg%2F11vl2jgw_k!19sChIJR4MTfwYPlR4RbxHr67-Xuxc?authuser=0&hl=en&rclk=1,33,Cold,none,no matching own-domain result in top results (checked 2x),Google Maps
Kenya Real Estate,Eureka Homes Ltd,,+254 727 614313,"WMQC+PP4, G. P. O Mombasa Digo Rd",3.5,8,No,https://www.google.com/maps/place/Eureka+Homes+Ltd/data=!4m7!3m6!1s0x184013201838a285:0x5d73502963107477!8m2!3d-4.0607566!4d39.6718336!16s%2Fg%2F11h01mpgx!19sChIJhaI4GCATQBgRd3QQYylQc10?authuser=0&hl=en&rclk=1,33,Cold,none,no matching own-domain result in top results (checked 2x),Google Maps
Kenya Real Estate,Arkaan Properties,,+254 718 763704,"Nkurumah Road ,SECURITY LN NSSF BLD,11TH FLOOR , SUITE NO 32",3.9,7,No,https://www.google.com/maps/place/Arkaan+Properties/data=!4m7!3m6!1s0x1840131f2f40f589:0x5c64bd67dd3aa479!8m2!3d-4.0636073!4d39.6733155!16s%2Fg%2F11b7q86w43!19sChIJifVALx8TQBgReaQ63We9ZFw?authuser=0&hl=en&rclk=1,33,Cold,none,no matching own-domain result in top results (checked 2x),Google Maps
Kenya Real Estate,Tazama Real Estate Agents,,+254 700 303113,"XMFP+8JR, Barsheba, MSA, Old Malindi Rd",5.0,1,No,https://www.google.com/maps/place/Tazama+Real+Estate+Agents/data=!4m7!3m6!1s0x18400d7d8af09115:0xb5ad4be2c451a8cb!8m2!3d-4.0266413!4d39.6865094!16s%2Fg%2F1pycx2__3!19sChIJFZHwin0NQBgRy6hRxOJLrbU?authuser=0&hl=en&rclk=1,33,Cold,none,no matching own-domain result in top results (checked 2x),Google Maps
Kenya Real Estate,Amo Properties,,+254 713 312828,"Opposite Salvation Army near Mewa Hospital, WMX7+454",2.4,7,Unknown,https://www.google.com/maps/place/Amo+Properties/data=!4m7!3m6!1s0x184012d00f24fb1d:0xe9d48a0215b4b19d!8m2!3d-4.0522478!4d39.6629471!16s%2Fg%2F11h031vsn!19sChIJHfskD9ASQBgRnbG0FQKK1Ok?authuser=0&hl=en&rclk=1,33,Cold,none,no matching own-domain result in top results (checked 2x),Google Maps
Kenya Real Estate,Spectrum Homes,,+254 724 066947,"bustani close, Road",3.3,6,Unknown,https://www.google.com/maps/place/Spectrum+Homes/data=!4m7!3m6!1s0x18401272ad560bfd:0xffb5045f557774a5!8m2!3d-4.0327107!4d39.7136968!16s%2Fg%2F11gds3y0vc!19sChIJ_QtWrXISQBgRpXR3VV8Etf8?authuser=0&hl=en&rclk=1,33,Cold,none,no matching own-domain result in top results (checked 2x),Google Maps
Kenya Real Estate,Juspur Properties,,+254 712 953391,123 Kizingo,5.0,1,No,https://www.google.com/maps/place/Juspur+Properties/data=!4m7!3m6!1s0x1840135e8bb60a91:0xb869b180f120fe4a!8m2!3d-4.0685047!4d39.6789977!16s%2Fg%2F11jncs2h3y!19sChIJkQq2i14TQBgRSv4g8YCxabg?authuser=0&hl=en&rclk=1,33,Cold,none,no matching own-domain result in top results (checked 2x),Google Maps
Kenya Real Estate,Al Huda Enterprises Ltd,,+254 720 438806,Majengo Nyerere Ave Palli Hse,2.7,6,Unknown,https://www.google.com/maps/place/Al+Huda+Enterprises+Ltd/data=!4m7!3m6!1s0x1840138d3ea5e2ef:0xdb46c0f58c2997d5!8m2!3d-4.0652588!4d39.6709901!16s%2Fg%2F11hflhpdfn!19sChIJ7-KlPo0TQBgR1ZcpjPXARts?authuser=0&hl=en&rclk=1,33,Cold,none,no matching own-domain result in top results (checked 2x),Google Maps
Kenya Real Estate,NileOT Acres,,+254 727 142339,Off Aga Khan Road 9315 KE,4.3,3,Unknown,https://www.google.com/maps/place/NileOT+Acres/data=!4m7!3m6!1s0x182aa5130f25b3f7:0x1978032af00a2346!8m2!3d-0.1121714!4d34.7643196!16s%2Fg%2F11r_gpbylx!19sChIJ97MlDxOlKhgRRiMK8CoDeBk?authuser=0&hl=en&rclk=1,33,Cold,none,no matching own-domain result in top results (checked 2x),Google Maps
SA/Kenya/UAE Hotels,Modern Charm For Gourmets,,+27834420044,113 1st Avenue,0.0,0,Unknown,,28,Cold,directory_or_aggregator,no matching own-domain result in top results (checked 2x),OpenStreetMap
SA/Kenya/UAE Hotels,Seaside Hermanus Guest Room,,+27 83 980 4915,,3.4,11,No,https://www.google.com/maps/place/Seaside+Hermanus+Guest+Room/data=!4m10!3m9!1s0x1dce0a4d6a3e1fd5:0xf42fead5960392f2!5m2!4m1!1i2!8m2!3d-34.4053673!4d19.2486484!16s%2Fg%2F11f4wtdtp2!19sChIJ1R8-ak0Kzh0R8pIDltXqL_Q?authuser=0&hl=en&rclk=1,28,Cold,none,no matching own-domain result in top results (checked 2x),Google Maps
SA/Kenya/UAE Hotels,Oswald Resort,,+254 729 649007,,4.0,1,No,https://www.google.com/maps/place/Oswald+Resort/data=!4m10!3m9!1s0x1840126e027de3b7:0xabc8097352b8d562!5m2!4m1!1i2!8m2!3d-4.033555!4d39.708082!16s%2Fg%2F11lzj_w2tv!19sChIJt-N9Am4SQBgRYtW4UnMJyKs?authuser=0&hl=en&rclk=1,28,Cold,none,no matching own-domain result in top results (checked 2x),Google Maps
Kenya Real Estate,SWAYP MOMBASA,,+254 733 877089,"XPJF+2G6, 3rd Ave",4.0,4,No,https://www.google.com/maps/place/SWAYP+MOMBASA/data=!4m7!3m6!1s0x18400dc731f10db9:0x65208396b1ce659!8m2!3d-4.0199731!4d39.7237502!16s%2Fg%2F11vsd41fw6!19sChIJuQ3xMccNQBgRWeYcazkIUgY?authuser=0&hl=en&rclk=1,28,Cold,none,no matching own-domain result in top results (checked 2x),Google Maps
Kenya Real Estate,Kisumu Real Estates,,+254 57 202778,1 Kibos Rd,4.0,1,No,https://www.google.com/maps/place/Kisumu+Real+Estates/data=!4m7!3m6!1s0x182aa388e53a7ec5:0x1c123ac1a80bb5e5!8m2!3d-0.0829652!4d34.7775944!16s%2Fg%2F1v387lqy!19sChIJxX465YijKhgR5bULqME6Ehw?authuser=0&hl=en&rclk=1,28,Cold,none,no matching own-domain result in top results (checked 2x),Google Maps
Kenya Real Estate,Pambo Investment Auctioneers,,+254 721 544702,Tombo Estate Kisumu - Busia Rd,3.0,7,No,https://www.google.com/maps/place/Pambo+Investment+Auctioneers/data=!4m7!3m6!1s0x182aa445c451aef3:0xf2f1bb1aee3bfcf8!8m2!3d-0.0811874!4d34.7428306!16s%2Fg%2F1tht4066!19sChIJ865RxEWkKhgR-Pw77hq78fI?authuser=0&hl=en&rclk=1,28,Cold,none,no matching own-domain result in top results (checked 2x),Google Maps
Kenya Real Estate,KARMUSE APARTMENTS,,+254 723 275345,WQ6R+GQ6,4.0,1,No,https://www.google.com/maps/place/KARMUSE+APARTMENTS/data=!4m7!3m6!1s0x182aa300773d5ea7:0x4e21e04483b2a7fb!8m2!3d-0.0887167!4d34.79189!16s%2Fg%2F11yb_2pcrb!19sChIJp149dwCjKhgR-6eyg0TgIU4?authuser=0&hl=en&rclk=1,28,Cold,none,no matching own-domain result in top results (checked 2x),Google Maps
Kenya Real Estate,REAL SPACE HOMES - MAIN,,+254 732 888985,"WPGW+HWJ, Ken-Nyagudi Rd,",4.0,1,No,https://www.google.com/maps/place/REAL+SPACE+HOMES+WS/data=!4m7!3m6!1s0x182aa5b49041ab27:0x2b2ec1f329e2dde3!8m2!3d-0.0660698!4d34.7523707!16s%2Fg%2F11s_n9bfb7!19sChIJJ6tBkLSlKhgR493iKfPBLis?authuser=0&hl=en&rclk=1,28,Cold,none,no matching own-domain result in top results (checked 2x),Google Maps
Kenya Real Estate,Odusi Consultants,,+254 721 519215,Kondele West Side Opposite Kasanova Hotel,3.7,3,Unknown,https://www.google.com/maps/place/Odusi+Consultants/data=!4m7!3m6!1s0x182aa38853d5a8c3:0x2261d33f308dba4a!8m2!3d-0.0826362!4d34.7749986!16s%2Fg%2F1q62gzpdn!19sChIJw6jVU4ijKhgRSrqNMD_TYSI?authuser=0&hl=en&rclk=1,28,Cold,none,no matching own-domain result in top results (checked 2x),Google Maps
Bangalore Dental Clinics,KDC Dental Clinic,,+918296879540,BR plaza SR Layout Main Road Bengaluru,0.0,0,Unknown,,23,Cold,none,no matching own-domain result in top results (checked 2x),OpenStreetMap
Coorg/Wayanad/Ooty Resorts,Rest Inn Home Stay,,+91 9449254990,Beeruga Road Kurchi Village,0.0,0,Unknown,,23,Cold,none,no matching own-domain result in top results (checked 2x),OpenStreetMap
Coorg/Wayanad/Ooty Resorts,Templetree Homestay,,00918274244270,77 Devagundi Estate,0.0,0,Unknown,,23,Cold,none,no matching own-domain result in top results (checked 2x),OpenStreetMap
Coorg/Wayanad/Ooty Resorts,Igloo Residency,,+91 97452 00055,,0.0,0,Unknown,,23,Cold,none,no matching own-domain result in top results (checked 2x),OpenStreetMap
Coorg/Wayanad/Ooty Resorts,Grass Roots,,+91- 8884733500,Koilery Kunnu via Pinangode Pozhuthana Pozhuthana,0.0,0,Unknown,,23,Cold,none,no matching own-domain result in top results (checked 2x),OpenStreetMap
Gulf Restaurants,Frankie's,,+971 2 654 3238,أبو ظبي,0.0,0,Unknown,,23,Cold,none,no matching own-domain result in top results (checked 2x),OpenStreetMap
Gulf Restaurants,BiancoRosso,,+971 2 658 4244,,0.0,0,Unknown,,23,Cold,none,no matching own-domain result in top results (checked 2x),OpenStreetMap
Gulf Restaurants,HanKang,,+971 50 424 7720,Khalifa bin Shakhbout Street أبو ظبي,0.0,0,Unknown,,23,Cold,none,no matching own-domain result in top results (checked 2x),OpenStreetMap
Gulf Restaurants,Rock Bottom Cafe,,+97126787700,Al Meena Street,0.0,0,Unknown,,23,Cold,none,no matching own-domain result in top results (checked 2x),OpenStreetMap
Gulf Restaurants,Hankook Korean Restaurant,,+971 2 6423399,Hazaa Bin Zayed The First Street,0.0,0,Unknown,,23,Cold,none,no matching own-domain result in top results (checked 2x),OpenStreetMap
Gulf Restaurants,Olive Branch,,+1 971 2 6595436,,0.0,0,Unknown,,23,Cold,none,no matching own-domain result in top results (checked 2x),OpenStreetMap
Gulf Restaurants,Bait El Khetyar,,026333200,,0.0,0,Unknown,,23,Cold,none,no matching own-domain result in top results (checked 2x),OpenStreetMap
Gulf Restaurants,Lila Cafe,,+971 4 4543064,TECOM SECTION C دبي,0.0,0,Unknown,,23,Cold,none,no matching own-domain result in top results (checked 2x),OpenStreetMap
Gulf Restaurants,Hey Pesto,,04-4257982,Building 1 Emaar Square دبي,0.0,0,Unknown,,23,Cold,none,no matching own-domain result in top results (checked 2x),OpenStreetMap
Gulf Restaurants,Bhavna,,+971 4 353 0707,28 25C Street دبي,0.0,0,Unknown,,23,Cold,none,no matching own-domain result in top results (checked 2x),OpenStreetMap
Gulf Restaurants,Il Porto Italian Restaurant & Sushi Bar,,+973 2 635 9957,أبو ظبي,0.0,0,Unknown,,23,Cold,none,no matching own-domain result in top results (checked 2x),OpenStreetMap
Gulf Restaurants,Ahl Almandi,,042574448,,0.0,0,Unknown,,23,Cold,none,no matching own-domain result in top results (checked 2x),OpenStreetMap
Gulf Restaurants,Sofra bld,,+971 2 509 8888,أبو ظبي,0.0,0,Unknown,,23,Cold,none,no matching own-domain result in top results (checked 2x),OpenStreetMap
Gulf Restaurants,Murad Zahi Restaurant,,+971 7 2331160,P.O. Box: 3005 Ras al Khaimah,0.0,0,Unknown,,23,Cold,none,no matching own-domain result in top results (checked 2x),OpenStreetMap
Gulf Restaurants,Shikara Restaurant,,+966112305333,طريق الملك فهد,0.0,0,Unknown,,23,Cold,none,no matching own-domain result in top results (checked 2x),OpenStreetMap
Gulf Restaurants,La Piazza,,+966114543300,Riyadh,0.0,0,Unknown,,23,Cold,none,no matching own-domain result in top results (checked 2x),OpenStreetMap
Gulf Restaurants,Koreana,,+966126604769,,0.0,0,Unknown,,23,Cold,none,no matching own-domain result in top results (checked 2x),OpenStreetMap
Gulf Restaurants,Royal Plaza,,+966126709205,,0.0,0,Unknown,,23,Cold,none,no matching own-domain result in top results (checked 2x),OpenStreetMap
Gulf Restaurants,China Villa,,+966535593951;+966112419099;+966544719777,,0.0,0,Unknown,,23,Cold,none,no matching own-domain result in top results (checked 2x),OpenStreetMap
Gulf Restaurants,Al Shami Home,,+974 44501117,Salwa Road Doha,0.0,0,Unknown,,23,Cold,none,no matching own-domain result in top results (checked 2x),OpenStreetMap
Gulf Restaurants,Asia Live!,,+974 4429 8472,,0.0,0,Unknown,,23,Cold,none,no matching own-domain result in top results (checked 2x),OpenStreetMap
Gulf Restaurants,Casa Paco,,+974 5573 6839,Porto Arabia Drive,0.0,0,Unknown,,23,Cold,none,no matching own-domain result in top results (checked 2x),OpenStreetMap
Gulf Restaurants,Belgium Café,,+974 4484 4919,"Street 900, Bldg. No. 25, Zone 61, Doha, Qatar Doha",0.0,0,Unknown,,23,Cold,none,no matching own-domain result in top results (checked 2x),OpenStreetMap
Gulf Restaurants,Taj Rasoi,,+974 4429 8470,,0.0,0,Unknown,,23,Cold,none,no matching own-domain result in top results (checked 2x),OpenStreetMap
Gulf Restaurants,Corniche,,+974 4429 8404,,0.0,0,Unknown,,23,Cold,none,no matching own-domain result in top results (checked 2x),OpenStreetMap
SA/Kenya/UAE Hotels,Johannesburger Hotel,,+27 117253753,,0.0,0,Unknown,,23,Cold,none,no matching own-domain result in top results (checked 2x),OpenStreetMap
SA/Kenya/UAE Hotels,Rand Inn Hotel,,+27 11 336 2735; +27 11 336 2702,,0.0,0,Unknown,,23,Cold,none,no matching own-domain result in top results (checked 2x),OpenStreetMap
SA/Kenya/UAE Hotels,Tudhope Loge Hotel,,+27 11480153,,0.0,0,Unknown,,23,Cold,none,no matching own-domain result in top results (checked 2x),OpenStreetMap
SA/Kenya/UAE Hotels,Radisson Blu Sandton,,+27 11 245 8000,Daisy Street Johannesburg,0.0,0,Unknown,,23,Cold,none,no matching own-domain result in top results (checked 2x),OpenStreetMap
SA/Kenya/UAE Hotels,The Maple Village Guest Lodge,,+27116095204,22 Ferdinand Avenue,0.0,0,Unknown,,23,Cold,none,no matching own-domain result in top results (checked 2x),OpenStreetMap
SA/Kenya/UAE Hotels,Greenfire Lodge Johannesburg,,+27 118881160,25 Alida Street,0.0,0,Unknown,,23,Cold,none,no matching own-domain result in top results (checked 2x),OpenStreetMap
SA/Kenya/UAE Hotels,Jubella Cottage,,+27 73 477 5961,77 Catherine Road,0.0,0,Unknown,,23,Cold,none,no matching own-domain result in top results (checked 2x),OpenStreetMap
SA/Kenya/UAE Hotels,12 Decades Art Hotel,,+27 10 410 5460,286 Fox Street,0.0,0,Unknown,,23,Cold,none,no matching own-domain result in top results (checked 2x),OpenStreetMap
SA/Kenya/UAE Hotels,Fontana Inn,,+27 117253980,,0.0,0,Unknown,,23,Cold,none,no matching own-domain result in top results (checked 2x),OpenStreetMap
SA/Kenya/UAE Hotels,Hyatt Regency Johannesburg,,+27 11 280 1234,"191 Oxford Road Rosebank, Johannesburg",0.0,0,Unknown,,23,Cold,none,no matching own-domain result in top results (checked 2x),OpenStreetMap
SA/Kenya/UAE Hotels,Bergzicht,,+27 21 4238513,,0.0,0,Unknown,,23,Cold,none,no matching own-domain result in top results (checked 2x),OpenStreetMap
SA/Kenya/UAE Hotels,1 on Queens,,+27 21 4220004,,0.0,0,Unknown,,23,Cold,none,no matching own-domain result in top results (checked 2x),OpenStreetMap
SA/Kenya/UAE Hotels,The Glam Hotel,,+27214241006,40 Burg Street,0.0,0,Unknown,,23,Cold,none,search failed: Request timed out: ConnectTimeout('timed out') (checked 2x),OpenStreetMap
SA/Kenya/UAE Hotels,St. Paul's,,+27214234420,182 Breë Street,0.0,0,Unknown,,23,Cold,none,no matching own-domain result in top results (checked 2x),OpenStreetMap
SA/Kenya/UAE Hotels,Radisson Blu Hotel Waterfront,,+27 21 441 3000,Beach Road Granger Bay Cape Town,0.0,0,Unknown,,23,Cold,none,no matching own-domain result in top results (checked 2x),OpenStreetMap
SA/Kenya/UAE Hotels,Kloof Bed & Breakfast,,+27 82 923 3730,570 Rutgers Street Moreleta Park Pretoria,0.0,0,Unknown,,23,Cold,none,no matching own-domain result in top results (checked 2x),OpenStreetMap
SA/Kenya/UAE Hotels,MiCasa SuCasa Manor,,+27 79 854 6709,858 Justice Mahomed Street Pretoria,0.0,0,Unknown,,23,Cold,none,no matching own-domain result in top results (checked 2x),OpenStreetMap
SA/Kenya/UAE Hotels,Aloe House,,+27 28 3131191,53,0.0,0,Unknown,,23,Cold,none,no matching own-domain result in top results (checked 2x),OpenStreetMap
SA/Kenya/UAE Hotels,Jakasa Guesthouse,,+27283121349,213 Main Road,0.0,0,Unknown,,23,Cold,none,no matching own-domain result in top results (checked 2x),OpenStreetMap
SA/Kenya/UAE Hotels,Ganjoni Wananchi Hotel,,+254 41 2313685,Archbishop Makarios Road Mombasa,0.0,0,Unknown,,23,Cold,none,no matching own-domain result in top results (checked 2x),OpenStreetMap
Nigeria Hair Salons,Bigtimers Barbershop,,+2348065694857,Road 1,0.0,0,Unknown,,23,Cold,none,no matching own-domain result in top results (checked 2x),OpenStreetMap
Kenya Real Estate,Agape Management Agents,,+254 20 2040675,"KNA Bldg, Kondele, Kenyatta Ave Bank St",1.0,1,Unknown,https://www.google.com/maps/place/Agape+Management+Agents/data=!4m7!3m6!1s0x182aa5e913900737:0x267d4550aed2416c!8m2!3d-0.106654!4d34.752829!16s%2Fg%2F11j6b20_62!19sChIJNweQE-mlKhgRbEHSrlBFfSY?authuser=0&hl=en&rclk=1,23,Cold,none,no matching own-domain result in top results (checked 2x),Google Maps
SA/Kenya/UAE Hotels,Signature Group Hotel,,+27 69 509 2147,,3.0,2,No,https://www.google.com/maps/place/Signature+Group+Hotel/data=!4m10!3m9!1s0x1e950c316d39fd63:0xbc4d32c430d7c160!5m2!4m1!1i2!8m2!3d-26.1811256!4d28.0581601!16s%2Fg%2F11t28c6v4v!19sChIJY_05bTEMlR4RYMHXMMQyTbw?authuser=0&hl=en&rclk=1,18,Cold,none,no matching own-domain result in top results (checked 2x),Google Maps
Kenya Real Estate,ABK Real State Agency,,+254 734 071115,795 Oginga Odinga Rd,3.0,1,No,https://www.google.com/maps/place/ABK+Real+State+Agency/data=!4m7!3m6!1s0x182aa494ea9c2ea9:0x6cff5d390a8af7c1!8m2!3d-0.1046436!4d34.7533742!16s%2Fg%2F1q2w2mg87!19sChIJqS6c6pSkKhgRwfeKCjld_2w?authuser=0&hl=en&rclk=1,18,Cold,none,no matching own-domain result in top results (checked 2x),Google Maps
Kenya Real Estate,Property Agent,,+254 721 759884,"Kisumu ICU Building next to Kenya Power, Oginga Odinga Street. Oginga Odinga Rd",2.0,1,No,https://www.google.com/maps/place/Property+Agent/data=!4m7!3m6!1s0x182aa494c15d91af:0x9b1c37785b3ec6e5!8m2!3d-0.1049011!4d34.7527653!16s%2Fg%2F1vp1793j!19sChIJr5FdwZSkKhgR5cY-W3g3HJs?authuser=0&hl=en&rclk=1,18,Cold,none,no matching own-domain result in top results (checked 2x),Google Maps
